feature,importance
you,0.029635280919206104
business,0.02485001569773305
mobile,0.02320712212792343
social,0.022777473547668393
customer,0.021281147026844045
management,0.021261533456721847
platform,0.020889572192790407
data,0.02066929722138693
message,0.01997165778319843
information,0.019718744034149378
of,0.018001351746168816
with,0.015886059540705245
your,0.0158599990598626
storage,0.01572168517867634
system,0.015625218423471875
this,0.015180136355616596
json,0.015073067292469322
engagement,0.014806838484720171
tool,0.014083779317566705
device,0.014074227110803871
shipping,0.013718703885698567
communication,0.012315026554475451
campaign,0.011984122188122328
more,0.011953087657327085
event,0.011898693252331467
sm,0.011641809915500985
credit,0.01163500567904383
create,0.01161636743883171
community,0.01139440438536409
by,0.011234952152406259
our,0.011222447862740337
online,0.011073300658425309
developer,0.011024075196240228
time,0.010975640977448494
response,0.010915646877385436
bank,0.010909600379595716
manages,0.01079405244057403
document,0.010679099120105152
provides,0.010353452649985226
from,0.010240433602499148
currency,0.010075209296629844
application,0.009995838035638607
user,0.009814318759229779
offer,0.0096892046650409
format,0.009655282051048148
service,0.009629405601740337
search,0.009524423498461653
provider,0.009457158851789209
price,0.00930672379059141
api provides,0.009182277969730375
request,0.009175988553763463
feature,0.009098281251902686
xml,0.00871309309071634
integration,0.008618479578963483
rest,0.00850827589599674
all,0.00848179063662609
government,0.008452415543627185
web,0.008206835068473549
over,0.008170340341945321
implement,0.008099661402008648
up,0.00806191279048997
capability,0.007993853428870394
account,0.007944326561534092
are,0.007898656919892328
that,0.007871281206701605
be,0.007768984173442815
integrate,0.00762724193471256
chat,0.007620763749366366
tv,0.007582518450780474
handle,0.007518664894097165
support,0.007461292482192244
analysis,0.00741691614660456
office,0.007396666445756456
return,0.007354683200802164
json format,0.007347470427647461
contact,0.007323206047008654
key,0.007264469414181344
science,0.007194284665276735
other,0.007129004469688664
api manages,0.00699078249994437
ticket,0.006941631775195797
world,0.006848550561806659
real,0.006821892527029241
authentication,0.006748942794736663
loan,0.006672233099174429
allows user,0.006670687440300321
allows,0.006669290773032898
us,0.00662412332819585
industry,0.006617419003301853
open,0.006606989285008869
solution,0.006434561153913662
networking,0.00636672717769936
messaging,0.00629072121769339
address,0.006273051770699141
access,0.006270896461901424
cloud,0.00622548207545062
for,0.005984749603111143
including,0.005860729242530706
can be,0.005839263981529182
social networking,0.005836919504003069
liveperson,0.005828432282380712
experience,0.005823819998049298
real time,0.005801041033920439
that allows,0.005773691780200069
networking with,0.005747153483991192
financial,0.005741643308434381
we,0.00570143928177061
can,0.005644850206561255
build,0.005616171736687872
tracking,0.005496507603357719
dashboard,0.005452560565533509
functionality,0.005389850929716816
api allows,0.005384760864066585
through,0.005334781490950989
record,0.005324174045067421
response json,0.0052832056482336855
platform that,0.005266786423457858
it,0.0051801457936745884
purpose,0.005166815102489705
return response,0.0050727616918687345
software,0.005057838903274128
route,0.005046635124748587
their,0.005045164142776246
across,0.005007105195389605
soap,0.004907881199376583
enables,0.0048375424890180745
development,0.004794079866317599
delivery,0.0047794615703492015
id,0.004735694718478283
mapping,0.004651786765656807
comprehensive,0.004631245974119375
function,0.004577329316819695
make,0.004556444107699343
commerce,0.004536798327591579
method,0.004534815904179325
com,0.004424572247731211
website,0.004383545712813403
allows developer,0.004377328195441322
number,0.004363208017655041
internet,0.004349006942667279
content,0.004322565543961803
life,0.004321410146666943
verification,0.00426470738293242
need,0.004259677928924241
restful,0.004237539630988421
card,0.004236825298547631
researcher,0.004216971730105542
non,0.0041839859673044625
team,0.00415894338923747
not,0.004136492618903189
pricing,0.004112799584579346
one,0.004111949637868143
if,0.004102191403936164
mail,0.004070572764045627
such,0.004057240295372636
historical,0.004052831937347016
optimization,0.004045333100257252
get,0.003978808872938973
iot,0.003960051420451223
using,0.003909271261007627
web service,0.0038229384207511714
oauth,0.003801075721812859
used,0.003792236852035099
call,0.0037887663222053937
pdf,0.003766376597824625
api offer,0.0037651441603387585
party,0.003746056783846313
professional,0.0037443172667433124
use,0.0037391797663306582
includes,0.003704548634973564
delivers,0.0037030040345360964
identity,0.003676460693788174
crm,0.003660416557601001
is platform,0.0036472215366702065
api key,0.0036264848338862423
country,0.003622735174616538
find,0.00355053332770694
collaborate,0.0035478508263918195
this api,0.0035411254077911164
available,0.003529609253711054
sending,0.0035193168884742913
uk,0.003499529169909972
category,0.0034980844519470183
local,0.003479648715630176
marketing,0.0034793170088992524
coupon,0.0034702949060281397
range,0.00345236824878559
manage,0.0034474760860934007
enterprise,0.0034421695507843198
consumer,0.003426123723344415
provider of,0.003398020905687552
history,0.0033840664256607478
major,0.0033812830154079944
range of,0.0033472533035997305
formatted,0.003345857473052277
searching,0.003331493179433876
end,0.0033149497456824045
balance,0.0033132009919833927
html,0.0032897120007491457
digital,0.0032882594988536563
validation,0.0032586870358434737
have,0.0032425437941586547
restful api,0.0032409165127344573
third party,0.003236429096571083
area,0.0032349506815002645
retrieve,0.00322900513371629
planning,0.003207751778057006
based,0.003200856125444092
easier,0.003181007021419313
third,0.003175752734076046
connection,0.003172638996028757
public,0.00316350549723049
infrastructure,0.0031523769837389095
xml json,0.0031391263213286277
profile,0.0030992563727086867
is online,0.003096779911296246
building,0.0030852355418460793
process,0.003079228094987901
for mobile,0.0030782979047483724
provides access,0.003059153009570915
application development,0.0030484591610550897
api is,0.003036374378861338
work,0.003029228338175754
facilitate,0.003022540320272836
logistics,0.0030046194631492547
is provider,0.003003230790663905
demographic,0.0029866659804542715
text,0.002974324301226842
transcript,0.0029736589990286898
solution that,0.002966143867710007
management with,0.0029615596455519278
api implement,0.0029467938935118544
advance,0.002938014829361893
identification,0.0029177098776344197
singapore,0.002906969020039991
is,0.002905455700290843
transport,0.0028968778205702363
direct,0.0028821179576927853
site,0.002869214539880019
requirement,0.0028646620556920317
you need,0.002855393062709372
login,0.002847892773803238
customer by,0.002834772778174105
number of,0.0028302326732869976
api return,0.002825813546511922
participation,0.002824627891353445
everyone,0.0028096609649202785
api us,0.0027935044421659385
tax,0.0027890527920063674
capture,0.0027805368027903087
table,0.002777717485368223
than,0.0027728803549113895
individual,0.002765888772643517
any,0.0027565117035758925
formatted xml,0.0027487165102369794
set,0.0027357310566231145
purpose of,0.00273151520109388
keywords,0.002716983329086221
csv,0.0027167201209005263
protocol,0.002707197808633591
apis,0.002702262474334436
rest call,0.0026460499342329975
more than,0.002618785911189442
form,0.002613593875666856
service that,0.002607180008854004
sensor,0.0025866204256975948
data api,0.0025817381527135468
developer integrate,0.0025803867717229044
year,0.0025770242853456696
all over,0.0025756745558498184
sends,0.002573182723888728
per,0.002561387587110394
involvement,0.00255721671062621
postcode,0.0025558525094174197
user search,0.002543872635016649
geo,0.0025428804385613565
allow,0.0025311533372280883
general,0.0025262229141694197
over world,0.0025201393128398506
simple,0.0025139974084163698
institution,0.002509790471374546
it allows,0.002504606616741631
within,0.002502422798862595
tool for,0.0024902048048136747
complex,0.0024698302273791603
county,0.002468684613564399
system with,0.0024601895127962558
mobile device,0.0024592742973080957
rpc,0.0024527687032221642
required with,0.0024525957886168187
private,0.0024447352472544977
data of,0.0024406563962182967
if you,0.002414490440548844
of real,0.002411615890630985
speed,0.0024098337361827577
documentation,0.0024079113896393507
advanced,0.002402434616381846
account is,0.00239870801078248
out,0.002398230519061298
management service,0.002393655259817928
with service,0.002393380359055903
mobile application,0.002390182038591473
efficiency,0.0023900656267717667
capability for,0.002386327826258407
different,0.0023832082899338833
wallet,0.00237935869857891
rest api,0.0023547598023249796
mission,0.0023164615540766553
delete,0.002303916648359344
beacon,0.002299660222930685
filtering,0.0022959330018710354
anywhere,0.0022958402083212816
us rest,0.002288478277657144
sent,0.002281316016040038
storing,0.0022706349329316565
smart,0.00227022747762078
them,0.0022674992374031432
api sends,0.0022586201529957634
tablet,0.0022560920782528217
main,0.002252109263559829
computer,0.0022290236416694816
total,0.002221545387780638
service provider,0.002221047286198416
copy,0.002204703752898235
is required,0.002201996413057971
other application,0.002201478768282572
distribute,0.002199260792140168
of customer,0.0021981442379222474
join,0.0021966251202029143
be used,0.0021962976125599267
functionality of,0.0021959526964910906
sends request,0.002191507558596895
include,0.0021807170141265914
is mobile,0.002169448351796915
offering,0.002165367395579615
do,0.00216166892190028
required,0.002159677977607758
accept,0.0021505825881794256
of business,0.002140489884828176
district,0.002139781681380771
your application,0.002136285455350245
api access,0.0021318186873191965
application for,0.0021258891883142016
management of,0.002125780924278467
brand,0.0021241892050229087
for searching,0.002116451433934422
data with,0.002114575336187633
others,0.0021085867377660605
responds,0.0020982746520104003
credit card,0.002096340497721934
documentation is,0.0020942393735994304
design,0.00209038473546851
created,0.0020899573476793366
group,0.002089759172715543
when,0.002088818174910921
authority,0.002084470503169108
interested,0.00208417217073663
time communication,0.002082891144926586
is not,0.002066277609780598
access integrate,0.0020603938516383694
responds json,0.0020537383334873443
control,0.002052833690198216
from all,0.002050806220891573
developer access,0.002046554525338284
application that,0.002015825311390089
activity,0.0020137562816856095
public documentation,0.0020094227293595947
coding,0.001994141264386787
inventory,0.001992678161139797
method support,0.0019848637360738147
saas,0.0019807992033610403
api,0.0019659821213778694
contribute,0.001964186972638188
supported,0.0019640441467792674
xml rpc,0.0019629912100222256
rest soap,0.0019622384331897664
interested developer,0.0019598056306528973
list,0.0019415690532103285
api responds,0.0019289007805397033
storage service,0.0019164489945155555
record of,0.0019105677003958227
service it,0.0018975908258075606
response can,0.0018948402371796664
developer should,0.0018926493951843147
synchronization,0.0018871450775910631
our api,0.0018861062356879655
not available,0.0018860510248800016
service api,0.001884864415512122
combine,0.0018830762312133894
should,0.0018815385462248346
request return,0.0018799087895795133
cloud based,0.0018762020716030648
integrate functionality,0.0018644907861092882
social platform,0.0018607980092209266
also,0.0018604934411406851
is information,0.0018509501607708286
mining,0.0018489779480283053
construction,0.0018345482053668516
covering,0.0018236273758725436
statement,0.0018078782428449327
grade,0.0018053934463383237
with other,0.0018014445935857282
provided,0.001798218070313566
with this,0.0017980754092231088
this includes,0.0017925335511191902
should contact,0.0017812056750707806
provided by,0.0017802541945572987
sample,0.001773847347725212
unit,0.0017597978902530705
existing,0.0017514029126372906
user create,0.0017497991924199324
php,0.0017486200760464532
key is,0.0017411418363856874
information system,0.0017363708600496171
love,0.0017319696001916558
consume,0.0017298418190578792
bulk,0.0017268149472442571
that facilitate,0.0017199629802718405
recipient,0.001708488942710154
capability with,0.0017083583326062352
ssl,0.0017030706382840566
own,0.0016906300906430888
for authentication,0.0016885705760027257
proximus,0.0016758901917515933
mobile web,0.001654172820362793
basic,0.001653290515670744
smartphones,0.0016505299353436755
of any,0.0016485825811326932
additionally,0.001643099986236418
customer service,0.0016418269841437954
be formatted,0.001635149236478021
explorer,0.0016345127519018065
information it,0.0016321782366744849
potential,0.0016308624654247214
service us,0.0016208666345078728
authorized,0.0016202171088325601
for api,0.001617740733003817
available interested,0.001617221736407595
authenticated,0.0015895618774729916
classification,0.0015786889951274036
specification,0.0015744763379563328
received,0.0015722409847742475
data integration,0.0015657256181854692
api method,0.0015616922726181793
is provided,0.0015517094215732317
used for,0.0015511497850419535
sdks,0.0015317559257286553
by business,0.0015273261581297915
friendly,0.0015154712874494122
either,0.0015135415066980299
json csv,0.0014878904973975012
method also,0.00148698637096935
system data,0.001484538419632845
separate,0.0014818411103850989
broad,0.001479291166160942
find out,0.0014778562216816915
allow you,0.001477162204596296
information service,0.001476226297286213
open up,0.0014751390797841759
engagement of,0.0014729787461857978
government data,0.0014582038999973305
that enables,0.0014534608658401402
ma,0.0014506138602660714
sm api,0.0014302730530457092
spend,0.0014291342036036455
existing application,0.0014279644910308946
header,0.0014275305508920455
displaying,0.001410321277561897
of message,0.0013892718846699188
enables user,0.001372667808977261
whole,0.0013698897236076543
communication solution,0.0013529539837020938
reading,0.0013520915116823086
soap xml,0.001349283855783533
integrated,0.0013486602264207199
service you,0.0013466975812341652
service provides,0.001341275464458212
be sent,0.0013389155751466714
you retrieve,0.0013303113772882072
python,0.0013299563864807317
application can,0.0013260919396536333
applicable,0.0013212785271287453
online mobile,0.0013129641843777186
signal,0.0013127116499492138
request is,0.0013062253209714827
refill,0.0013060347555220442
do not,0.0013022081967560678
than country,0.0012893826685704856
json allows,0.00128414097373797
identification engagement,0.00128106877344994
service user,0.0012761435463586727
liveperson is,0.0012756731520004688
with comprehensive,0.001272503366884717
developer with,0.0012707027670683998
enables developer,0.001270646825635846
speed up,0.0012696101035926987
with application,0.0012661194145431192
category of,0.0012609878684124028
access historical,0.0012607807826824258
allowing,0.0012520337511059806
facilitate identification,0.0012486790284621948
user friendly,0.0012484040215999335
financial institution,0.0012242641325648292
you have,0.0012224014647366586
ruby,0.0012170332944472662
one api,0.0012155975669314561
up your,0.001215577838773905
single,0.0012007994482758119
your own,0.0011940300766958615
business service,0.0011816330218884852
user api,0.0011767181402505629
are used,0.0011682931686026648
also support,0.0011628204370171368
cleansing,0.001159504147859931
it function,0.0011588395411037643
loan advance,0.0011543669896258036
this platform,0.001150993688661105
validated,0.0011320826403671208
moment,0.0011284251911576864
contact for,0.001127267327910053
targeted,0.0011060760395447968
flexible,0.0010968175323343712
application developer,0.0010893755769301923
data capture,0.0010754826875166864
robust,0.0010628824987658366
maintain,0.0010596886341969146
api service,0.0010567193047700402
develops,0.001052798882811693
your customer,0.0010443599407561662
themed,0.0010423147083330135
text messaging,0.0010418860263287616
for address,0.0010402860460378993
for office,0.0010361974465998127
non bank,0.0010325695575798966
api this,0.0010077469444893577
seller,0.0010062141473893053
one time,0.0010058545195254624
manufacturing,0.001005710126315473
integrated with,0.001004273017179175
are user,0.0009990785333192401
this system,0.000997189118789891
least,0.0009903641933711967
royal,0.0009850461682207109
more from,0.0009836206885805473
provider offering,0.0009760199478897478
broad range,0.0009756671600521302
defined,0.0009714506983322986
for your,0.0009710522862530425
breakdown,0.0009639318894994673
functionality includes,0.0009568963444750303
control of,0.000956119944504926
yearly,0.0009529116282566404
pass,0.0009465968617181634
address data,0.0009458411544701716
platform application,0.0009456776406482333
with range,0.0009403872171527459
search across,0.0009285247208332215
exclusive,0.0009262469248516305
online platform,0.0009229703595580815
bank customer,0.0009192057016385382
html pdf,0.0009160330217677525
sophisticated,0.0009146063938857568
account api,0.0009101099452556398
function for,0.0009075885186089483
enough,0.0009053200190691749
shipping solution,0.0009053042502832413
timing,0.0009050251787656765
group of,0.000902780186541535
storage api,0.0008999722976096016
enterprise grade,0.0008947197039419694
message with,0.0008940086249861995
need be,0.0008934701479518336
offer enterprise,0.00089250945320171
online service,0.0008900755576923966
by user,0.0008819858986502558
business liveperson,0.000880200344779475
route planning,0.0008683028790573316
marketing campaign,0.000865511752275907
breakdown of,0.0008470026738765458
event information,0.0008346673019829911
platform enables,0.0008269791963855304
specification of,0.0008239033201749579
extended,0.0008155775340388228
germany,0.0008151937958196584
eur,0.000811194056353326
individual business,0.0008062770531267163
their information,0.0008050142459868478
of loan,0.0007935001327773712
their event,0.0007915923348361581
summarizes,0.0007911615805226812
message can,0.0007808488747626695
service more,0.000774959749501699
support management,0.000766454117903754
user json,0.0007627128031622888
assigned,0.000761372017344898
aggregated,0.0007602950352371011
be authenticated,0.0007563194338285828
allows data,0.0007502403607174138
of non,0.0007495476476601248
application is,0.000745629077274513
ma table,0.0007339280717415787
their their,0.000721332014092522
defining,0.0007146084270110449
provides basic,0.0007091911799834999
event for,0.0006969510399728101
promotional,0.000694436596105265
data their,0.0006928260554714727
user accept,0.0006906571960050632
contact list,0.0006843290330641028
application software,0.0006820512573014679
management function,0.000676084860545984
ruby python,0.0006720161479749287
evolution,0.0006700862448829598
service other,0.0006637959799948067
provides can,0.0006515508596921556
protocol including,0.0006334238316414559
other their,0.0006254252483885218
from information,0.0006175632056255856
use data,0.0006157651719272496
event from,0.0006150625308176509
shipping capability,0.0006122675644188552
price are,0.0006076560869363448
information other,0.0006030659015602105
information are,0.0006003632128835207
allows allows,0.000585440432185667
can allows,0.0005807751024154506
python php,0.0005794706204638301
developer their,0.0005785037101322301
we have,0.00057115964654913
from provides,0.0005707937692426847
provider based,0.0005517160726538245
solution handle,0.0005502590518247482
support specification,0.0005492711053304105
message content,0.0005355453614771041
platform mobile,0.0005344379356513773
function allow,0.000531579970352176
loan api,0.0005075336597959759
allows request,0.0005037515022022853
of contact,0.0005015662060762737
ultimate,0.00048790671898802924
website can,0.0004851103133753532
allows provides,0.0004816991820098985
campaign management,0.0004769132265910869
data event,0.00047441969353718955
sm text,0.0004486433666893424
of messaging,0.00041897512639431486
website developer,0.0004165983810563416
are online,0.00040700410313142824
from create,0.0003993979409154527
singapore is,0.000398087411452743
message delivery,0.00037958894003678885
more more,0.00034692298904643036
internet data,0.0003450490629699403
api event,0.0003440274464648593
developer device,0.0003432742811628414
platform more,0.00033038733971593704
mobile can,0.0002704002881319313
project information,0.0
project management,0.0
project of,0.0
provides event,0.0
manual,0.0
manner,0.0
project is,0.0
provides feature,0.0
project from,0.0
provides exchange,0.0
project service,0.0
provides file,0.0
project for,0.0
provides for,0.0
provides format,0.0
provides free,0.0
project developer,0.0
market analysis,0.0
provided with,0.0
manually,0.0
project task,0.0
mark,0.0
provides delivery,0.0
promote,0.0
provides detailed,0.0
marker,0.0
provides developer,0.0
provides digital,0.0
provides direct,0.0
many,0.0
provides easy,0.0
projection,0.0
provides email,0.0
market,0.0
projected,0.0
provides end,0.0
project user,0.0
project that,0.0
provides endpoint,0.0
project application,0.0
manufacturer,0.0
manipulation of,0.0
project api,0.0
programmatically api,0.0
provides integrate,0.0
programmatically access,0.0
manipulating,0.0
provides interactive,0.0
provides interface,0.0
programmatically,0.0
programmatic access,0.0
market price,0.0
manipulate,0.0
provides into,0.0
provides is,0.0
programmatic,0.0
programmable,0.0
program that,0.0
program for,0.0
provides it,0.0
program api,0.0
program,0.0
provides json,0.0
profit organization,0.0
profit,0.0
provides infrastructure,0.0
provides information,0.0
project,0.0
provides image,0.0
many aspect,0.0
provides from,0.0
manipulation,0.0
provides full,0.0
market data,0.0
provides function,0.0
progress,0.0
provides functionality,0.0
programming language,0.0
provides global,0.0
programming interface,0.0
provides high,0.0
programming,0.0
market information,0.0
market is,0.0
programmer,0.0
provides hosted,0.0
programmed,0.0
programmatically via,0.0
programmatically using,0.0
provides http,0.0
promotes,0.0
provides customer,0.0
provides database,0.0
protocol connect,0.0
map for,0.0
map data,0.0
provider service,0.0
protocol help,0.0
map with,0.0
provider such,0.0
provider that,0.0
map can,0.0
protocol for,0.0
provider their,0.0
protocol response,0.0
protocol available,0.0
protocol api,0.0
provider whose,0.0
mapbox,0.0
protein sequence,0.0
protein,0.0
provider with,0.0
protection with,0.0
map api,0.0
provider information,0.0
provider for,0.0
protection,0.0
profile of,0.0
provided solely,0.0
provided for,0.0
map of,0.0
map location,0.0
map tile,0.0
provide user,0.0
provide service,0.0
provide real,0.0
provide developer,0.0
provider access,0.0
map image,0.0
provide access,0.0
provide,0.0
prototype,0.0
protocol with,0.0
provider api,0.0
provider can,0.0
protocol wa,0.0
protocol that,0.0
protocol return,0.0
map,0.0
provides ability,0.0
provides data,0.0
provides complete,0.0
provides automated,0.0
provides available,0.0
provides bulk,0.0
property data,0.0
provides business,0.0
provides by,0.0
property api,0.0
provides cloud,0.0
property,0.0
proof,0.0
provides are,0.0
provides comprehensive,0.0
provides content,0.0
many different,0.0
provides cost,0.0
promotion,0.0
provides create,0.0
promoting,0.0
map service,0.0
provides customizable,0.0
property for,0.0
provides application,0.0
protected,0.0
many feature,0.0
many other,0.0
many of,0.0
protect,0.0
mapping application,0.0
provides account,0.0
provides all,0.0
provides allows,0.0
prospective,0.0
mapping platform,0.0
prospect,0.0
provides apis,0.0
provides analytics,0.0
provides api,0.0
mapping service,0.0
propublica,0.0
proprietary,0.0
property management,0.0
mapquest,0.0
property listing,0.0
marine,0.0
provide data,0.0
mondo,0.0
marketer,0.0
policy,0.0
poi,0.0
point,0.0
point of,0.0
maximum,0.0
matter,0.0
pokmon,0.0
polish,0.0
profile for,0.0
political,0.0
politics,0.0
poll,0.0
matrix,0.0
polling,0.0
polygon,0.0
may,0.0
po daac,0.0
po,0.0
png,0.0
pm,0.0
plytix,0.0
may access,0.0
plus,0.0
plugins,0.0
plugin,0.0
plug in,0.0
plug,0.0
may also,0.0
may be,0.0
plo,0.0
plivo,0.0
may include,0.0
polysync,0.0
polysync provides,0.0
polysync with,0.0
portuguese,0.0
post put,0.0
post pay,0.0
post method,0.0
post get,0.0
post call,0.0
post,0.0
possible for,0.0
possible,0.0
possibility,0.0
positioning,0.0
position,0.0
match day,0.0
portuguese site,0.0
portuguese internet,0.0
match tournament,0.0
pool,0.0
portugal,0.0
portfolio of,0.0
portfolio feature,0.0
matched,0.0
matching,0.0
portfolio,0.0
material,0.0
portal for,0.0
portal featuring,0.0
portal,0.0
port,0.0
population,0.0
popularity,0.0
popular,0.0
mb,0.0
plex,0.0
please,0.0
platform feature,0.0
platform it,0.0
platform is,0.0
mean that,0.0
meaning,0.0
platform into,0.0
platform integrate,0.0
meaningful,0.0
platform information,0.0
platform including,0.0
platform image,0.0
platform functionality,0.0
platform from,0.0
platform for,0.0
platform focused,0.0
platform device,0.0
platform of,0.0
platform developer,0.0
platform designed,0.0
platform data,0.0
platform create,0.0
platform content,0.0
platform can,0.0
platform build,0.0
platform based,0.0
meant,0.0
platform available,0.0
platform are,0.0
platform api,0.0
platform allows,0.0
platform account,0.0
platform json,0.0
platform offer,0.0
playlist,0.0
platform which,0.0
playing,0.0
player team,0.0
player stats,0.0
player statistic,0.0
player profile,0.0
player player,0.0
player is,0.0
player game,0.0
player api,0.0
player,0.0
played,0.0
playback,0.0
play,0.0
platform with,0.0
platform where,0.0
platform other,0.0
platform web,0.0
platform using,0.0
platform user,0.0
platform us,0.0
platform this,0.0
me,0.0
me is,0.0
platform their,0.0
mean,0.0
platform such,0.0
platform service,0.0
platform rest,0.0
platform provides,0.0
platform platform,0.0
post request,0.0
postal,0.0
postal address,0.0
printing service,0.0
pro,0.0
privately,0.0
marketing platform,0.0
private cloud,0.0
private beta,0.0
private api,0.0
marketing service,0.0
marketing software,0.0
privacy,0.0
pristine,0.0
priority,0.0
prior,0.0
marketing solution,0.0
printout,0.0
printing,0.0
probability timeline,0.0
printer,0.0
printed,0.0
print,0.0
marketing tool,0.0
principle,0.0
principal,0.0
marketo,0.0
primary feed,0.0
primary,0.0
primarily,0.0
marketplace,0.0
price other,0.0
price of,0.0
price information,0.0
provides large,0.0
problem,0.0
price from,0.0
product are,0.0
marketing api,0.0
marketing application,0.0
productivity,0.0
production,0.0
product their,0.0
product that,0.0
product service,0.0
product portfolio,0.0
product is,0.0
marketing automation,0.0
product information,0.0
product image,0.0
product data,0.0
product category,0.0
product api,0.0
problem which,0.0
product,0.0
producer,0.0
produced,0.0
produce,0.0
procurement,0.0
processing service,0.0
processing of,0.0
processing apis,0.0
processing,0.0
processed,0.0
process payment,0.0
process of,0.0
marketing email,0.0
procedure,0.0
price high,0.0
price for,0.0
postal code,0.0
practice management,0.0
preferred access,0.0
preferred,0.0
mashups,0.0
preference,0.0
predictive analytics,0.0
mass,0.0
predictive,0.0
prediction,0.0
predict,0.0
massive,0.0
predefined,0.0
precision,0.0
precise,0.0
pre,0.0
practice,0.0
premier,0.0
powerful,0.0
powered by,0.0
powered,0.0
power of,0.0
power,0.0
potentially,0.0
master,0.0
posting,0.0
poster,0.0
posted,0.0
postcode lookup,0.0
mastercard,0.0
match,0.0
postcard,0.0
preferred format,0.0
mashup,0.0
price exchange,0.0
prevent,0.0
marketplace for,0.0
price eod,0.0
price data,0.0
markup,0.0
price comparison,0.0
price api,0.0
price adjusted,0.0
price additional,0.0
markup language,0.0
previously,0.0
previous,0.0
mash,0.0
preview,0.0
prevention,0.0
pressure,0.0
premier league,0.0
pressjack,0.0
press,0.0
preservation,0.0
presented,0.0
presentation,0.0
mashape,0.0
present,0.0
presence of,0.0
presence,0.0
prescription,0.0
prescribed,0.0
prepaid,0.0
premium,0.0
premise,0.0
probability,0.0
provides support,0.0
provides list,0.0
make model,0.0
request api,0.0
request all,0.0
reputation,0.0
republic,0.0
make it,0.0
represents,0.0
representing,0.0
represented,0.0
representative,0.0
representation of,0.0
representation,0.0
represent,0.0
repository of,0.0
repository for,0.0
repository api,0.0
request can,0.0
repository,0.0
reporting with,0.0
reporting tool,0.0
reporting service,0.0
reporting function,0.0
reporting data,0.0
make payment,0.0
reporting api,0.0
reporting,0.0
reporter,0.0
reported,0.0
report with,0.0
report from,0.0
report for,0.0
request are,0.0
request data,0.0
report,0.0
request this,0.0
requirement delivers,0.0
maintenance,0.0
required for,0.0
required authenticate,0.0
majority,0.0
require api,0.0
majority of,0.0
require,0.0
make api,0.0
requesting,0.0
requested,0.0
make available,0.0
request with,0.0
request uri,0.0
make call,0.0
request for,0.0
request their,0.0
request that,0.0
make data,0.0
request retrieve,0.0
request response,0.0
request receive,0.0
request provides,0.0
request per,0.0
request over,0.0
request must,0.0
request method,0.0
request json,0.0
request information,0.0
request http,0.0
report api,0.0
reply,0.0
manage access,0.0
registration is,0.0
relating,0.0
related service,0.0
related live,0.0
related information,0.0
related function,0.0
related data,0.0
related,0.0
regulatory,0.0
regulation,0.0
regularly,0.0
regular,0.0
registry of,0.0
registry,0.0
registration pay,0.0
registration,0.0
relational,0.0
registrar,0.0
registrant,0.0
registering,0.0
registered user,0.0
registered,0.0
register with,0.0
making,0.0
register their,0.0
making call,0.0
making it,0.0
making them,0.0
mambu,0.0
register for,0.0
register,0.0
relation,0.0
relational database,0.0
rental,0.0
remarkable,0.0
rent,0.0
renewal,0.0
renewable energy,0.0
renewable,0.0
rendering,0.0
render,0.0
make request,0.0
removing,0.0
remove,0.0
removal,0.0
remotely,0.0
remote api,0.0
remote,0.0
reminder,0.0
remain,0.0
relationship,0.0
reliable,0.0
make them,0.0
reliability,0.0
relevant,0.0
make use,0.0
relevance,0.0
released after,0.0
released,0.0
release end,0.0
release,0.0
relative,0.0
maker,0.0
relationship management,0.0
relationship between,0.0
requires,0.0
requires api,0.0
requires user,0.0
rest platform,0.0
restful apis,0.0
machine,0.0
machine learning,0.0
restaurant,0.0
machine readable,0.0
rest user,0.0
rest that,0.0
made,0.0
rest service,0.0
rest search,0.0
rest rest,0.0
rest provides,0.0
made available,0.0
rest protocol,0.0
rest of,0.0
restful call,0.0
rest json,0.0
made by,0.0
rest javascript,0.0
rest is,0.0
maestro,0.0
rest interface,0.0
rest from,0.0
rest format,0.0
rest developer,0.0
rest data,0.0
magazine,0.0
rest can,0.0
magic,0.0
rest based,0.0
mac,0.0
restful interface,0.0
requiring,0.0
result based,0.0
lowest,0.0
retail,0.0
resulting,0.0
result xml,0.0
result with,0.0
result that,0.0
result schedule,0.0
result of,0.0
loyalty,0.0
result json,0.0
result is,0.0
result from,0.0
result for,0.0
result can,0.0
ltd,0.0
lyric,0.0
result are,0.0
result,0.0
restriction,0.0
luxury,0.0
ly,0.0
restricted,0.0
restful web,0.0
restful us,0.0
restful soap,0.0
restful service,0.0
restful return,0.0
ly is,0.0
restful protocol,0.0
restful method,0.0
rest authentication,0.0
rest are,0.0
rest architecture,0.0
resolution,0.0
respectively,0.0
resource that,0.0
resource such,0.0
resource of,0.0
maintained,0.0
resource management,0.0
resource including,0.0
resource include,0.0
resource for,0.0
resource api,0.0
resource,0.0
resort,0.0
resolver,0.0
resolve,0.0
resizing,0.0
rest application,0.0
resize,0.0
residential,0.0
resident,0.0
reserve,0.0
reservation,0.0
resellers,0.0
reseller,0.0
resell,0.0
maintained by,0.0
maintaining,0.0
research project,0.0
research data,0.0
research,0.0
maintains,0.0
respond,0.0
mainly,0.0
main web,0.0
response api,0.0
magnificent,0.0
rest apis,0.0
maiana,0.0
rest allows,0.0
rest account,0.0
rest access,0.0
maiana is,0.0
mailbox,0.0
mailing,0.0
responsive,0.0
responsible for,0.0
responsible,0.0
response xml,0.0
response type,0.0
response this,0.0
response return,0.0
mailing list,0.0
response may,0.0
main api,0.0
response is,0.0
response include,0.0
response formatted,0.0
response format,0.0
response either,0.0
response developer,0.0
response data,0.0
response code,0.0
main site,0.0
response are,0.0
regional,0.0
region of,0.0
provides listing,0.0
public cloud,0.0
public use,0.0
public transportation,0.0
public transport,0.0
public transit,0.0
management other,0.0
public service,0.0
management platform,0.0
public private,0.0
management provides,0.0
public information,0.0
public health,0.0
management software,0.0
public data,0.0
management solution,0.0
public api,0.0
management offer,0.0
public access,0.0
management system,0.0
proxy,0.0
management that,0.0
management their,0.0
proximus is,0.0
proximus enco,0.0
management tool,0.0
proximity,0.0
provisioning,0.0
management us,0.0
provision,0.0
providing user,0.0
providing access,0.0
publication,0.0
management more,0.0
provides your,0.0
purchased,0.0
px,0.0
pv,0.0
management implement,0.0
management information,0.0
put delete,0.0
put,0.0
pusher,0.0
push notification,0.0
push api,0.0
push,0.0
management integration,0.0
management it,0.0
pure,0.0
purchasing,0.0
purchase,0.0
management management,0.0
pull request,0.0
pull data,0.0
pull,0.0
pubmed,0.0
publishing,0.0
publishes,0.0
publisher developer,0.0
publisher,0.0
published,0.0
publish their,0.0
publish,0.0
publicly available,0.0
publicly accessible,0.0
publicly,0.0
providing,0.0
provides you,0.0
region,0.0
provides order,0.0
managing application,0.0
provides search,0.0
provides restful,0.0
provides rest,0.0
provides resource,0.0
provides real,0.0
provides read,0.0
provides public,0.0
provides provides,0.0
provides protocol,0.0
provides programmatic,0.0
provides platform,0.0
provides payment,0.0
provides other,0.0
provides open,0.0
provides secure,0.0
managing contact,0.0
provides online,0.0
managing data,0.0
managing file,0.0
provides offer,0.0
provides of,0.0
provides more,0.0
provides money,0.0
managing user,0.0
provides mobile,0.0
provides method,0.0
provides mean,0.0
provides location,0.0
provides live,0.0
managing account,0.0
provides security,0.0
provides xml,0.0
provides this,0.0
management user,0.0
provides with,0.0
provides website,0.0
provides web,0.0
provides way,0.0
provides video,0.0
management web,0.0
provides variety,0.0
provides user,0.0
provides unified,0.0
manager,0.0
provides two,0.0
manager api,0.0
provides tool,0.0
provides their,0.0
provides service,0.0
provides that,0.0
measure,0.0
provides summary,0.0
provides suite,0.0
provides solution,0.0
provides software,0.0
provides soap,0.0
provides sm,0.0
provides single,0.0
manages shipping,0.0
managing,0.0
provides simple,0.0
provides several,0.0
provides set,0.0
qr,0.0
qr code,0.0
qualified,0.0
receive json,0.0
recognition technology,0.0
recognition api,0.0
recognition,0.0
manage your,0.0
recharge,0.0
recently,0.0
recent close,0.0
recent,0.0
receiving sm,0.0
receiving,0.0
receives,0.0
receiver,0.0
receive sm,0.0
receive message,0.0
receive,0.0
recognized,0.0
receipt,0.0
reason,0.0
realtime,0.0
reality,0.0
realistic,0.0
real world,0.0
managed,0.0
real estate,0.0
management access,0.0
ready,0.0
reader,0.0
readable,0.0
read write,0.0
read update,0.0
recognize,0.0
manage user,0.0
qualifying,0.0
redbox,0.0
regardless of,0.0
regardless,0.0
regarding,0.0
manage all,0.0
refund,0.0
reflect,0.0
refine,0.0
referred,0.0
referral,0.0
referenced,0.0
reference data,0.0
reference,0.0
refer,0.0
reduce,0.0
red,0.0
recommendation,0.0
recurring payment,0.0
recurring,0.0
recovery,0.0
recording,0.0
manage application,0.0
manage customer,0.0
recorded,0.0
manage share,0.0
record for,0.0
record api,0.0
manage their,0.0
manage track,0.0
reconciliation,0.0
recommended,0.0
read only,0.0
read,0.0
reaction,0.0
management developer,0.0
radio station,0.0
radio,0.0
rackspace cloud,0.0
rackspace,0.0
race,0.0
quote,0.0
quiz,0.0
quickly easily,0.0
management data,0.0
quickly,0.0
quick,0.0
queue,0.0
question,0.0
querying,0.0
query string,0.0
reach,0.0
query language,0.0
management for,0.0
query for,0.0
query data,0.0
query api,0.0
query against,0.0
query,0.0
queried,0.0
quarterly,0.0
quantity,0.0
quality of,0.0
quality assurance,0.0
management from,0.0
quality,0.0
radius,0.0
rail,0.0
railway,0.0
rally,0.0
re,0.0
rdf,0.0
rd party,0.0
rd,0.0
raw data,0.0
raw,0.0
ratio,0.0
management allows,0.0
rating,0.0
rather than,0.0
rather,0.0
management api,0.0
management application,0.0
rate of,0.0
rate for,0.0
rate api,0.0
rate,0.0
raster,0.0
rapidly,0.0
rapid,0.0
ranking,0.0
ranked,0.0
rank,0.0
ranging,0.0
management capability,0.0
management cloud,0.0
management collaboration,0.0
management crm,0.0
random,0.0
platform access,0.0
medium api,0.0
plant,0.0
of existing,0.0
of egnyte,0.0
of email,0.0
of end,0.0
of energy,0.0
of event,0.0
of every,0.0
of fantasy,0.0
million product,0.0
of feature,0.0
of federal,0.0
of file,0.0
of financial,0.0
of format,0.0
of free,0.0
million,0.0
of each,0.0
of drug,0.0
of domain,0.0
of document,0.0
of digital,0.0
of different,0.0
of device,0.0
of developer,0.0
million of,0.0
of detecting,0.0
of detail,0.0
of delivery,0.0
of day,0.0
of datasets,0.0
of database,0.0
of data,0.0
of from,0.0
of function,0.0
of functionality,0.0
of it,0.0
of match,0.0
of marketing,0.0
middleware,0.0
of map,0.0
of location,0.0
might,0.0
of local,0.0
of list,0.0
of library,0.0
of language,0.0
of json,0.0
of javascript,0.0
migration,0.0
of item,0.0
of internet,0.0
of game,0.0
of international,0.0
of interest,0.0
of information,0.0
military,0.0
of industry,0.0
of individual,0.0
of image,0.0
of human,0.0
of http,0.0
of health,0.0
of government,0.0
of google,0.0
of given,0.0
of gene,0.0
of daily,0.0
of custom,0.0
object with,0.0
of account,0.0
odds,0.0
odds solution,0.0
oembed,0.0
minimum,0.0
of access,0.0
of accessing,0.0
of activity,0.0
of current,0.0
of all,0.0
of allows,0.0
of alternative,0.0
minimize,0.0
of api,0.0
of apis,0.0
mining pool,0.0
odata,0.0
oclc,0.0
oceanography,0.0
ocean,0.0
occurrence,0.0
occur,0.0
ocbc bank,0.0
ocbc address,0.0
ocbc,0.0
obtaining,0.0
obtained,0.0
obtain information,0.0
obtain,0.0
observatory,0.0
observation,0.0
objective,0.0
of app,0.0
of application,0.0
of apps,0.0
mine,0.0
of currency,0.0
of credit,0.0
of country,0.0
of content,0.0
mind,0.0
of congress,0.0
of concept,0.0
of company,0.0
of communication,0.0
of coin,0.0
of code,0.0
of cloud,0.0
of client,0.0
of city,0.0
of charge,0.0
of are,0.0
of category,0.0
of card,0.0
of cancer,0.0
of can,0.0
of call,0.0
minecraft,0.0
minimal,0.0
of building,0.0
of both,0.0
of bitcoin,0.0
of biological,0.0
of available,0.0
of audio,0.0
of art,0.0
of medium,0.0
of metadata,0.0
of method,0.0
of thousand,0.0
of them,0.0
of these,0.0
of thing,0.0
method such,0.0
of this,0.0
of those,0.0
of time,0.0
of mobile,0.0
method sportradar,0.0
method service,0.0
of tool,0.0
of topic,0.0
of trading,0.0
method return,0.0
of their,0.0
of that,0.0
of text,0.0
of technology,0.0
of team,0.0
of tax,0.0
method that,0.0
of task,0.0
of system,0.0
method their,0.0
of supported,0.0
of storage,0.0
of stock,0.0
of station,0.0
of state,0.0
of standard,0.0
method user,0.0
of transaction,0.0
of transportation,0.0
of travel,0.0
of world,0.0
offer comprehensive,0.0
offer complete,0.0
offer collection,0.0
offer cloud,0.0
offer can,0.0
offer array,0.0
offer are,0.0
offer api,0.0
offer allows,0.0
offer access,0.0
offer ability,0.0
method other,0.0
off,0.0
of your,0.0
of word,0.0
of two,0.0
of which,0.0
of website,0.0
method provides,0.0
of web,0.0
of washington,0.0
of voice,0.0
of video,0.0
of vehicle,0.0
of various,0.0
of variety,0.0
of user,0.0
of use,0.0
of up,0.0
of united,0.0
of sport,0.0
method web,0.0
of specific,0.0
mid,0.0
of programming,0.0
of program,0.0
of product,0.0
of portuguese,0.0
of polysync,0.0
of player,0.0
of platform,0.0
metropolitan,0.0
of photo,0.0
of people,0.0
of payment,0.0
of parameter,0.0
of over,0.0
microsoft,0.0
of our,0.0
of property,0.0
of other,0.0
of open,0.0
of online,0.0
of one,0.0
of offer,0.0
of ocbc,0.0
of new,0.0
of national,0.0
of music,0.0
middle,0.0
of movie,0.0
of most,0.0
of more,0.0
of money,0.0
of project,0.0
of protein,0.0
of source,0.0
of server,0.0
method with,0.0
of song,0.0
of software,0.0
of social,0.0
metric,0.0
of soap,0.0
of sm,0.0
of site,0.0
of singapore,0.0
of simple,0.0
of several,0.0
of service,0.0
metric api,0.0
metric for,0.0
of security,0.0
of provides,0.0
of search,0.0
of scientific,0.0
of sale,0.0
of revenue,0.0
of result,0.0
of restful,0.0
of rest,0.0
of resource,0.0
of request,0.0
of record,0.0
of recent,0.0
metro,0.0
of query,0.0
of public,0.0
ministry,0.0
object,0.0
offer data,0.0
multiple language,0.0
multi channel,0.0
multimedia,0.0
mobile that,0.0
multiplayer,0.0
multiple,0.0
multiple device,0.0
multiple platform,0.0
movie database,0.0
multiple sequence,0.0
multiple source,0.0
multiple user,0.0
museum,0.0
music,0.0
music api,0.0
multi,0.0
much of,0.0
mobile their,0.0
mobile user,0.0
much more,0.0
much,0.0
mtx,0.0
mtg,0.0
msn com,0.0
msn,0.0
mqtt,0.0
mp,0.0
mod,0.0
mozu,0.0
mozilla,0.0
moving,0.0
movie tv,0.0
music content,0.0
music service,0.0
music video,0.0
name name,0.0
native,0.0
nationwide,0.0
national library,0.0
national,0.0
nation,0.0
nasdaq,0.0
nascar,0.0
nasa is,0.0
nasa,0.0
named,0.0
name service,0.0
name registration,0.0
name provider,0.0
name of,0.0
name for,0.0
musical,0.0
name domain,0.0
name api,0.0
name,0.0
mysql,0.0
my,0.0
mx,0.0
mutual,0.0
must register,0.0
must have,0.0
must contact,0.0
must be,0.0
must,0.0
musician,0.0
musicbrainz,0.0
movie trailer,0.0
movie,0.0
oauth token,0.0
modular,0.0
mogreet,0.0
more all,0.0
more allows,0.0
more api,0.0
more application,0.0
module,0.0
more are,0.0
movement of,0.0
more can,0.0
more data,0.0
more developer,0.0
modify,0.0
more feature,0.0
more for,0.0
more access,0.0
molecular,0.0
mood,0.0
monthly api,0.0
monthly,0.0
month,0.0
monitoring of,0.0
monitoring,0.0
monitored,0.0
monitor,0.0
mongodb,0.0
money movement,0.0
money management,0.0
money by,0.0
money,0.0
monetize their,0.0
monetize,0.0
more information,0.0
modified,0.0
more it,0.0
more website,0.0
movement,0.0
move,0.0
mouse,0.0
mode,0.0
mountain,0.0
most recent,0.0
most popular,0.0
most of,0.0
most common,0.0
most,0.0
model,0.0
model of,0.0
mortgage,0.0
more with,0.0
more using,0.0
more json,0.0
more user,0.0
more this,0.0
more their,0.0
more that,0.0
modeling,0.0
moderation,0.0
more service,0.0
modern,0.0
more search,0.0
modification,0.0
more roanuz,0.0
more provides,0.0
more platform,0.0
more other,0.0
natural,0.0
natural language,0.0
nature,0.0
mobile advertising,0.0
north,0.0
north america,0.0
north american,0.0
norway,0.0
norwegian,0.0
nosql,0.0
mobile ad,0.0
navigation,0.0
not currently,0.0
not only,0.0
not publicly,0.0
not require,0.0
notation,0.0
note,0.0
nonprofit,0.0
non profit,0.0
non commercial,0.0
noise,0.0
node php,0.0
node go,0.0
node,0.0
mobile api,0.0
no authentication,0.0
no,0.0
nix,0.0
nigerian,0.0
nigeria,0.0
nhl,0.0
nh,0.0
nfl,0.0
next generation,0.0
note that,0.0
notebook,0.0
notice,0.0
numerous,0.0
oauth for,0.0
oauth egnyte,0.0
oauth authentication,0.0
minor,0.0
minute,0.0
nz post,0.0
miscellaneous,0.0
missing,0.0
nz,0.0
nyse,0.0
nyc,0.0
ny,0.0
nutritional,0.0
nutrition,0.0
mix,0.0
notification,0.0
number is,0.0
number from,0.0
number for,0.0
number api,0.0
ml,0.0
nudity,0.0
nucleotide,0.0
nse,0.0
mlb,0.0
now,0.0
notify,0.0
mm,0.0
mnubo,0.0
notification of,0.0
next big,0.0
next,0.0
newspaper,0.0
need for,0.0
netflix,0.0
net is,0.0
net,0.0
mobile network,0.0
nest,0.0
neighborhood,0.0
needing,0.0
needed for,0.0
mobile number,0.0
needed,0.0
need with,0.0
mobile operator,0.0
mobile payment,0.0
need of,0.0
mobile phone,0.0
network,0.0
need api,0.0
mobile platform,0.0
mobile service,0.0
necessary,0.0
nearly,0.0
nearest,0.0
nearby,0.0
near real,0.0
near,0.0
ncaa football,0.0
ncaa,0.0
mobile tablet,0.0
nba,0.0
navigator,0.0
netherlands,0.0
mobile messaging,0.0
newsletter,0.0
new application,0.0
news story,0.0
news organization,0.0
news feed,0.0
news coverage,0.0
news content,0.0
mobile app,0.0
news article,0.0
news,0.0
mobile apps,0.0
new zealand,0.0
new york,0.0
new user,0.0
new data,0.0
new customer,0.0
new,0.0
network api,0.0
neutrino api,0.0
neutrino,0.0
neutral,0.0
mobile communication,0.0
mobile data,0.0
mobile developer,0.0
mobile from,0.0
network that,0.0
network service,0.0
mobile is,0.0
network of,0.0
network is,0.0
mobile marketing,0.0
network for,0.0
method of,0.0
offer developer,0.0
planning with,0.0
member of,0.0
membership,0.0
particular,0.0
particularly,0.0
partisan,0.0
partner,0.0
partner api,0.0
partner with,0.0
parameter for,0.0
partnership,0.0
member,0.0
meeting,0.0
party application,0.0
party apps,0.0
party developer,0.0
mendix,0.0
participating,0.0
participate,0.0
participant,0.0
partial,0.0
part of,0.0
part,0.0
parsing,0.0
parsed,0.0
parse,0.0
parliament,0.0
parking,0.0
park,0.0
paris,0.0
parcel,0.0
parameter that,0.0
parameter of,0.0
party site,0.0
party system,0.0
party website,0.0
pay per,0.0
payment gateway,0.0
payment from,0.0
medium web,0.0
payment for,0.0
payment data,0.0
payment application,0.0
medlineplus,0.0
payment api,0.0
payment account,0.0
payment,0.0
meet,0.0
payload,0.0
paying,0.0
pay you,0.0
pay for,0.0
pas,0.0
pay,0.0
pause,0.0
pattern,0.0
patient,0.0
pathway,0.0
meeti,0.0
path,0.0
patent,0.0
paste,0.0
past,0.0
password,0.0
passport,0.0
passenger,0.0
passage,0.0
parameter include,0.0
parameter api,0.0
other website,0.0
over soap,0.0
outstanding,0.0
over country,0.0
message are,0.0
over http,0.0
over internet,0.0
over million,0.0
over ssl,0.0
parameter,0.0
over time,0.0
over web,0.0
message api,0.0
overall,0.0
overdrive,0.0
overlay,0.0
outside,0.0
outreach,0.0
output format,0.0
output,0.0
retailer,0.0
outlook,0.0
message from,0.0
outdoor,0.0
outcome,0.0
outbound,0.0
out of,0.0
message service,0.0
message that,0.0
message their,0.0
message user,0.0
otherwise,0.0
others api,0.0
oversea,0.0
oversea chinese,0.0
overview,0.0
owner of,0.0
paper,0.0
panel,0.0
pair,0.0
paid,0.0
pagination,0.0
page for,0.0
page access,0.0
page,0.0
packaging,0.0
package,0.0
pack,0.0
paas,0.0
oxygen,0.0
ownership,0.0
owner,0.0
overview of,0.0
owned,0.0
own website,0.0
own web,0.0
mendix provides,0.0
mention,0.0
mentorship,0.0
own system,0.0
merchant,0.0
own site,0.0
own data,0.0
merchant account,0.0
own application,0.0
merge,0.0
mesos,0.0
payment information,0.0
payment instruction,0.0
medium site,0.0
monetization,0.0
photo sharing,0.0
photo video,0.0
photograph,0.0
photographer,0.0
photography,0.0
medium client,0.0
php java,0.0
payment into,0.0
php python,0.0
medium,0.0
phrase,0.0
phylogenetic,0.0
physic,0.0
physical,0.0
photo service,0.0
photo image,0.0
photo from,0.0
photo album,0.0
photo,0.0
phone system,0.0
phone number,0.0
phone call,0.0
phone,0.0
phenomenal,0.0
pharmacy,0.0
pharmaceutical,0.0
petition,0.0
pet,0.0
medium company,0.0
perspective,0.0
personnel,0.0
pick,0.0
picked,0.0
picked atmospheric,0.0
median,0.0
measurement,0.0
measuring,0.0
mechanism,0.0
planner,0.0
planned,0.0
planetside,0.0
planet,0.0
plan with,0.0
plan for,0.0
mechanism for,0.0
plan,0.0
plain text,0.0
plain,0.0
placing,0.0
placement,0.0
medicine,0.0
placed,0.0
place order,0.0
place for,0.0
place api,0.0
medical,0.0
place,0.0
pipeline,0.0
ping,0.0
pin,0.0
piece of,0.0
medical record,0.0
piece,0.0
picture,0.0
medication,0.0
personalized,0.0
personalize,0.0
personalization,0.0
payza,0.0
per hour,0.0
per download,0.0
per day,0.0
medium platform,0.0
people who,0.0
people that,0.0
people,0.0
pending,0.0
peer peer,0.0
peer,0.0
pdfs,0.0
medium service,0.0
pci,0.0
pc,0.0
payroll,0.0
per month,0.0
paypal,0.0
payment with,0.0
payment transaction,0.0
payment system,0.0
payment solution,0.0
payment service,0.0
payment request,0.0
payment processing,0.0
payment platform,0.0
payment plan,0.0
payment page,0.0
payment option,0.0
payment money,0.0
payment method,0.0
per minute,0.0
per page,0.0
personality,0.0
performed,0.0
personal information,0.0
personal data,0.0
personal circumstance,0.0
personal,0.0
person,0.0
persistent,0.0
permission,0.0
permanent,0.0
medium content,0.0
perl,0.0
period of,0.0
period,0.0
performs,0.0
performing,0.0
performance optimization,0.0
medium is,0.0
performance of,0.0
performance management,0.0
performance data,0.0
performance,0.0
perform callback,0.0
perform,0.0
medium file,0.0
perfect,0.0
percentage,0.0
per second,0.0
per request,0.0
per registration,0.0
per product,0.0
per post,0.0
messagebird,0.0
messaging api,0.0
offer end,0.0
online payment,0.0
online learning,0.0
online marketing,0.0
method allow,0.0
online marketplace,0.0
online music,0.0
online other,0.0
online photo,0.0
method application,0.0
online portal,0.0
method access,0.0
online project,0.0
online provides,0.0
online sale,0.0
online shopping,0.0
online is,0.0
online integrate,0.0
online information,0.0
method allows,0.0
online game,0.0
online from,0.0
online file,0.0
online event,0.0
online developer,0.0
online database,0.0
online data,0.0
online customer,0.0
method api,0.0
online content,0.0
online community,0.0
online business,0.0
online booking,0.0
online store,0.0
online that,0.0
online ticket,0.0
open access,0.0
opened,0.0
open standard,0.0
open source,0.0
open platform,0.0
open order,0.0
open new,0.0
meteorological,0.0
open government,0.0
open data,0.0
open close,0.0
open banking,0.0
meteorological service,0.0
open apis,0.0
open api,0.0
meteorological solution,0.0
online tool,0.0
ooyala,0.0
ontology,0.0
onto,0.0
ons,0.0
only available,0.0
only api,0.0
only access,0.0
only,0.0
meteorology,0.0
meter,0.0
online video,0.0
method accept,0.0
online user,0.0
online travel,0.0
online application,0.0
online api,0.0
other web,0.0
offer solution,0.0
offer restful,0.0
offer secure,0.0
offer security,0.0
offer service,0.0
offer several,0.0
offer shipping,0.0
offer suite,0.0
online allows,0.0
offer that,0.0
offer their,0.0
offer tool,0.0
offer user,0.0
method is,0.0
offer variety,0.0
offer rest,0.0
offer real,0.0
offer platform,0.0
method json,0.0
offer payment,0.0
offer online,0.0
offer mobile,0.0
offer it,0.0
offer is,0.0
offer information,0.0
offer historical,0.0
offer high,0.0
offer from,0.0
offer free,0.0
offer for,0.0
offer feature,0.0
method method,0.0
offer web,0.0
offered,0.0
method information,0.0
once,0.0
online access,0.0
method are,0.0
ongoing,0.0
one place,0.0
method available,0.0
one of,0.0
one more,0.0
method can,0.0
one for,0.0
method data,0.0
one click,0.0
method developer,0.0
method file,0.0
ondemand,0.0
method for,0.0
offered by,0.0
onboard informatics,0.0
onboard,0.0
ola,0.0
okcoin,0.0
ogc,0.0
often,0.0
offline,0.0
official,0.0
method from,0.0
office user,0.0
office of,0.0
office management,0.0
method get,0.0
method include,0.0
opening,0.0
openness,0.0
openstack,0.0
other currency,0.0
messenger,0.0
other business,0.0
messaging with,0.0
other call,0.0
other can,0.0
other content,0.0
other data,0.0
openstreetmap,0.0
other database,0.0
other developer,0.0
other device,0.0
messaging voice,0.0
other event,0.0
other feature,0.0
other available,0.0
other are,0.0
meta,0.0
other api,0.0
other allows,0.0
other access,0.0
meta data,0.0
originally,0.0
original,0.0
origin,0.0
oriented,0.0
orientation,0.0
organizing,0.0
organizes,0.0
organizer,0.0
organized by,0.0
organized,0.0
messaging service,0.0
messaging platform,0.0
other file,0.0
other product,0.0
other video,0.0
other user,0.0
other use,0.0
other trading,0.0
other tool,0.0
other this,0.0
other that,0.0
other system,0.0
other such,0.0
messaging application,0.0
other site,0.0
other service,0.0
other search,0.0
other provides,0.0
other player,0.0
other from,0.0
other platform,0.0
other people,0.0
other other,0.0
messaging gateway,0.0
other online,0.0
other of,0.0
other more,0.0
other metric,0.0
other method,0.0
other json,0.0
other it,0.0
other integrate,0.0
other information,0.0
other function,0.0
organize website,0.0
organize their,0.0
organize,0.0
opportunity,0.0
option for,0.0
option api,0.0
option,0.0
optimizing,0.0
optimizes,0.0
optimized for,0.0
optimized,0.0
optimize,0.0
optimization with,0.0
metadata describing,0.0
optimal,0.0
opt out,0.0
metadata for,0.0
opt,0.0
opinion,0.0
metadata api,0.0
operator,0.0
operational,0.0
metadata from,0.0
operation with,0.0
metal,0.0
operation of,0.0
operation for,0.0
operation,0.0
operating system,0.0
operating,0.0
operates over,0.0
operates,0.0
operate,0.0
opera,0.0
option include,0.0
option of,0.0
organizational,0.0
order information,0.0
organization with,0.0
organization that,0.0
organization manage,0.0
organization,0.0
organism,0.0
org is,0.0
org,0.0
ordering,0.0
orderbook,0.0
order using,0.0
order use,0.0
order trade,0.0
order order,0.0
order management,0.0
metadata,0.0
option that,0.0
order get,0.0
order data,0.0
metadata about,0.0
order can,0.0
order book,0.0
order api,0.0
order account,0.0
order access,0.0
order,0.0
orchestration,0.0
orange,0.0
oracle,0.0
optionally,0.0
optional,0.0
ability,0.0
search criterion,0.0
retrieval,0.0
user based,0.0
user bridge,0.0
user build,0.0
user business,0.0
user by,0.0
user call,0.0
user can,0.0
user check,0.0
user cloud,0.0
user connect,0.0
user content,0.0
user control,0.0
user creating,0.0
user customer,0.0
user data,0.0
user database,0.0
user behavior,0.0
user available,0.0
user developer,0.0
user automatically,0.0
useful,0.0
useful for,0.0
user ability,0.0
user access,0.0
user account,0.0
user activity,0.0
user add,0.0
user agent,0.0
user all,0.0
user allows,0.0
user also,0.0
user application,0.0
user are,0.0
user authentication,0.0
user automate,0.0
user develop,0.0
user device,0.0
via api,0.0
user image,0.0
user input,0.0
user integrate,0.0
user interact,0.0
user interface,0.0
user into,0.0
user is,0.0
user it,0.0
user list,0.0
user location,0.0
user make,0.0
user manage,0.0
user management,0.0
user managing,0.0
user may,0.0
user method,0.0
user information,0.0
user id,0.0
user easily,0.0
user have,0.0
user embed,0.0
user engagement,0.0
user enter,0.0
user event,0.0
user experience,0.0
user file,0.0
user find,0.0
user for,0.0
user format,0.0
user from,0.0
user generated,0.0
user get,0.0
user google,0.0
user group,0.0
user ha,0.0
used with,0.0
used send,0.0
used search,0.0
us json,0.0
us of,0.0
us other,0.0
us provides,0.0
us restful,0.0
us service,0.0
us soap,0.0
us their,0.0
us this,0.0
us token,0.0
us user,0.0
us xml,0.0
us you,0.0
usa,0.0
usable,0.0
usage,0.0
us oauth,0.0
us javascript,0.0
used retrieve,0.0
us integrate,0.0
url request,0.0
url that,0.0
us access,0.0
us api,0.0
us application,0.0
us are,0.0
us both,0.0
us can,0.0
us data,0.0
us developer,0.0
us for,0.0
us get,0.0
us http,0.0
us include,0.0
us information,0.0
usage data,0.0
use access,0.0
use allows,0.0
use api,0.0
use soap,0.0
use standard,0.0
use their,0.0
use this,0.0
use user,0.0
use web,0.0
use with,0.0
use your,0.0
used access,0.0
used add,0.0
used build,0.0
used by,0.0
used create,0.0
used integrate,0.0
used manage,0.0
use service,0.0
use restful,0.0
use rest,0.0
use http,0.0
use application,0.0
use by,0.0
use can,0.0
use case,0.0
use developer,0.0
use for,0.0
use image,0.0
use provides,0.0
use integrate,0.0
use it,0.0
use json,0.0
use of,0.0
use one,0.0
use platform,0.0
user mobile,0.0
user monitor,0.0
user more,0.0
utility,0.0
utilize,0.0
utilized,0.0
utilizes,0.0
utilizing,0.0
vacation,0.0
vacation rental,0.0
valid,0.0
validate,0.0
validates,0.0
validates price,0.0
validating,0.0
validation service,0.0
validity,0.0
valuable,0.0
valuation,0.0
utilization,0.0
usually,0.0
using json,0.0
usps,0.0
using rest,0.0
using restful,0.0
using service,0.0
using simple,0.0
using single,0.0
using soap,0.0
using standard,0.0
using their,0.0
using this,0.0
using user,0.0
using using,0.0
using variety,0.0
using web,0.0
using xml,0.0
using your,0.0
value,0.0
value added,0.0
value for,0.0
value from,0.0
venture,0.0
venue,0.0
verb,0.0
verification of,0.0
verified,0.0
verifies,0.0
verify,0.0
verifying,0.0
verisign,0.0
verizon,0.0
version,0.0
version control,0.0
version of,0.0
very,0.0
vessel,0.0
vendor,0.0
vehicle,0.0
vector,0.0
variety of,0.0
value of,0.0
value pair,0.0
vantiv,0.0
variable,0.0
variation,0.0
variety,0.0
various,0.0
vat,0.0
various data,0.0
various league,0.0
various parameter,0.0
various type,0.0
varying,0.0
vast,0.0
using our,0.0
using javascript,0.0
user must,0.0
user record,0.0
user response,0.0
user rest,0.0
user retrieve,0.0
user retrieving,0.0
user run,0.0
user save,0.0
user send,0.0
user service,0.0
user set,0.0
user share,0.0
user site,0.0
user specific,0.0
user store,0.0
user submit,0.0
user support,0.0
user request,0.0
user real,0.0
using it,0.0
user quickly,0.0
user of,0.0
user offer,0.0
user online,0.0
user organization,0.0
user other,0.0
user pay,0.0
user perform,0.0
user personal,0.0
user platform,0.0
user profile,0.0
user programmatically,0.0
user property,0.0
user provides,0.0
user pull,0.0
user query,0.0
user system,0.0
user take,0.0
user task,0.0
user that,0.0
user you,0.0
user your,0.0
username,0.0
usgs,0.0
using access,0.0
using allows,0.0
using any,0.0
using api,0.0
using application,0.0
using can,0.0
using cloud,0.0
using data,0.0
using developer,0.0
using either,0.0
using http,0.0
user xml,0.0
user with,0.0
user will,0.0
user us,0.0
user their,0.0
user this,0.0
user through,0.0
user track,0.0
user trade,0.0
user upload,0.0
user use,0.0
user who,0.0
user user,0.0
user via,0.0
user video,0.0
user view,0.0
user web,0.0
user website,0.0
url for,0.0
url,0.0
uri query,0.0
touch,0.0
tour activity,0.0
tour operator,0.0
tourism,0.0
tourist,0.0
tournament,0.0
tournament standing,0.0
towards,0.0
town,0.0
toy,0.0
trace,0.0
track,0.0
track entire,0.0
track of,0.0
track their,0.0
track user,0.0
tour,0.0
torrent,0.0
token based,0.0
toronto,0.0
toll,0.0
tomtom,0.0
tool api,0.0
tool can,0.0
tool handle,0.0
tool help,0.0
tool including,0.0
tool that,0.0
tool with,0.0
toolkit,0.0
top,0.0
top of,0.0
topic,0.0
topic map,0.0
topical,0.0
tracked,0.0
tracker,0.0
tracking application,0.0
tracking of,0.0
traffic,0.0
traffic data,0.0
trafiklab,0.0
trafiklab is,0.0
trail,0.0
trailer,0.0
train,0.0
training,0.0
transaction,0.0
transaction api,0.0
transaction for,0.0
transaction history,0.0
transaction information,0.0
transaction processing,0.0
transaction request,0.0
traditional,0.0
trading platform,0.0
trading historically,0.0
trade data,0.0
tracking project,0.0
tracking service,0.0
tracking software,0.0
tracking system,0.0
trade,0.0
trade api,0.0
trade order,0.0
trading exchange,0.0
traded,0.0
trader,0.0
trading,0.0
trading api,0.0
trading data,0.0
trading day,0.0
token for,0.0
token authentication,0.0
transactional,0.0
through soap,0.0
through this,0.0
through unique,0.0
through use,0.0
through web,0.0
through website,0.0
throughout,0.0
thumbnail,0.0
tick,0.0
ticker,0.0
ticket event,0.0
ticket for,0.0
ticketing,0.0
ticketleap,0.0
tier,0.0
tile,0.0
through their,0.0
through single,0.0
token,0.0
through simple,0.0
though,0.0
thousand,0.0
thousand of,0.0
thread,0.0
threat,0.0
three,0.0
through api,0.0
through application,0.0
through http,0.0
through intrinio,0.0
through it,0.0
through open,0.0
through rest,0.0
through restful,0.0
through series,0.0
time access,0.0
time api,0.0
time based,0.0
time chat,0.0
time tracking,0.0
time user,0.0
time zone,0.0
timeframe,0.0
timeline,0.0
timeline tournament,0.0
timetable,0.0
timezone,0.0
tip,0.0
tipsgo,0.0
tipsgo platform,0.0
title,0.0
tl,0.0
today,0.0
together,0.0
time this,0.0
time service,0.0
time series,0.0
time from,0.0
time content,0.0
time data,0.0
time developer,0.0
time entry,0.0
time event,0.0
time for,0.0
time information,0.0
time provides,0.0
time it,0.0
time location,0.0
time messaging,0.0
time of,0.0
time period,0.0
time price,0.0
transaction through,0.0
transactional email,0.0
uri,0.0
united,0.0
united state,0.0
universal,0.0
university,0.0
university of,0.0
unlimited,0.0
unlimited number,0.0
unofficial,0.0
unofficial api,0.0
unrestricted,0.0
unstructured,0.0
until,0.0
up almost,0.0
up date,0.0
up for,0.0
up gb,0.0
united kingdom,0.0
unique identifier,0.0
type of,0.0
unique,0.0
ubivox,0.0
ui,0.0
uk based,0.0
uk government,0.0
umano,0.0
undagrid,0.0
under,0.0
under development,0.0
underlying,0.0
understand,0.0
understanding,0.0
unicode,0.0
unified,0.0
unified communication,0.0
uniform,0.0
up here,0.0
up user,0.0
up with,0.0
upc,0.0
upload download,0.0
upload file,0.0
upload image,0.0
upload photo,0.0
upload their,0.0
upload video,0.0
uploaded,0.0
uploading,0.0
uploading file,0.0
uploads,0.0
upon,0.0
upon request,0.0
ups,0.0
uptime,0.0
urban,0.0
upload data,0.0
upload,0.0
upgrade,0.0
update of,0.0
upcoming,0.0
upcoming event,0.0
update,0.0
update api,0.0
update delete,0.0
update it,0.0
update their,0.0
updating of,0.0
update user,0.0
update with,0.0
updated,0.0
updated daily,0.0
updating,0.0
updating deleting,0.0
typically,0.0
type include,0.0
transcoding,0.0
transmission of,0.0
transparency,0.0
transparent,0.0
transport sweden,0.0
transportation,0.0
transportation system,0.0
trash,0.0
travel,0.0
travel agency,0.0
travel booking,0.0
travel ecosystem,0.0
travel industry,0.0
travel information,0.0
travel provider,0.0
travel search,0.0
travel service,0.0
transmits,0.0
transmission,0.0
type,0.0
translator,0.0
transcription,0.0
transcription service,0.0
transfer,0.0
transfer api,0.0
transfer service,0.0
transferring,0.0
transform,0.0
transform idea,0.0
transformation,0.0
transforms,0.0
transit,0.0
transit agency,0.0
translate,0.0
translated,0.0
translation,0.0
travel technology,0.0
travel time,0.0
traveler,0.0
tree,0.0
turkish,0.0
turn,0.0
tutorial,0.0
tutorial are,0.0
tv api,0.0
tv is,0.0
tv listing,0.0
tv show,0.0
tweet,0.0
twilio,0.0
twitter,0.0
two,0.0
two factor,0.0
two way,0.0
txt,0.0
tunefind,0.0
tune,0.0
tt,0.0
trip,0.0
trend,0.0
trend analysis,0.0
trending,0.0
trial,0.0
trigger,0.0
triggered,0.0
trip planning,0.0
trying,0.0
tripadvisor,0.0
true,0.0
trust,0.0
trusted,0.0
trustworthy,0.0
try,0.0
via,0.0
via email,0.0
thomson reuters,0.0
with rest,0.0
with secure,0.0
with set,0.0
with simple,0.0
with single,0.0
with site,0.0
with social,0.0
with some,0.0
with specific,0.0
with sportradar,0.0
with support,0.0
with that,0.0
with their,0.0
with them,0.0
with third,0.0
with token,0.0
with return,0.0
with response,0.0
with user,0.0
with research,0.0
with oauth,0.0
with one,0.0
with online,0.0
with open,0.0
with others,0.0
with our,0.0
with over,0.0
with parameter,0.0
with personalized,0.0
with platform,0.0
with programmatic,0.0
with project,0.0
with provides,0.0
with public,0.0
with real,0.0
with tool,0.0
with variety,0.0
via http,0.0
without needing,0.0
wolf,0.0
word,0.0
wordpress,0.0
work for,0.0
work with,0.0
workday,0.0
worker,0.0
workflow,0.0
workforce,0.0
working,0.0
working with,0.0
workout,0.0
workplace,0.0
workshop,0.0
workspace,0.0
wms,0.0
without need,0.0
with various,0.0
without having,0.0
with video,0.0
with virtual,0.0
with way,0.0
with web,0.0
with website,0.0
with which,0.0
with xml,0.0
with your,0.0
withdraw,0.0
withdrawal,0.0
within other,0.0
within specified,0.0
within their,0.0
without,0.0
without any,0.0
with no,0.0
with new,0.0
with multiple,0.0
with are,0.0
with available,0.0
with basic,0.0
with bitcoin,0.0
with both,0.0
with built,0.0
with business,0.0
with capability,0.0
with client,0.0
with cloud,0.0
with content,0.0
with continuous,0.0
with customer,0.0
with customizable,0.0
with data,0.0
with db,0.0
with automated,0.0
with api,0.0
with most,0.0
with any,0.0
window live,0.0
window phone,0.0
wire,0.0
wireless,0.0
wish,0.0
wistia,0.0
with ability,0.0
with access,0.0
with account,0.0
with additional,0.0
with advanced,0.0
with aim,0.0
with all,0.0
with allows,0.0
with amazon,0.0
with detailed,0.0
with developer,0.0
with device,0.0
with different,0.0
with integrated,0.0
with international,0.0
with internet,0.0
with it,0.0
with json,0.0
with key,0.0
with latest,0.0
with listing,0.0
with live,0.0
with many,0.0
with medium,0.0
with message,0.0
with minimal,0.0
with mobile,0.0
with more,0.0
with information,0.0
with image,0.0
with http,0.0
with existing,0.0
with direct,0.0
with domain,0.0
with each,0.0
with easy,0.0
with email,0.0
with enterprise,0.0
with external,0.0
with high,0.0
with file,0.0
with friend,0.0
with from,0.0
with full,0.0
with goal,0.0
with google,0.0
world bank,0.0
world largest,0.0
world of,0.0
you you,0.0
younity,0.0
your access,0.0
your account,0.0
your allows,0.0
your api,0.0
your app,0.0
your are,0.0
your business,0.0
your client,0.0
your company,0.0
your content,0.0
your data,0.0
your developer,0.0
your email,0.0
your existing,0.0
you your,0.0
you with,0.0
you json,0.0
you will,0.0
you must,0.0
you provide,0.0
you provides,0.0
you rest,0.0
you search,0.0
you send,0.0
you service,0.0
you started,0.0
you that,0.0
you their,0.0
you this,0.0
you upload,0.0
you use,0.0
you user,0.0
you want,0.0
your file,0.0
your friend,0.0
your from,0.0
your image,0.0
your you,0.0
your your,0.0
yourself,0.0
youth,0.0
youtube,0.0
zacks,0.0
zealand,0.0
zero,0.0
zillow,0.0
zip,0.0
zip code,0.0
zip file,0.0
zoho,0.0
zone,0.0
zoom,0.0
your website,0.0
your web,0.0
your video,0.0
your search,0.0
your json,0.0
your organization,0.0
your photo,0.0
your preferred,0.0
your project,0.0
your provides,0.0
your server,0.0
your user,0.0
your service,0.0
your site,0.0
your that,0.0
your this,0.0
your time,0.0
your us,0.0
you manage,0.0
you is,0.0
world user,0.0
xml account,0.0
xml api,0.0
xml are,0.0
xml based,0.0
xml can,0.0
xml csv,0.0
xml data,0.0
xml developer,0.0
xml document,0.0
xml feed,0.0
xml file,0.0
xml format,0.0
xml formatted,0.0
xml from,0.0
xml full,0.0
xml information,0.0
xml allows,0.0
xml access,0.0
you integrate,0.0
xeround,0.0
world with,0.0
worldcat,0.0
worldwide,0.0
would,0.0
would be,0.0
wrapper,0.0
write,0.0
write access,0.0
write application,0.0
writing,0.0
written,0.0
wsdl,0.0
wsdot,0.0
xad,0.0
xbox,0.0
xml is,0.0
xml other,0.0
xml provides,0.0
xml response,0.0
york time,0.0
you access,0.0
you allows,0.0
you api,0.0
you application,0.0
you are,0.0
you build,0.0
you can,0.0
you create,0.0
you data,0.0
you developer,0.0
you from,0.0
you get,0.0
you go,0.0
you information,0.0
york state,0.0
york city,0.0
york,0.0
xmpp,0.0
xml search,0.0
xml service,0.0
xml that,0.0
xml this,0.0
xml user,0.0
xml web,0.0
yahoo,0.0
yodlee,0.0
yaml,0.0
yandex,0.0
yay,0.0
year of,0.0
yesmail,0.0
yet,0.0
window,0.0
wind,0.0
will update,0.0
volume of,0.0
volunteer,0.0
vote,0.0
voting,0.0
voucher,0.0
vulnerability,0.0
wa,0.0
wa created,0.0
wa designed,0.0
wa developed,0.0
walk,0.0
walking,0.0
want,0.0
wap,0.0
war,0.0
warehouse,0.0
volume split,0.0
volume are,0.0
visual content,0.0
volume,0.0
visualization,0.0
visualize,0.0
visualizing,0.0
visually,0.0
vital,0.0
vk,0.0
vocabulary,0.0
voice,0.0
voice call,0.0
voice message,0.0
voice response,0.0
voice sm,0.0
voice video,0.0
voicemail,0.0
voip,0.0
warning,0.0
washington,0.0
washington state,0.0
watch,0.0
wc,0.0
we are,0.0
we offer,0.0
we re,0.0
wealth,0.0
wearable,0.0
weather,0.0
weather analysis,0.0
weather data,0.0
weather forecasting,0.0
weather intelligence,0.0
weather platform,0.0
web access,0.0
web allows,0.0
web api,0.0
wayback,0.0
way transform,0.0
way that,0.0
way access,0.0
watching,0.0
water,0.0
watermark,0.0
watson,0.0
wave,0.0
way,0.0
way build,0.0
way sm,0.0
way communicate,0.0
way create,0.0
way for,0.0
way integrate,0.0
way of,0.0
way send,0.0
visual search,0.0
visual,0.0
web application,0.0
video can,0.0
video encoding,0.0
video file,0.0
video for,0.0
video from,0.0
video game,0.0
video hosting,0.0
video image,0.0
video into,0.0
video medium,0.0
video mobile,0.0
video of,0.0
video offer,0.0
video other,0.0
video platform,0.0
video player,0.0
video content,0.0
video audio,0.0
visitor can,0.0
video archive,0.0
via json,0.0
via mobile,0.0
via oauth,0.0
via rest,0.0
via restful,0.0
via sm,0.0
via soap,0.0
via their,0.0
via web,0.0
via xml,0.0
video,0.0
video advertising,0.0
video analytics,0.0
video api,0.0
video application,0.0
video service,0.0
video sharing,0.0
video site,0.0
video streaming,0.0
virool,0.0
virtual,0.0
virtual contact,0.0
virtual currency,0.0
virtual machine,0.0
virtual server,0.0
virtually,0.0
visa,0.0
visearch,0.0
visenze,0.0
visibility,0.0
visible,0.0
vision,0.0
visit,0.0
visitor,0.0
viral,0.0
vin,0.0
vimoc,0.0
view edit,0.0
video that,0.0
video video,0.0
video web,0.0
video with,0.0
view,0.0
view all,0.0
view of,0.0
vimeo,0.0
view their,0.0
viewdns,0.0
viewdns info,0.0
viewed,0.0
viewer,0.0
viewing,0.0
web app,0.0
web apps,0.0
will return,0.0
what they,0.0
whatsapp,0.0
when they,0.0
when user,0.0
whenever,0.0
where,0.0
where it,0.0
where they,0.0
where user,0.0
where you,0.0
wherever,0.0
whether,0.0
which,0.0
which aim,0.0
which allows,0.0
which are,0.0
whatever,0.0
what is,0.0
website well,0.0
what,0.0
website with,0.0
websocket,0.0
week,0.0
weekly,0.0
weekly seasonal,0.0
weight,0.0
welcome,0.0
well,0.0
well access,0.0
well data,0.0
well documented,0.0
well other,0.0
wellness,0.0
were,0.0
west,0.0
which can,0.0
which contains,0.0
which crop,0.0
which enables,0.0
whose main,0.0
wi,0.0
wide,0.0
wide range,0.0
wide variety,0.0
widely,0.0
widget,0.0
width,0.0
wikipedia,0.0
will,0.0
will allow,0.0
will also,0.0
will be,0.0
will need,0.0
will receive,0.0
whose,0.0
wholesale,0.0
whois,0.0
which user,0.0
which includes,0.0
which is,0.0
which provides,0.0
which return,0.0
which they,0.0
which turn,0.0
while,0.0
who want,0.0
white,0.0
white label,0.0
who,0.0
who are,0.0
who can,0.0
who have,0.0
website which,0.0
website web,0.0
web are,0.0
web integrate,0.0
web is,0.0
web json,0.0
web map,0.0
web mobile,0.0
web of,0.0
web other,0.0
web page,0.0
web platform,0.0
web portal,0.0
web provides,0.0
web search,0.0
web server,0.0
web site,0.0
web that,0.0
web their,0.0
web interface,0.0
web information,0.0
website visitor,0.0
web image,0.0
web available,0.0
web based,0.0
web browser,0.0
web can,0.0
web console,0.0
web content,0.0
web data,0.0
web database,0.0
web desktop,0.0
web developer,0.0
web development,0.0
web for,0.0
web form,0.0
web from,0.0
web hosting,0.0
web this,0.0
web user,0.0
web web,0.0
web your,0.0
website for,0.0
website information,0.0
website into,0.0
website is,0.0
website it,0.0
website main,0.0
website mobile,0.0
website of,0.0
website programmatically,0.0
website provides,0.0
website service,0.0
website that,0.0
website their,0.0
website user,0.0
website using,0.0
website data,0.0
website by,0.0
website blog,0.0
webrtc,0.0
webdam,0.0
webhook,0.0
webhooks,0.0
webknox,0.0
webmaster,0.0
webpage,0.0
webservice,0.0
website automation,0.0
webservices,0.0
website access,0.0
website all,0.0
website api,0.0
website application,0.0
website are,0.0
those,0.0
thomson,0.0
retrieval of,0.0
share,0.0
share file,0.0
share their,0.0
share them,0.0
share with,0.0
shared,0.0
shared with,0.0
sharepoint,0.0
sharing,0.0
sharing api,0.0
sharing application,0.0
sharing file,0.0
sharing of,0.0
sharing platform,0.0
sharing service,0.0
sharing site,0.0
share data,0.0
shape,0.0
sheet api,0.0
several apis,0.0
service well,0.0
service which,0.0
service with,0.0
service work,0.0
service xml,0.0
service your,0.0
serving,0.0
session,0.0
set of,0.0
set up,0.0
setting,0.0
setting up,0.0
setup,0.0
seven,0.0
several,0.0
sheet,0.0
shephertz,0.0
source of,0.0
show user,0.0
showing,0.0
showtime,0.0
side,0.0
sift,0.0
sign,0.0
sign up,0.0
signature,0.0
signed,0.0
signing,0.0
signing up,0.0
similar,0.0
similarity,0.0
simple api,0.0
simple http,0.0
simple interface,0.0
showcase,0.0
show,0.0
shephertz app,0.0
should sign,0.0
shephertz technology,0.0
ship,0.0
shipment,0.0
shipping management,0.0
shipping option,0.0
shipping service,0.0
shipping with,0.0
shop,0.0
shopify,0.0
shopper,0.0
shopping,0.0
shopping cart,0.0
short,0.0
should be,0.0
should email,0.0
service website,0.0
service web,0.0
service video,0.0
service get,0.0
service handle,0.0
service help,0.0
service image,0.0
service include,0.0
service includes,0.0
service including,0.0
service information,0.0
service integrate,0.0
service integration,0.0
service interface,0.0
service into,0.0
service is,0.0
service json,0.0
service let,0.0
service listing,0.0
service give,0.0
service functionality,0.0
service via,0.0
service from,0.0
service customer,0.0
service data,0.0
service database,0.0
service designed,0.0
service developer,0.0
service device,0.0
service directly,0.0
service domain,0.0
service enables,0.0
service enabling,0.0
service event,0.0
service feature,0.0
service file,0.0
service for,0.0
service format,0.0
service management,0.0
service method,0.0
service mobile,0.0
service name,0.0
service site,0.0
service social,0.0
service solution,0.0
service some,0.0
service sportradar,0.0
service storage,0.0
service such,0.0
service support,0.0
service their,0.0
service these,0.0
service they,0.0
service this,0.0
service through,0.0
service use,0.0
service using,0.0
service sharing,0.0
service service,0.0
service search,0.0
service programmatically,0.0
service of,0.0
service offer,0.0
service offered,0.0
service online,0.0
service platform,0.0
service product,0.0
service property,0.0
service return,0.0
service provide,0.0
service provided,0.0
service providing,0.0
service real,0.0
service request,0.0
service rest,0.0
simple rest,0.0
simple syntax,0.0
simplified,0.0
socket,0.0
software api,0.0
software application,0.0
software can,0.0
software company,0.0
software data,0.0
software designed,0.0
software developer,0.0
software development,0.0
software for,0.0
software is,0.0
software it,0.0
software platform,0.0
software project,0.0
software provider,0.0
software service,0.0
software allows,0.0
society,0.0
so you,0.0
socialvideobytes,0.0
soa semantic,0.0
soap api,0.0
soap apis,0.0
soap based,0.0
soap call,0.0
soap protocol,0.0
soap rest,0.0
soap service,0.0
soccer,0.0
social data,0.0
social interaction,0.0
social medium,0.0
social network,0.0
social security,0.0
social service,0.0
software solution,0.0
software that,0.0
software tool,0.0
solar,0.0
song,0.0
songbird,0.0
sony,0.0
soon,0.0
sort,0.0
sort of,0.0
sorted,0.0
sorted by,0.0
sound,0.0
soundcloud,0.0
sourberry,0.0
source,0.0
source code,0.0
source data,0.0
source for,0.0
sonarqube,0.0
some of,0.0
some feature,0.0
solution is,0.0
solely,0.0
solid,0.0
solution api,0.0
solution bluemix,0.0
solution for,0.0
solution fraud,0.0
solution it,0.0
some example,0.0
solution offer,0.0
solution provider,0.0
solution service,0.0
solution with,0.0
solve,0.0
some,0.0
soa,0.0
so that,0.0
simplifies,0.0
site developer,0.0
site for,0.0
site from,0.0
site including,0.0
site is,0.0
site it,0.0
site offer,0.0
site other,0.0
site owner,0.0
site provides,0.0
site sapo,0.0
site search,0.0
site service,0.0
site that,0.0
site user,0.0
site visitor,0.0
site documentation,0.0
site data,0.0
so it,0.0
site content,0.0
simplify,0.0
simply,0.0
simulation,0.0
simulator,0.0
simultaneously,0.0
since,0.0
singapore api,0.0
single api,0.0
single source,0.0
sip,0.0
site act,0.0
site allows,0.0
site api,0.0
site application,0.0
site can,0.0
site with,0.0
situation,0.0
size,0.0
size of,0.0
sm provider,0.0
sm service,0.0
sm voice,0.0
small,0.0
small business,0.0
small medium,0.0
smaller,0.0
smart device,0.0
smartphone,0.0
smpp,0.0
smtp,0.0
snapengage,0.0
snapshot,0.0
snippet,0.0
so,0.0
sm mm,0.0
sm messaging,0.0
sm message,0.0
slideshows,0.0
sized,0.0
skill,0.0
skyscanner,0.0
sl,0.0
slide,0.0
slideshare,0.0
slideshows for,0.0
sm marketing,0.0
sm check,0.0
sm communication,0.0
sm from,0.0
sm gateway,0.0
sm into,0.0
sm is,0.0
service create,0.0
service content,0.0
service company,0.0
sapo service,0.0
satisfaction,0.0
save,0.0
saved,0.0
saving,0.0
saving account,0.0
scalability,0.0
scalable,0.0
scale,0.0
scaling,0.0
scan,0.0
scanner,0.0
scanning,0.0
scenario,0.0
scene,0.0
schedule,0.0
satellite,0.0
sapo is,0.0
russia,0.0
sapo,0.0
safe,0.0
safely,0.0
safety,0.0
sale,0.0
sale lead,0.0
sale po,0.0
sale system,0.0
salesforce,0.0
salesforce com,0.0
same,0.0
sample code,0.0
san,0.0
san francisco,0.0
sandbox,0.0
sandbox environment,0.0
schedule daily,0.0
schedule head,0.0
scheduled,0.0
scheduling,0.0
script,0.0
scripting,0.0
sdk,0.0
sdks for,0.0
seamless,0.0
seamlessly,0.0
search access,0.0
search against,0.0
search allows,0.0
search api,0.0
search application,0.0
search are,0.0
search by,0.0
search can,0.0
search capability,0.0
scribd,0.0
screenshots,0.0
screenshot,0.0
score,0.0
schema,0.0
scholarly,0.0
school,0.0
scientific,0.0
scientist,0.0
scope,0.0
score api,0.0
screening,0.0
score for,0.0
scorer,0.0
scoring,0.0
scout,0.0
scout is,0.0
screen,0.0
russian,0.0
runtime,0.0
low price,0.0
rets,0.0
return data,0.0
return either,0.0
return information,0.0
return json,0.0
return list,0.0
return result,0.0
return xml,0.0
returned,0.0
returned data,0.0
returned json,0.0
returned xml,0.0
returning,0.0
returning data,0.0
reuse,0.0
reuters,0.0
return all,0.0
retrieving user,0.0
running,0.0
retrieving transaction,0.0
retrieve data,0.0
retrieve information,0.0
retrieve list,0.0
retrieve ocbc,0.0
retrieve random,0.0
retrieved,0.0
retrieves,0.0
retrieving,0.0
retrieving competitor,0.0
retrieving data,0.0
retrieving event,0.0
retrieving information,0.0
retrieving list,0.0
retrieving managing,0.0
retrieving slideshows,0.0
revenue,0.0
reverse,0.0
reverse geocoding,0.0
review,0.0
robot,0.0
rocket,0.0
role,0.0
room,0.0
roster,0.0
round,0.0
route for,0.0
routing,0.0
row,0.0
royalty,0.0
royalty free,0.0
rpc api,0.0
rpc protocol,0.0
rule,0.0
run,0.0
roanuz is,0.0
roanuz cricket,0.0
roanuz,0.0
ride,0.0
review of,0.0
reviewing,0.0
revision,0.0
reward,0.0
rich,0.0
rich medium,0.0
rig,0.0
road,0.0
right,0.0
rightscale,0.0
ring,0.0
risk,0.0
risk assessment,0.0
rna,0.0
search content,0.0
search data,0.0
service cloud,0.0
send text,0.0
sender id,0.0
sendgrid,0.0
sending email,0.0
sending message,0.0
sending receiving,0.0
sense,0.0
sensitive,0.0
sensor data,0.0
sent message,0.0
sentence,0.0
sentiment,0.0
sentiment analysis,0.0
seo,0.0
separately,0.0
sequence,0.0
sender,0.0
send sm,0.0
self,0.0
send request,0.0
sell,0.0
sell their,0.0
selling,0.0
selling trading,0.0
semantic,0.0
semantic definition,0.0
semantic search,0.0
semantics,0.0
send,0.0
send bulk,0.0
send email,0.0
send http,0.0
send information,0.0
send message,0.0
send receive,0.0
sequence alignment,0.0
serf,0.0
serialized,0.0
series,0.0
service allowing,0.0
service allows,0.0
service also,0.0
service amazon,0.0
service apis,0.0
service application,0.0
service are,0.0
service available,0.0
service banking,0.0
service based,0.0
service business,0.0
service by,0.0
service call,0.0
service can,0.0
service client,0.0
service allow,0.0
service all,0.0
service account,0.0
server application,0.0
series of,0.0
serve,0.0
serve open,0.0
served,0.0
server,0.0
server api,0.0
server can,0.0
service access,0.0
server developer,0.0
server for,0.0
server it,0.0
server side,0.0
server that,0.0
service accepts,0.0
self service,0.0
selection of,0.0
search database,0.0
search search,0.0
search term,0.0
search that,0.0
search their,0.0
search this,0.0
search tool,0.0
search user,0.0
search web,0.0
search xml,0.0
searchable,0.0
searched,0.0
searching by,0.0
searching for,0.0
searching retrieving,0.0
season,0.0
season sport,0.0
search service,0.0
search retrieve,0.0
selection,0.0
search result,0.0
search developer,0.0
search engine,0.0
search feature,0.0
search for,0.0
search from,0.0
search function,0.0
search functionality,0.0
search information,0.0
search is,0.0
search method,0.0
search more,0.0
search other,0.0
search platform,0.0
search provides,0.0
search query,0.0
seasonal,0.0
seat,0.0
second,0.0
secondary,0.0
security stock,0.0
security with,0.0
sedo,0.0
see,0.0
see api,0.0
seed,0.0
seek,0.0
seeking,0.0
segment,0.0
segmentation,0.0
seismic,0.0
select,0.0
selected,0.0
selected meteorological,0.0
selected weather,0.0
security standard,0.0
security solution,0.0
security monitoring,0.0
secure payment,0.0
secret,0.0
section,0.0
sector,0.0
secure,0.0
secure communication,0.0
secure connection,0.0
secured,0.0
security measure,0.0
secured by,0.0
securely,0.0
security,0.0
security api,0.0
security data,0.0
security exchange,0.0
source mapping,0.0
source platform,0.0
this your,0.0
that it,0.0
that let,0.0
that make,0.0
that may,0.0
that method,0.0
that more,0.0
that of,0.0
that offer,0.0
that other,0.0
that platform,0.0
that power,0.0
that provide,0.0
that provides,0.0
that real,0.0
that rest,0.0
that return,0.0
that json,0.0
that is,0.0
that search,0.0
that into,0.0
that from,0.0
that get,0.0
that give,0.0
that ha,0.0
that handle,0.0
that have,0.0
that help,0.0
that image,0.0
that improve,0.0
that include,0.0
that includes,0.0
that information,0.0
that integrate,0.0
that integrates,0.0
that interact,0.0
that run,0.0
that service,0.0
source project,0.0
their access,0.0
their allows,0.0
their also,0.0
their api,0.0
their app,0.0
their application,0.0
their apps,0.0
their are,0.0
their audience,0.0
their available,0.0
their business,0.0
their can,0.0
their client,0.0
their cloud,0.0
their code,0.0
their computer,0.0
their account,0.0
theater,0.0
that specialize,0.0
that your,0.0
that specializes,0.0
that support,0.0
that that,0.0
that their,0.0
that they,0.0
that this,0.0
that us,0.0
that use,0.0
that user,0.0
that want,0.0
that web,0.0
that will,0.0
that with,0.0
that work,0.0
that you,0.0
that for,0.0
that focus,0.0
that file,0.0
term of,0.0
terminology,0.0
terrain,0.0
test,0.0
test api,0.0
testing,0.0
testing deploying,0.0
testing service,0.0
text analysis,0.0
text based,0.0
text format,0.0
text it,0.0
text message,0.0
text search,0.0
text speech,0.0
texting,0.0
terminal,0.0
term,0.0
that feature,0.0
tenant,0.0
technology service,0.0
technology that,0.0
telecom,0.0
telecommunication,0.0
telecommunication service,0.0
telemetry,0.0
telephone,0.0
telephony,0.0
television,0.0
tell,0.0
telvue,0.0
temperature,0.0
template,0.0
ten,0.0
ten of,0.0
textual,0.0
tf,0.0
th,0.0
than million,0.0
that contains,0.0
that content,0.0
that cover,0.0
that create,0.0
that customer,0.0
that data,0.0
that defines,0.0
that delivers,0.0
that developer,0.0
that display,0.0
that document,0.0
that enable,0.0
that event,0.0
that expose,0.0
that facilitates,0.0
that connects,0.0
that connect,0.0
that collect,0.0
that also,0.0
that access,0.0
that account,0.0
that aggregate,0.0
that aim,0.0
that all,0.0
that allow,0.0
that api,0.0
that cloud,0.0
that application,0.0
that are,0.0
that automatically,0.0
that available,0.0
that business,0.0
that can,0.0
their content,0.0
their create,0.0
their current,0.0
they use,0.0
they will,0.0
thing,0.0
thing iot,0.0
thing network,0.0
thing platform,0.0
thing service,0.0
think,0.0
this access,0.0
this account,0.0
this allows,0.0
this application,0.0
this are,0.0
this available,0.0
this bain,0.0
this by,0.0
they want,0.0
they re,0.0
there is,0.0
they provide,0.0
thesaurus,0.0
these,0.0
these apis,0.0
these function,0.0
these service,0.0
these tool,0.0
thethings,0.0
thethings io,0.0
they,0.0
they also,0.0
they are,0.0
they can,0.0
they have,0.0
they need,0.0
they offer,0.0
this can,0.0
this cloud,0.0
this create,0.0
this data,0.0
this provides,0.0
this rest,0.0
this restful,0.0
this search,0.0
this service,0.0
this site,0.0
this soap,0.0
this that,0.0
this their,0.0
this this,0.0
this us,0.0
this user,0.0
this way,0.0
this web,0.0
this you,0.0
this other,0.0
this of,0.0
this more,0.0
this from,0.0
this database,0.0
this developer,0.0
this enables,0.0
this feature,0.0
this for,0.0
this free,0.0
this functionality,0.0
this method,0.0
this information,0.0
this is,0.0
this json,0.0
this make,0.0
this market,0.0
this mean,0.0
thermostat,0.0
there are,0.0
their customer,0.0
their integrate,0.0
their is,0.0
their json,0.0
their location,0.0
their management,0.0
their medium,0.0
their method,0.0
their mobile,0.0
their money,0.0
their more,0.0
their music,0.0
their of,0.0
their online,0.0
their order,0.0
their other,0.0
their own,0.0
their into,0.0
their image,0.0
there,0.0
their health,0.0
their data,0.0
their database,0.0
their developer,0.0
their device,0.0
their digital,0.0
their domain,0.0
their email,0.0
their existing,0.0
their favorite,0.0
their file,0.0
their for,0.0
their friend,0.0
their from,0.0
their game,0.0
their google,0.0
their photo,0.0
their platform,0.0
their product,0.0
their project,0.0
their web,0.0
their website,0.0
their xml,0.0
their you,0.0
their your,0.0
them api,0.0
them available,0.0
them into,0.0
them send,0.0
them with,0.0
theme,0.0
themselves,0.0
then,0.0
then be,0.0
then use,0.0
their video,0.0
their using,0.0
their user,0.0
their site,0.0
their property,0.0
their provides,0.0
their rest,0.0
their search,0.0
their server,0.0
their service,0.0
their spreadsheet,0.0
their use,0.0
their system,0.0
their that,0.0
their this,0.0
their time,0.0
their travel,0.0
their us,0.0
technology provides,0.0
technology is,0.0
technology for,0.0
station,0.0
statistic api,0.0
statistic feed,0.0
statistic for,0.0
statistical,0.0
statistical data,0.0
stats,0.0
stats api,0.0
stats season,0.0
status,0.0
status api,0.0
status of,0.0
stay,0.0
steam,0.0
step,0.0
still,0.0
statistic,0.0
static map,0.0
standard for,0.0
static,0.0
standard protocol,0.0
standardize,0.0
standardized,0.0
standing,0.0
star,0.0
start,0.0
started,0.0
started this,0.0
starting,0.0
startup,0.0
startup developer,0.0
state,0.0
state government,0.0
state of,0.0
stated,0.0
still beta,0.0
stock,0.0
stock exchange,0.0
stock market,0.0
storefront,0.0
storm,0.0
story,0.0
strategic,0.0
strategy,0.0
stream,0.0
stream of,0.0
streaming,0.0
streaming service,0.0
streamline,0.0
streamlined,0.0
street,0.0
strength,0.0
string,0.0
string crud,0.0
stored within,0.0
stored with,0.0
stored,0.0
storage user,0.0
stock price,0.0
stock quote,0.0
stop,0.0
storage application,0.0
storage for,0.0
storage platform,0.0
store,0.0
store their,0.0
store data,0.0
store file,0.0
store manage,0.0
store payment,0.0
store retrieve,0.0
store service,0.0
standard http,0.0
standard,0.0
structural,0.0
specializes,0.0
specializing,0.0
specializing ai,0.0
specie,0.0
specific,0.0
specific data,0.0
specific information,0.0
specific location,0.0
specific user,0.0
specifically,0.0
specifically for,0.0
specification for,0.0
specified,0.0
specified by,0.0
specified location,0.0
specify,0.0
specializes many,0.0
specialized,0.0
stand,0.0
specialize wide,0.0
sourced,0.0
south,0.0
space,0.0
spain,0.0
spam,0.0
spanish,0.0
spanning,0.0
spark,0.0
sparkleshare,0.0
spatial,0.0
speaker,0.0
spec,0.0
special,0.0
specialist,0.0
specialize,0.0
specifying,0.0
spectacular,0.0
speech,0.0
speech recognition,0.0
spread,0.0
spreadsheet,0.0
spreadsheet each,0.0
spree,0.0
sprint,0.0
sql,0.0
square,0.0
ssl certificate,0.0
ssl for,0.0
st,0.0
stable,0.0
stack,0.0
staff,0.0
stage,0.0
stamp,0.0
spotify,0.0
spot,0.0
sportradar is,0.0
sponsored,0.0
spell,0.0
spending,0.0
spent,0.0
split,0.0
split dividend,0.0
split ratio,0.0
sport,0.0
sportradar,0.0
sport betting,0.0
sport data,0.0
sport discipline,0.0
sport event,0.0
sport web,0.0
sporting,0.0
strong,0.0
structure,0.0
technology company,0.0
syndication,0.0
syntax,0.0
syntax investor,0.0
system api,0.0
system application,0.0
system can,0.0
system designed,0.0
system for,0.0
system from,0.0
system is,0.0
system it,0.0
system lm,0.0
system of,0.0
system provides,0.0
system service,0.0
system that,0.0
synonym,0.0
syncing,0.0
support variety,0.0
synchronize,0.0
supported by,0.0
supporting,0.0
supreme,0.0
surdoc,0.0
surf,0.0
surface,0.0
survey,0.0
sustainability,0.0
sweden,0.0
swedish,0.0
switch,0.0
switzerland,0.0
sycamore,0.0
symbol,0.0
sync,0.0
system this,0.0
system which,0.0
systematic,0.0
tab,0.0
task that,0.0
taxi,0.0
taxonomic,0.0
taxonomy,0.0
teacher,0.0
teaching,0.0
team collaboration,0.0
team member,0.0
team of,0.0
team player,0.0
teamwork,0.0
tech,0.0
technical,0.0
technique,0.0
technology,0.0
task such,0.0
task management,0.0
task,0.0
taking,0.0
tag,0.0
tagging,0.0
tailored,0.0
take,0.0
take advantage,0.0
taken,0.0
taking place,0.0
tariff,0.0
talk,0.0
tank,0.0
tap,0.0
tape,0.0
target,0.0
targeting,0.0
support xml,0.0
support user,0.0
structured,0.0
subset of,0.0
subtitle,0.0
subway,0.0
success,0.0
successful,0.0
such api,0.0
such component,0.0
such data,0.0
such image,0.0
such information,0.0
such name,0.0
such service,0.0
such user,0.0
suggest,0.0
suggested,0.0
suggestion,0.0
substitute,0.0
subset,0.0
support use,0.0
subscription,0.0
structured data,0.0
student,0.0
student information,0.0
studio,0.0
study,0.0
style,0.0
sub,0.0
subject,0.0
submission,0.0
submission of,0.0
submit,0.0
submitted,0.0
submitting,0.0
subscribe,0.0
subscriber,0.0
suitable,0.0
suitable for,0.0
suite,0.0
suite of,0.0
support for,0.0
support is,0.0
support json,0.0
support listing,0.0
support multiple,0.0
support over,0.0
support real,0.0
support rest,0.0
support retrieval,0.0
support search,0.0
support service,0.0
support submission,0.0
support submitting,0.0
support system,0.0
support tutorial,0.0
support data,0.0
support creation,0.0
support creating,0.0
superb,0.0
suited,0.0
suited for,0.0
summary,0.0
summary from,0.0
summary of,0.0
sunlight,0.0
superior,0.0
support both,0.0
supplied,0.0
supplier,0.0
supply,0.0
supply chain,0.0
support access,0.0
support api,0.0
lower,0.0
league,0.0
low open,0.0
chat with,0.0
chatting,0.0
check,0.0
check balance,0.0
check for,0.0
check status,0.0
check their,0.0
checker,0.0
checking,0.0
checklist,0.0
checkmate,0.0
checkout,0.0
checkout that,0.0
chemical,0.0
child,0.0
china,0.0
chatbot,0.0
chat support,0.0
chinese banking,0.0
chat service,0.0
changing,0.0
channel,0.0
channel for,0.0
character,0.0
characteristic,0.0
characteristic of,0.0
charge,0.0
charge access,0.0
charged,0.0
charging,0.0
charity,0.0
chart,0.0
chartbeat,0.0
chat api,0.0
chat bot,0.0
chinese,0.0
choice,0.0
change that,0.0
civic,0.0
ckan api,0.0
claim,0.0
class,0.0
classic,0.0
classified,0.0
classify,0.0
classroom,0.0
clean,0.0
cleaning,0.0
clear,0.0
click,0.0
click call,0.0
clickatell,0.0
clickbank,0.0
client,0.0
ckan,0.0
city state,0.0
choose,0.0
city of,0.0
choose from,0.0
chord,0.0
chosen,0.0
chosen meteorological,0.0
chosen weather,0.0
chrome,0.0
chromecast,0.0
church,0.0
circumstance,0.0
cisco,0.0
citation,0.0
citizen,0.0
city,0.0
city country,0.0
city county,0.0
changed,0.0
change api,0.0
complete,0.0
capturing,0.0
car hire,0.0
car rental,0.0
carbon,0.0
card information,0.0
card payment,0.0
card processing,0.0
card transaction,0.0
cardholder,0.0
care,0.0
care of,0.0
career,0.0
cargo,0.0
caribbean,0.0
carmalink,0.0
carrier,0.0
car,0.0
captured,0.0
cart,0.0
caption,0.0
can you,0.0
can your,0.0
canada,0.0
canadian,0.0
cancel,0.0
cancellation,0.0
cancer,0.0
candidate,0.0
canvas,0.0
capability into,0.0
capability of,0.0
capable,0.0
capable of,0.0
capacity,0.0
capital,0.0
carrier service,0.0
case,0.0
change,0.0
cell,0.0
cellular,0.0
census,0.0
center,0.0
centered,0.0
central,0.0
centralized,0.0
centralizes,0.0
centre,0.0
certain,0.0
certificate,0.0
certification,0.0
certified,0.0
chain,0.0
challenge,0.0
champion,0.0
cell phone,0.0
celebrity,0.0
cash,0.0
cdn,0.0
cast,0.0
cat,0.0
cat fact,0.0
catalog,0.0
catalog api,0.0
catalog of,0.0
catalogue,0.0
catbot,0.0
catch,0.0
categorization,0.0
categorized,0.0
categorized by,0.0
category such,0.0
cause,0.0
cd,0.0
client api,0.0
client application,0.0
client around,0.0
coming soon,0.0
command line,0.0
comment,0.0
commerce api,0.0
commerce is,0.0
commerce platform,0.0
commerce solution,0.0
commercial,0.0
commercial use,0.0
commission,0.0
commitment,0.0
committee,0.0
commodity,0.0
common,0.0
commonly,0.0
communicate,0.0
command,0.0
coming,0.0
communication application,0.0
comindwork,0.0
com api,0.0
com for,0.0
com is,0.0
com live,0.0
com offer,0.0
com provides,0.0
com with,0.0
combination,0.0
combination of,0.0
combined,0.0
combining,0.0
come,0.0
come from,0.0
come with,0.0
comic,0.0
communicate with,0.0
communication between,0.0
client can,0.0
company specializing,0.0
company who,0.0
company with,0.0
comparative,0.0
compare,0.0
comparison,0.0
compatibility,0.0
compatibility with,0.0
compatible,0.0
compatible with,0.0
competition,0.0
competitive,0.0
competitor,0.0
competitor result,0.0
compile,0.0
compiles,0.0
company that,0.0
company providing,0.0
communication channel,0.0
company it,0.0
communication platform,0.0
communication service,0.0
communication with,0.0
community for,0.0
community medium,0.0
community of,0.0
community that,0.0
commuter,0.0
company,0.0
company based,0.0
company can,0.0
company focused,0.0
company individual,0.0
company information,0.0
company is,0.0
color,0.0
college,0.0
collection of,0.0
cloud application,0.0
cloud cloud,0.0
cloud company,0.0
cloud computing,0.0
cloud data,0.0
cloud database,0.0
cloud drive,0.0
cloud for,0.0
cloud from,0.0
cloud hosting,0.0
cloud is,0.0
cloud it,0.0
cloud management,0.0
cloud platform,0.0
cloud provides,0.0
cloud server,0.0
cloud can,0.0
cloud api,0.0
collection data,0.0
cloud allows,0.0
client library,0.0
client side,0.0
climate,0.0
clinical,0.0
clinical trial,0.0
clip,0.0
close,0.0
close of,0.0
close price,0.0
close volume,0.0
closed,0.0
closing,0.0
clothing,0.0
cloud access,0.0
cloud account,0.0
cloud service,0.0
cloud solution,0.0
cloud storage,0.0
cloud that,0.0
code sample,0.0
code that,0.0
code this,0.0
coin,0.0
coinbase,0.0
collaboration,0.0
collaboration tool,0.0
collaborative,0.0
collect,0.0
collected,0.0
collected by,0.0
collected from,0.0
collecting,0.0
collection,0.0
collection api,0.0
code provides,0.0
code it,0.0
code is,0.0
cm,0.0
cloud this,0.0
cloud user,0.0
cloud with,0.0
club,0.0
cluster,0.0
clustering,0.0
cm telecom,0.0
code from,0.0
co,0.0
coast,0.0
code,0.0
code api,0.0
code example,0.0
code for,0.0
can xml,0.0
can write,0.0
can work,0.0
business that,0.0
business user,0.0
business with,0.0
businessusa,0.0
businessusa is,0.0
button,0.0
buy,0.0
buy sell,0.0
buyer,0.0
buying,0.0
buying selling,0.0
by allowing,0.0
by api,0.0
by application,0.0
by both,0.0
by category,0.0
business their,0.0
business process,0.0
by connecting,0.0
business owner,0.0
business account,0.0
business allows,0.0
business api,0.0
business application,0.0
business business,0.0
business can,0.0
business contact,0.0
business data,0.0
business developer,0.0
business individual,0.0
business information,0.0
business intelligence,0.0
business it,0.0
business need,0.0
business organization,0.0
by company,0.0
by creating,0.0
cab,0.0
by multiple,0.0
by offering,0.0
by open,0.0
by other,0.0
by provider,0.0
by providing,0.0
by request,0.0
by sending,0.0
by service,0.0
by their,0.0
by this,0.0
by time,0.0
by title,0.0
by type,0.0
by using,0.0
by zip,0.0
by name,0.0
by medium,0.0
by customer,0.0
by making,0.0
by date,0.0
by default,0.0
by developer,0.0
by email,0.0
by genre,0.0
by godaddy,0.0
by google,0.0
by hp,0.0
by ibm,0.0
by id,0.0
by individual,0.0
by integrating,0.0
by keyword,0.0
by latitude,0.0
by location,0.0
bus stop,0.0
bus,0.0
burst sm,0.0
bound,0.0
box,0.0
box api,0.0
box score,0.0
brain,0.0
branch,0.0
brand company,0.0
branded,0.0
branding,0.0
brazil,0.0
breach,0.0
break,0.0
breaking,0.0
bridge,0.0
bridge feature,0.0
brightcove,0.0
boundary,0.0
bounce,0.0
burst,0.0
both xml,0.0
body,0.0
book,0.0
book information,0.0
booking,0.0
booking engine,0.0
booking service,0.0
bookmark,0.0
border,0.0
bot,0.0
bot api,0.0
both,0.0
both english,0.0
both rest,0.0
both soap,0.0
both web,0.0
brightcove is,0.0
bring,0.0
brings,0.0
brings end,0.0
bug,0.0
build application,0.0
build apps,0.0
build custom,0.0
build house,0.0
build new,0.0
build their,0.0
build web,0.0
builder,0.0
built,0.0
built by,0.0
built top,0.0
built with,0.0
bulk sm,0.0
bureau,0.0
budget,0.0
buddy,0.0
bucket,0.0
broader,0.0
britain,0.0
british,0.0
broadband,0.0
broadcast,0.0
broadcaster,0.0
broadcasting,0.0
broken,0.0
btc,0.0
broker,0.0
brokerage,0.0
browse,0.0
browse search,0.0
browser,0.0
browsing,0.0
ca,0.0
cable,0.0
can with,0.0
can json,0.0
can look,0.0
can make,0.0
can manage,0.0
can management,0.0
can method,0.0
can more,0.0
can now,0.0
can of,0.0
can offer,0.0
can online,0.0
can only,0.0
can order,0.0
can other,0.0
can pay,0.0
can perform,0.0
can list,0.0
can is,0.0
can plan,0.0
can into,0.0
can filter,0.0
can find,0.0
can follow,0.0
can for,0.0
can from,0.0
can generate,0.0
can get,0.0
can handle,0.0
can help,0.0
can image,0.0
can implement,0.0
can include,0.0
can information,0.0
can integrate,0.0
can interact,0.0
can place,0.0
can platform,0.0
cache,0.0
can start,0.0
can submit,0.0
can support,0.0
can take,0.0
can test,0.0
can that,0.0
can their,0.0
can then,0.0
can this,0.0
can track,0.0
can upload,0.0
can use,0.0
can user,0.0
can utilize,0.0
can view,0.0
can web,0.0
can store,0.0
can specify,0.0
can provide,0.0
can sign,0.0
can provides,0.0
can pull,0.0
can query,0.0
can register,0.0
can request,0.0
can rest,0.0
can retrieve,0.0
can return,0.0
can scale,0.0
can search,0.0
can see,0.0
can send,0.0
can service,0.0
can set,0.0
can share,0.0
can file,0.0
can either,0.0
can easily,0.0
call for,0.0
call get,0.0
call include,0.0
call is,0.0
call issued,0.0
call over,0.0
call per,0.0
call response,0.0
call retrieve,0.0
call return,0.0
call service,0.0
call that,0.0
call this,0.0
call user,0.0
call using,0.0
call will,0.0
call from,0.0
call data,0.0
can download,0.0
call center,0.0
calculate,0.0
calculated,0.0
calculates,0.0
calculation,0.0
calculation of,0.0
calculator,0.0
calendar,0.0
california,0.0
call access,0.0
call account,0.0
call allows,0.0
call api,0.0
call are,0.0
call call,0.0
call can,0.0
call with,0.0
call xml,0.0
callback,0.0
called,0.0
can call,0.0
can can,0.0
can choose,0.0
can cloud,0.0
can connect,0.0
can contact,0.0
can create,0.0
can customize,0.0
can data,0.0
can database,0.0
can deploy,0.0
can develop,0.0
can developer,0.0
can display,0.0
can do,0.0
can build,0.0
can browse,0.0
can benefit,0.0
can access,0.0
caller,0.0
calling,0.0
camera,0.0
campaign api,0.0
campground,0.0
campus,0.0
can account,0.0
can available,0.0
can add,0.0
can also,0.0
can api,0.0
can application,0.0
can are,0.0
can authenticate,0.0
complaint,0.0
completed,0.0
low latency,0.0
data method,0.0
data model,0.0
data more,0.0
data odds,0.0
data offer,0.0
data online,0.0
data open,0.0
data other,0.0
data platform,0.0
data point,0.0
data price,0.0
data processing,0.0
data programmatically,0.0
data project,0.0
data provide,0.0
data provided,0.0
data mobile,0.0
data metadata,0.0
data provides,0.0
data managing,0.0
data functionality,0.0
data get,0.0
data image,0.0
data include,0.0
data includes,0.0
data including,0.0
data information,0.0
data integrate,0.0
data international,0.0
data into,0.0
data is,0.0
data it,0.0
data json,0.0
data manage,0.0
data management,0.0
data provider,0.0
data public,0.0
data format,0.0
data standard,0.0
data storage,0.0
data store,0.0
data stored,0.0
data such,0.0
data summary,0.0
data support,0.0
data that,0.0
data this,0.0
data through,0.0
data type,0.0
data us,0.0
data use,0.0
data user,0.0
data using,0.0
data validation,0.0
data stats,0.0
data source,0.0
data quality,0.0
data solution,0.0
data real,0.0
data report,0.0
data request,0.0
data resource,0.0
data response,0.0
data rest,0.0
data retrieval,0.0
data returned,0.0
data search,0.0
data service,0.0
data set,0.0
data share,0.0
data sharing,0.0
data site,0.0
data software,0.0
data from,0.0
data for,0.0
completely,0.0
cx,0.0
cycle,0.0
cycling,0.0
czech,0.0
czech republic,0.0
daac,0.0
daily,0.0
daily deal,0.0
daily result,0.0
daily schedule,0.0
daily update,0.0
dance,0.0
danish,0.0
dash,0.0
data about,0.0
data access,0.0
cyber,0.0
cutting edge,0.0
data adjusted,0.0
cutting,0.0
customer support,0.0
customer that,0.0
customer their,0.0
customer user,0.0
customer using,0.0
customer via,0.0
customer with,0.0
customizable,0.0
customization,0.0
customization of,0.0
customize,0.0
customize their,0.0
customized,0.0
customizing,0.0
cut,0.0
data across,0.0
data all,0.0
data file,0.0
data cloud,0.0
data collection,0.0
data content,0.0
data create,0.0
data data,0.0
data database,0.0
data describing,0.0
data developer,0.0
data document,0.0
data domain,0.0
data driven,0.0
data either,0.0
data entry,0.0
data exchange,0.0
data feature,0.0
data feed,0.0
data collected,0.0
data center,0.0
data allows,0.0
data catalog,0.0
data also,0.0
data analysis,0.0
data analytics,0.0
data application,0.0
data are,0.0
data associated,0.0
data available,0.0
data back,0.0
data bank,0.0
data based,0.0
data be,0.0
data between,0.0
data build,0.0
data by,0.0
data can,0.0
data via,0.0
data visualization,0.0
data warehouse,0.0
deluxe,0.0
demo,0.0
demographic information,0.0
department,0.0
department of,0.0
departure,0.0
dependable,0.0
dependency,0.0
depending,0.0
deploy,0.0
deploy api,0.0
deployed,0.0
deploying,0.0
deploying application,0.0
deployment,0.0
deployment of,0.0
demand,0.0
delivery status,0.0
deploys,0.0
delivery service,0.0
delay,0.0
delayed,0.0
deleted,0.0
deleting,0.0
deletion,0.0
deliver,0.0
delivered,0.0
delivering,0.0
delivers comprehensive,0.0
delivers data,0.0
delivery coordination,0.0
delivery network,0.0
delivery of,0.0
delivery option,0.0
delivery report,0.0
deployment package,0.0
deposit,0.0
data web,0.0
designed specifically,0.0
designer,0.0
desired,0.0
desired result,0.0
desk,0.0
desktop,0.0
desktop application,0.0
desktop mobile,0.0
destination,0.0
detail,0.0
detail about,0.0
detail for,0.0
detail of,0.0
detail such,0.0
detailed,0.0
detailed information,0.0
designed support,0.0
designed provide,0.0
depth,0.0
designed make,0.0
derived,0.0
describe,0.0
describes,0.0
describing,0.0
description,0.0
description of,0.0
descriptive,0.0
designated,0.0
designation,0.0
designation of,0.0
designed,0.0
designed allow,0.0
designed be,0.0
designed for,0.0
designed help,0.0
definition for,0.0
definition,0.0
defines soa,0.0
database into,0.0
database it,0.0
database of,0.0
database other,0.0
database provides,0.0
database return,0.0
database search,0.0
database service,0.0
database that,0.0
database this,0.0
database user,0.0
database using,0.0
database web,0.0
database with,0.0
dataset,0.0
datasets,0.0
database is,0.0
database from,0.0
defines,0.0
database for,0.0
data well,0.0
data xml,0.0
data you,0.0
data your,0.0
database,0.0
database access,0.0
database allows,0.0
database api,0.0
database application,0.0
database are,0.0
database can,0.0
database containing,0.0
database contains,0.0
database data,0.0
database developer,0.0
datastore,0.0
date,0.0
date api,0.0
date information,0.0
deal with,0.0
dealer,0.0
debit,0.0
debit card,0.0
debt,0.0
decide,0.0
decision,0.0
decision making,0.0
decorate,0.0
decrease,0.0
dedicated,0.0
deep,0.0
default,0.0
defense,0.0
define,0.0
deal,0.0
de,0.0
db free,0.0
day chat,0.0
date range,0.0
date time,0.0
date with,0.0
dating,0.0
day,0.0
day api,0.0
day eod,0.0
db,0.0
day exchange,0.0
day for,0.0
day is,0.0
day of,0.0
day price,0.0
day stock,0.0
customer search,0.0
customer relationship,0.0
customer product,0.0
content are,0.0
content can,0.0
content create,0.0
content data,0.0
content delivery,0.0
content existing,0.0
content for,0.0
content from,0.0
content functionality,0.0
content image,0.0
content including,0.0
content into,0.0
content is,0.0
content it,0.0
content management,0.0
content of,0.0
content available,0.0
content application,0.0
content platform,0.0
content api,0.0
consumption,0.0
contact center,0.0
contact information,0.0
contact management,0.0
contact provider,0.0
contacting,0.0
contain,0.0
contained,0.0
container,0.0
containing,0.0
contains,0.0
contains information,0.0
contemporary,0.0
content access,0.0
content allows,0.0
content other,0.0
content provides,0.0
conveyance of,0.0
contribution,0.0
control for,0.0
control over,0.0
control panel,0.0
controlled,0.0
controlling,0.0
convenient,0.0
conversation,0.0
conversion,0.0
conversion api,0.0
conversion image,0.0
conversion rate,0.0
convert,0.0
converted,0.0
converter,0.0
converting,0.0
contributor,0.0
contract,0.0
content search,0.0
continuously,0.0
content service,0.0
content statistical,0.0
content such,0.0
content that,0.0
content their,0.0
content user,0.0
content via,0.0
content with,0.0
content within,0.0
content your,0.0
context,0.0
contextual,0.0
continent,0.0
continually,0.0
continuous,0.0
consumed,0.0
consulting,0.0
consultation,0.0
comprehensive set,0.0
comprised,0.0
comprised of,0.0
compute,0.0
computing,0.0
concept,0.0
concept map,0.0
concert,0.0
condition,0.0
conduct,0.0
conference,0.0
conferencing,0.0
confidence,0.0
config,0.0
configurable,0.0
configuration,0.0
comprehensive shipping,0.0
comprehensive security,0.0
construction of,0.0
comprehensive knowledge,0.0
completion,0.0
complex problem,0.0
compliance,0.0
compliance with,0.0
compliant,0.0
compliant with,0.0
component,0.0
component of,0.0
composed,0.0
composed of,0.0
composer,0.0
composition,0.0
compound,0.0
comprehensive data,0.0
comprehensive database,0.0
configuration for,0.0
configure,0.0
configured,0.0
configuring,0.0
connector,0.0
connects,0.0
conservation,0.0
consistency,0.0
consistent,0.0
consisting,0.0
consisting of,0.0
consists,0.0
consists of,0.0
console,0.0
consolidated,0.0
consolidates,0.0
consortium,0.0
constantly,0.0
construct,0.0
connectivity,0.0
connection between,0.0
connecting with,0.0
connect,0.0
confirm,0.0
confirmation,0.0
conform,0.0
congress,0.0
conjunction,0.0
conjunction with,0.0
connect api,0.0
connecting,0.0
connect protocol,0.0
connect service,0.0
connect their,0.0
connect with,0.0
connected,0.0
connected device,0.0
conveyance,0.0
conveys,0.0
customer order,0.0
cropping,0.0
cross channel,0.0
cross platform,0.0
crowd,0.0
crucial,0.0
crud,0.0
crypto,0.0
crypto currency,0.0
cryptocurrencies,0.0
cryptocurrency,0.0
cryptocurrency exchange,0.0
cs,0.0
csv format,0.0
csv formatted,0.0
csv json,0.0
cta,0.0
cross,0.0
crop up,0.0
culture,0.0
crop,0.0
creation,0.0
creation date,0.0
creation management,0.0
creation of,0.0
creative,0.0
creative common,0.0
creator,0.0
credential,0.0
credit debit,0.0
cricket,0.0
cricket api,0.0
crime,0.0
criminal,0.0
criterion,0.0
critical,0.0
cultural,0.0
culture geography,0.0
conveys request,0.0
custom application,0.0
customer access,0.0
customer account,0.0
customer allows,0.0
customer api,0.0
customer are,0.0
customer can,0.0
customer create,0.0
customer data,0.0
customer engagement,0.0
customer experience,0.0
customer feedback,0.0
customer for,0.0
customer information,0.0
customer is,0.0
customer of,0.0
custom report,0.0
custom,0.0
cup,0.0
currently support,0.0
curated,0.0
curl,0.0
curl java,0.0
curl ruby,0.0
currency conversion,0.0
currency exchange,0.0
currency pair,0.0
current,0.0
current historical,0.0
current location,0.0
currently,0.0
currently api,0.0
currently available,0.0
currently beta,0.0
currently only,0.0
creating updating,0.0
creating testing,0.0
creating new,0.0
council,0.0
counter,0.0
counting,0.0
country api,0.0
country region,0.0
couple,0.0
course,0.0
court,0.0
cover,0.0
cover all,0.0
coverage,0.0
covered,0.0
crash,0.0
crate,0.0
create access,0.0
create account,0.0
count,0.0
could be,0.0
creating managing,0.0
could,0.0
coordinate,0.0
coordination,0.0
coordination offer,0.0
copyright,0.0
core,0.0
corporate,0.0
corporation,0.0
corporation limited,0.0
correct,0.0
correction,0.0
correspondence,0.0
corresponding,0.0
cost,0.0
cost effective,0.0
cost of,0.0
create allows,0.0
create api,0.0
create application,0.0
create apps,0.0
create provides,0.0
create send,0.0
create service,0.0
create share,0.0
create that,0.0
create their,0.0
create this,0.0
create unique,0.0
create update,0.0
create user,0.0
create web,0.0
create your,0.0
created by,0.0
creates,0.0
creating,0.0
create other,0.0
create new,0.0
create mobile,0.0
create developer,0.0
create are,0.0
create can,0.0
create create,0.0
create custom,0.0
create data,0.0
create delete,0.0
create edit,0.0
create manage,0.0
create from,0.0
create information,0.0
create integrate,0.0
create is,0.0
create json,0.0
create maintain,0.0
board,0.0
bm,0.0
bluetooth,0.0
allows rd,0.0
allows search,0.0
allows service,0.0
allows that,0.0
allows their,0.0
allows them,0.0
allows third,0.0
allows this,0.0
allows us,0.0
allows video,0.0
allows web,0.0
allows website,0.0
allows with,0.0
allows xml,0.0
allows you,0.0
allows your,0.0
allows rest,0.0
allows project,0.0
almost all,0.0
allows platform,0.0
allows information,0.0
allows integrate,0.0
allows integration,0.0
allows is,0.0
allows it,0.0
allows json,0.0
allows management,0.0
allows merchant,0.0
allows method,0.0
allows mobile,0.0
allows more,0.0
allows of,0.0
allows online,0.0
allows other,0.0
allows people,0.0
almost,0.0
along,0.0
allows from,0.0
also handle,0.0
also information,0.0
also let,0.0
also offer,0.0
also provide,0.0
also provides,0.0
also retrieve,0.0
also return,0.0
also search,0.0
also service,0.0
also that,0.0
also this,0.0
also use,0.0
also user,0.0
alter,0.0
alternative,0.0
also includes,0.0
also ha,0.0
along with,0.0
also give,0.0
alongside,0.0
alpha,0.0
already,0.0
also access,0.0
also allow,0.0
also allows,0.0
also are,0.0
also available,0.0
also be,0.0
also can,0.0
also create,0.0
also data,0.0
also developer,0.0
also enables,0.0
also get,0.0
allows image,0.0
allows for,0.0
bluemix,0.0
album,0.0
alerting,0.0
alexa,0.0
algorithm,0.0
alignment,0.0
all api,0.0
all aspect,0.0
all available,0.0
all call,0.0
all data,0.0
all developer,0.0
all feature,0.0
all historical,0.0
all information,0.0
all kind,0.0
all major,0.0
alert,0.0
akamai,0.0
all one,0.0
aka,0.0
ai,0.0
ai powered,0.0
ai web,0.0
aid,0.0
aim,0.0
aim be,0.0
aim improve,0.0
aim provide,0.0
aimed,0.0
aiming,0.0
air,0.0
airline,0.0
airport,0.0
airport api,0.0
ajax,0.0
all of,0.0
all other,0.0
allows customer,0.0
allowing user,0.0
allows access,0.0
allows account,0.0
allows any,0.0
allows anyone,0.0
allows api,0.0
allows application,0.0
allows apps,0.0
allows are,0.0
allows available,0.0
allows business,0.0
allows can,0.0
allows client,0.0
allows company,0.0
allows content,0.0
allows create,0.0
allowing you,0.0
allowing them,0.0
all platform,0.0
allowing for,0.0
all request,0.0
all response,0.0
all size,0.0
all software,0.0
all through,0.0
all type,0.0
all user,0.0
all your,0.0
alliance,0.0
allocation,0.0
allow developer,0.0
allow for,0.0
allow retrieval,0.0
allow user,0.0
allowing developer,0.0
although,0.0
always,0.0
am,0.0
api cloud,0.0
api consists,0.0
api content,0.0
api conveys,0.0
api create,0.0
api currently,0.0
api data,0.0
api database,0.0
api delivers,0.0
api developer,0.0
api documentation,0.0
api enables,0.0
api endpoint,0.0
api ensures,0.0
api excel,0.0
api exchange,0.0
api connects,0.0
api can,0.0
api facilitates,0.0
api call,0.0
api account,0.0
api add,0.0
api aim,0.0
api all,0.0
api allow,0.0
api allowing,0.0
api also,0.0
api analyzes,0.0
api api,0.0
api application,0.0
api are,0.0
api automates,0.0
api available,0.0
api brings,0.0
api by,0.0
api expose,0.0
api fantasydata,0.0
amadeus,0.0
api integrates,0.0
api interface,0.0
api into,0.0
api it,0.0
api json,0.0
api let,0.0
api make,0.0
api manage,0.0
api management,0.0
api market,0.0
api may,0.0
api mobile,0.0
api monitor,0.0
api more,0.0
api of,0.0
api operates,0.0
api integration,0.0
api integrate,0.0
api feature,0.0
api information,0.0
api file,0.0
api for,0.0
api format,0.0
api from,0.0
api function,0.0
api functionality,0.0
api generates,0.0
api get,0.0
api give,0.0
api ha,0.0
api handle,0.0
api help,0.0
api image,0.0
api include,0.0
api includes,0.0
api accepts,0.0
apartment,0.0
apache mesos,0.0
analysis indexing,0.0
analysis service,0.0
analysis tool,0.0
analysis user,0.0
analysis with,0.0
analyst,0.0
analyst keep,0.0
analytic,0.0
analytical,0.0
analytics,0.0
analytics about,0.0
analytics api,0.0
analytics data,0.0
analytics for,0.0
analytics platform,0.0
analytics service,0.0
analysis of,0.0
analysis for,0.0
apache,0.0
analysis api,0.0
amazon,0.0
amazon cloud,0.0
amazon ec,0.0
amazon web,0.0
amenity,0.0
america,0.0
american,0.0
amino,0.0
amino acid,0.0
among,0.0
among other,0.0
among others,0.0
amount,0.0
amount of,0.0
amro,0.0
analyze,0.0
analyzes,0.0
analyzing,0.0
anchored,0.0
any kind,0.0
any mobile,0.0
any of,0.0
any other,0.0
any platform,0.0
any programming,0.0
any time,0.0
any type,0.0
any user,0.0
any web,0.0
any website,0.0
anyone,0.0
anyone can,0.0
anything,0.0
anywhere world,0.0
any given,0.0
any device,0.0
any developer,0.0
annual,0.0
andritz,0.0
android,0.0
android io,0.0
animal,0.0
annotation,0.0
announcement,0.0
anonymous,0.0
any data,0.0
another,0.0
answer,0.0
answer question,0.0
anti,0.0
any application,0.0
any computer,0.0
agricultural,0.0
agreement,0.0
agile,0.0
access resource,0.0
access same,0.0
access search,0.0
access service,0.0
access site,0.0
access statistic,0.0
access such,0.0
access system,0.0
access that,0.0
access their,0.0
access these,0.0
access this,0.0
access token,0.0
access us,0.0
access use,0.0
access user,0.0
access rest,0.0
access real,0.0
access via,0.0
access public,0.0
access more,0.0
access most,0.0
access much,0.0
access multiple,0.0
access of,0.0
access online,0.0
access order,0.0
access other,0.0
access over,0.0
access photo,0.0
access platform,0.0
access private,0.0
access property,0.0
access provider,0.0
access provides,0.0
access variety,0.0
access video,0.0
account for,0.0
accessing,0.0
accessing data,0.0
accessing user,0.0
accommodates,0.0
accommodation,0.0
according,0.0
account access,0.0
account account,0.0
account allows,0.0
account are,0.0
account balance,0.0
account can,0.0
account customer,0.0
account data,0.0
account detail,0.0
account developer,0.0
accessing account,0.0
accessible with,0.0
access web,0.0
accessible via,0.0
access website,0.0
access with,0.0
access you,0.0
access your,0.0
accessed,0.0
accessed from,0.0
accessed programmatically,0.0
accessed through,0.0
accessed using,0.0
accessed via,0.0
accessibility,0.0
accessible,0.0
accessible from,0.0
accessible through,0.0
accessible using,0.0
access method,0.0
access market,0.0
access many,0.0
abstract,0.0
accept payment,0.0
acceptance,0.0
accepted,0.0
accepting,0.0
accepts,0.0
accepts http,0.0
access access,0.0
access account,0.0
access all,0.0
access allows,0.0
access also,0.0
access api,0.0
access application,0.0
access are,0.0
access available,0.0
academic,0.0
above,0.0
access management,0.0
about user,0.0
ability create,0.0
ability search,0.0
ability send,0.0
able,0.0
abn,0.0
abn amro,0.0
about,0.0
about any,0.0
about api,0.0
about data,0.0
about event,0.0
about individual,0.0
about service,0.0
about specific,0.0
about their,0.0
access business,0.0
access by,0.0
access call,0.0
access can,0.0
access for,0.0
access format,0.0
access from,0.0
access full,0.0
access function,0.0
access functionality,0.0
access get,0.0
access image,0.0
access information,0.0
access into,0.0
access is,0.0
access it,0.0
access json,0.0
access list,0.0
access manage,0.0
access file,0.0
access feature,0.0
access exchange,0.0
access create,0.0
access client,0.0
access cloud,0.0
access code,0.0
access come,0.0
access content,0.0
access control,0.0
access current,0.0
access event,0.0
access customer,0.0
access data,0.0
access database,0.0
access developer,0.0
access documentation,0.0
access domain,0.0
account financial,0.0
account from,0.0
aggregator,0.0
adjusted,0.0
adjusted for,0.0
adjusted price,0.0
adjustment,0.0
admin,0.0
administer,0.0
administration,0.0
administrative,0.0
administrator,0.0
admission,0.0
adobe,0.0
adp,0.0
adp apis,0.0
adspeed,0.0
advanced search,0.0
advantage,0.0
adjusted api,0.0
adjust,0.0
adventure,0.0
adherence,0.0
additional feature,0.0
additional functionality,0.0
additional information,0.0
additional price,0.0
additionally api,0.0
address api,0.0
address book,0.0
address complex,0.0
address diversity,0.0
address for,0.0
address from,0.0
address into,0.0
address is,0.0
address phone,0.0
adhere,0.0
advantage of,0.0
advertisement,0.0
account holder,0.0
affiliated with,0.0
affordable track,0.0
africa,0.0
after,0.0
after close,0.0
ag,0.0
against,0.0
against database,0.0
age,0.0
agency,0.0
agency for,0.0
agency that,0.0
agenda,0.0
agent,0.0
aggregate,0.0
aggregation,0.0
affordable,0.0
affiliated,0.0
advertiser,0.0
affiliate program,0.0
advertiser publisher,0.0
advertising,0.0
advertising campaign,0.0
advertising marketing,0.0
advertising network,0.0
advertising platform,0.0
advertising service,0.0
advice,0.0
advocacy,0.0
adwords,0.0
aerial,0.0
affect,0.0
affiliate,0.0
affiliate marketing,0.0
affiliate network,0.0
additional,0.0
addition adjusted,0.0
addition,0.0
account with,0.0
accounting,0.0
accredited,0.0
accuracy,0.0
accurate,0.0
ach,0.0
achieve,0.0
achievement,0.0
acid,0.0
acid sequence,0.0
acquia,0.0
acquia lift,0.0
acquire,0.0
acquisition,0.0
across all,0.0
across any,0.0
account you,0.0
account user,0.0
adding editing,0.0
account use,0.0
account including,0.0
account information,0.0
account it,0.0
account json,0.0
account management,0.0
account managing,0.0
account number,0.0
account platform,0.0
account provides,0.0
account retrieving,0.0
account service,0.0
account that,0.0
account their,0.0
account this,0.0
account transaction,0.0
across culture,0.0
across multiple,0.0
across web,0.0
act,0.0
ad network,0.0
ad serving,0.0
adapted,0.0
adaptive,0.0
add,0.0
add edit,0.0
add feature,0.0
add it,0.0
add new,0.0
add ons,0.0
add remove,0.0
add update,0.0
add user,0.0
added,0.0
adding,0.0
ad into,0.0
ad hoc,0.0
ad campaign,0.0
activetag,0.0
act web,0.0
action,0.0
actionable,0.0
actionscript,0.0
active,0.0
active directory,0.0
activity api,0.0
ad build,0.0
activity of,0.0
actual,0.0
actually,0.0
acuity,0.0
ad,0.0
ad api,0.0
api optimizes,0.0
api order,0.0
api other,0.0
available xml,0.0
avatar,0.0
average,0.0
aviation,0.0
avoid,0.0
award,0.0
aware,0.0
awareness,0.0
away,0.0
aws,0.0
azure,0.0
azure active,0.0
azure ad,0.0
back,0.0
back end,0.0
back high,0.0
available you,0.0
available with,0.0
back up,0.0
available web,0.0
available online,0.0
available other,0.0
available platform,0.0
available programmatically,0.0
available provides,0.0
available rest,0.0
available service,0.0
available site,0.0
available that,0.0
available their,0.0
available this,0.0
available through,0.0
available upon,0.0
available user,0.0
available via,0.0
back office,0.0
backed,0.0
based application,0.0
bank of,0.0
banking,0.0
banking api,0.0
banking application,0.0
banking corporation,0.0
banking industry,0.0
banking service,0.0
banner,0.0
bar,0.0
barcode,0.0
bare,0.0
bare metal,0.0
base,0.0
baseball,0.0
based access,0.0
based api,0.0
bank that,0.0
bank data,0.0
backed by,0.0
bank account,0.0
backend,0.0
backend service,0.0
backend system,0.0
background,0.0
backup,0.0
bad,0.0
bain,0.0
bain is,0.0
bain rest,0.0
balancing,0.0
ball,0.0
ban,0.0
banckle,0.0
band,0.0
bandwidth,0.0
available of,0.0
available more,0.0
available method,0.0
authentication github,0.0
authentication json,0.0
authentication method,0.0
authentication system,0.0
authentication token,0.0
authentication use,0.0
authentication via,0.0
author,0.0
authoritative,0.0
authorization,0.0
authorize,0.0
auto,0.0
autocomplete,0.0
automate,0.0
automated,0.0
automates,0.0
authentication is,0.0
authentication developer,0.0
available json,0.0
authentication api,0.0
attribute,0.0
attribution,0.0
auction,0.0
audience,0.0
audio,0.0
audio video,0.0
audit,0.0
auditing,0.0
australia,0.0
australian,0.0
auth,0.0
authentic,0.0
authenticate,0.0
authenticate with,0.0
authenticates,0.0
automatic,0.0
automatically,0.0
automating,0.0
automation,0.0
available can,0.0
available content,0.0
available data,0.0
available database,0.0
available developer,0.0
available domain,0.0
available english,0.0
available for,0.0
available from,0.0
available get,0.0
available high,0.0
available image,0.0
available information,0.0
available integrate,0.0
available is,0.0
available by,0.0
available both,0.0
available back,0.0
available access,0.0
automation application,0.0
automation of,0.0
automation with,0.0
automotive,0.0
availability,0.0
availability of,0.0
available addition,0.0
available available,0.0
available all,0.0
available allows,0.0
available api,0.0
available apis,0.0
available application,0.0
available are,0.0
based apis,0.0
based authentication,0.0
attendee,0.0
betting related,0.0
between two,0.0
beyond,0.0
bible,0.0
bibliographic,0.0
bicycle,0.0
bid,0.0
bid ask,0.0
big,0.0
big bash,0.0
big data,0.0
bike,0.0
bill,0.0
billing,0.0
billion,0.0
binary,0.0
between,0.0
betting,0.0
binding,0.0
better,0.0
behavioral,0.0
behind,0.0
being,0.0
belgium,0.0
below,0.0
benchmark,0.0
benefit,0.0
benefit from,0.0
benefit of,0.0
bermuda,0.0
best,0.0
bet,0.0
beta,0.0
beta api,0.0
beta release,0.0
bind,0.0
bing,0.0
based bitcoin,0.0
bitcoin with,0.0
bitfactura,0.0
bitmovin,0.0
black,0.0
blackberry,0.0
blast,0.0
blob,0.0
block,0.0
block chain,0.0
blockchain,0.0
blocktrail,0.0
blog,0.0
blog post,0.0
blogger,0.0
blood,0.0
blue,0.0
bitcoins,0.0
bitcoin transaction,0.0
bing map,0.0
bitcoin payment,0.0
biodiversity,0.0
bioinformatics,0.0
bioinformatics institute,0.0
biological,0.0
biology,0.0
biomedical,0.0
bird,0.0
bit,0.0
bitcoin,0.0
bitcoin address,0.0
bitcoin bitcoin,0.0
bitcoin cryptocurrency,0.0
bitcoin data,0.0
bitcoin exchange,0.0
bitcoin litecoin,0.0
behavior,0.0
behalf of,0.0
behalf,0.0
based web,0.0
bash league,0.0
basic auth,0.0
basic authentication,0.0
basic http,0.0
basic information,0.0
basis,0.0
basis of,0.0
basketball,0.0
batch,0.0
battery,0.0
bb,0.0
bbc,0.0
bbva,0.0
bbva api,0.0
bbva user,0.0
bash,0.0
based user,0.0
begin,0.0
based us,0.0
based can,0.0
based company,0.0
based data,0.0
based email,0.0
based exchange,0.0
based file,0.0
based india,0.0
based information,0.0
based platform,0.0
based search,0.0
based service,0.0
based software,0.0
based solution,0.0
based storage,0.0
based their,0.0
be able,0.0
be accessed,0.0
be added,0.0
be application,0.0
be returned,0.0
be shared,0.0
be stored,0.0
be that,0.0
be uploaded,0.0
be useful,0.0
be viewed,0.0
be xml,0.0
beach,0.0
beagle,0.0
because,0.0
become,0.0
been,0.0
before,0.0
before they,0.0
be retrieved,0.0
be queried,0.0
be provided,0.0
be easily,0.0
be available,0.0
be built,0.0
be called,0.0
be created,0.0
be customized,0.0
be displayed,0.0
be embedded,0.0
be obtained,0.0
be found,0.0
be implemented,0.0
be included,0.0
be integrated,0.0
be json,0.0
be made,0.0
attraction,0.0
attempt,0.0
api platform,0.0
application create,0.0
application database,0.0
application device,0.0
application document,0.0
application enabling,0.0
application event,0.0
application example,0.0
application feature,0.0
application file,0.0
application from,0.0
application functionality,0.0
application game,0.0
application get,0.0
application host,0.0
application image,0.0
application imagga,0.0
application data,0.0
application content,0.0
application including,0.0
application code,0.0
application allowing,0.0
application allows,0.0
application also,0.0
application api,0.0
application app,0.0
application application,0.0
application are,0.0
application around,0.0
application available,0.0
application be,0.0
application build,0.0
application built,0.0
application by,0.0
application call,0.0
application cloud,0.0
application include,0.0
application information,0.0
application this,0.0
application other,0.0
application platform,0.0
application provides,0.0
application providing,0.0
application public,0.0
application request,0.0
application rest,0.0
application retrieve,0.0
application search,0.0
application send,0.0
application service,0.0
application site,0.0
application some,0.0
application such,0.0
application support,0.0
application system,0.0
application oversea,0.0
application online,0.0
application integrate,0.0
application of,0.0
application integration,0.0
application interact,0.0
application into,0.0
application it,0.0
application json,0.0
application main,0.0
application manage,0.0
application management,0.0
application managing,0.0
application map,0.0
application mashups,0.0
application mendix,0.0
application method,0.0
application mobile,0.0
application more,0.0
application all,0.0
application account,0.0
application access,0.0
api that,0.0
api they,0.0
api through,0.0
api token,0.0
api track,0.0
api use,0.0
api user,0.0
api using,0.0
api utilizes,0.0
api via,0.0
api video,0.0
api wa,0.0
api web,0.0
api website,0.0
api well,0.0
api which,0.0
api their,0.0
api supported,0.0
applicant,0.0
api support,0.0
api provide,0.0
api provided,0.0
api provider,0.0
api request,0.0
api requires,0.0
api response,0.0
api rest,0.0
api restful,0.0
api retrieve,0.0
api retrieves,0.0
api search,0.0
api simplifies,0.0
api software,0.0
api specification,0.0
api such,0.0
api will,0.0
api with,0.0
api without,0.0
api work,0.0
app development,0.0
app for,0.0
app is,0.0
app service,0.0
app store,0.0
app that,0.0
app user,0.0
app with,0.0
appear,0.0
appearance,0.0
appearance of,0.0
appears,0.0
append,0.0
apple,0.0
appliance,0.0
app developer,0.0
app cloud,0.0
app api,0.0
apis can,0.0
api xml,0.0
api you,0.0
api your,0.0
apis allow,0.0
apis are,0.0
apis available,0.0
apis enable,0.0
app,0.0
apis for,0.0
apis including,0.0
apis provide,0.0
apis that,0.0
apis this,0.0
apis use,0.0
application their,0.0
application through,0.0
attack,0.0
are that,0.0
are this,0.0
are use,0.0
are using,0.0
are web,0.0
are with,0.0
are xml,0.0
are you,0.0
are your,0.0
area of,0.0
around,0.0
around globe,0.0
around web,0.0
around world,0.0
array,0.0
array of,0.0
are their,0.0
are supported,0.0
arrival,0.0
are service,0.0
are of,0.0
are offered,0.0
are only,0.0
are other,0.0
are pay,0.0
are platform,0.0
are provided,0.0
are provides,0.0
are released,0.0
are required,0.0
are rest,0.0
are restful,0.0
are retrieving,0.0
are returned,0.0
are search,0.0
arrayent,0.0
arrival time,0.0
application top,0.0
assistance,0.0
associated,0.0
associated with,0.0
association,0.0
assurance,0.0
asterank,0.0
astronomical,0.0
asynchronous,0.0
atlas,0.0
atlasct,0.0
atm,0.0
atmospheric,0.0
atmospheric monitoring,0.0
atom,0.0
atomic,0.0
attachment,0.0
associate,0.0
assist,0.0
art,0.0
assignment,0.0
article,0.0
artificial,0.0
artificial intelligence,0.0
artist,0.0
artwork,0.0
asia,0.0
ask,0.0
asp,0.0
aspect,0.0
aspect of,0.0
ass,0.0
assessment,0.0
asset,0.0
asset management,0.0
assign,0.0
are not,0.0
are more,0.0
are made,0.0
appointment,0.0
appropriate,0.0
approval,0.0
approved,0.0
apps,0.0
apps api,0.0
apps can,0.0
apps for,0.0
apps it,0.0
apps service,0.0
apps that,0.0
apps with,0.0
arbitrary,0.0
arcgis,0.0
architecture,0.0
architecture network,0.0
approach,0.0
applying,0.0
are json,0.0
apply,0.0
application us,0.0
application use,0.0
application user,0.0
application using,0.0
application via,0.0
application video,0.0
application web,0.0
application website,0.0
application well,0.0
application which,0.0
application with,0.0
application xml,0.0
application you,0.0
application your,0.0
applied,0.0
architecture with,0.0
archive,0.0
archive network,0.0
archive of,0.0
are database,0.0
are designed,0.0
are developer,0.0
are event,0.0
are file,0.0
are for,0.0
are formatted,0.0
are free,0.0
are from,0.0
are given,0.0
are included,0.0
are information,0.0
are integrate,0.0
are into,0.0
are is,0.0
are data,0.0
are currently,0.0
are create,0.0
are allows,0.0
archived,0.0
archiving,0.0
are able,0.0
are access,0.0
are accessible,0.0
are all,0.0
are also,0.0
are content,0.0
are api,0.0
are application,0.0
are are,0.0
are available,0.0
are built,0.0
are can,0.0
detect,0.0
detected,0.0
detecting,0.0
information access,0.0
information account,0.0
information all,0.0
information allows,0.0
information api,0.0
information application,0.0
information available,0.0
information based,0.0
information by,0.0
information can,0.0
information cloud,0.0
information content,0.0
information create,0.0
information data,0.0
information database,0.0
information developer,0.0
information accessing,0.0
information about,0.0
information event,0.0
informatics,0.0
indian premier,0.0
indicate,0.0
indicator,0.0
individual organization,0.0
individual startup,0.0
individual user,0.0
individually,0.0
indoor,0.0
industrial,0.0
industry architecture,0.0
industry standard,0.0
infinite,0.0
influence,0.0
info,0.0
info api,0.0
information directly,0.0
information exchange,0.0
india,0.0
information more,0.0
information online,0.0
information platform,0.0
information product,0.0
information project,0.0
information provided,0.0
information provides,0.0
information real,0.0
information regarding,0.0
information related,0.0
information request,0.0
information resource,0.0
information retrieval,0.0
information retrieving,0.0
information search,0.0
information site,0.0
information of,0.0
information method,0.0
information for,0.0
information managing,0.0
information from,0.0
information functionality,0.0
information get,0.0
information image,0.0
information includes,0.0
information including,0.0
information information,0.0
information integrate,0.0
information into,0.0
information is,0.0
information json,0.0
information like,0.0
information list,0.0
information listing,0.0
information management,0.0
indian,0.0
indexing search,0.0
get request,0.0
imdb,0.0
immediately,0.0
impact,0.0
impeccable,0.0
implement security,0.0
implementation,0.0
implementation of,0.0
implemented,0.0
implementing,0.0
import,0.0
important,0.0
importing,0.0
improve,0.0
improve user,0.0
improved,0.0
improvement,0.0
immediate,0.0
imaging,0.0
in,0.0
imagga,0.0
image provides,0.0
image recognition,0.0
image rest,0.0
image search,0.0
image service,0.0
image that,0.0
image their,0.0
image this,0.0
image use,0.0
image user,0.0
image video,0.0
image web,0.0
image with,0.0
image your,0.0
imagery,0.0
improving,0.0
inbound,0.0
indexing,0.0
includes access,0.0
includes information,0.0
including data,0.0
including international,0.0
including user,0.0
income,0.0
incoming,0.0
incorporate,0.0
incorporated,0.0
increase,0.0
increased,0.0
increasing,0.0
independent,0.0
independently,0.0
index,0.0
indexed,0.0
includes event,0.0
included,0.0
inbox,0.0
include uploading,0.0
inc,0.0
incident,0.0
include ability,0.0
include accessing,0.0
include adding,0.0
include creating,0.0
include data,0.0
include high,0.0
include integrating,0.0
include json,0.0
include listing,0.0
include managing,0.0
include retrieving,0.0
include searching,0.0
include sending,0.0
information such,0.0
information technology,0.0
information that,0.0
integrates with,0.0
integrating application,0.0
integrating it,0.0
integrating with,0.0
integration api,0.0
integration for,0.0
integration into,0.0
integration of,0.0
integration some,0.0
integration with,0.0
integrity,0.0
intelligence,0.0
intelligence with,0.0
intelligent,0.0
intended,0.0
intended for,0.0
integrating,0.0
integrates video,0.0
intent,0.0
integrates data,0.0
integrate sm,0.0
integrate that,0.0
integrate their,0.0
integrate them,0.0
integrate this,0.0
integrate trade,0.0
integrate us,0.0
integrate user,0.0
integrate video,0.0
integrate web,0.0
integrate with,0.0
integrate your,0.0
integrated into,0.0
integrates,0.0
integrates chat,0.0
intends,0.0
interact,0.0
information their,0.0
interface for,0.0
interface response,0.0
interface that,0.0
interface user,0.0
interface with,0.0
internal,0.0
internal system,0.0
international,0.0
international eod,0.0
international icc,0.0
international is,0.0
international validates,0.0
internet api,0.0
internet based,0.0
internet connection,0.0
internet crypto,0.0
interface is,0.0
interface api,0.0
interact with,0.0
interface allows,0.0
interacting,0.0
interacting with,0.0
interaction,0.0
interaction between,0.0
interaction with,0.0
interactive,0.0
interactive map,0.0
interactive voice,0.0
interacts,0.0
interacts with,0.0
interbank,0.0
interchange,0.0
interest,0.0
interest rate,0.0
interface,0.0
integrate service,0.0
integrate search,0.0
integrate real,0.0
innovative,0.0
inquiry,0.0
insert,0.0
inside,0.0
insight,0.0
insight for,0.0
insight into,0.0
insight with,0.0
inspection,0.0
inspiration,0.0
install,0.0
installation,0.0
installed,0.0
instance,0.0
instant,0.0
instant checkout,0.0
input,0.0
innovation,0.0
integrate provides,0.0
initiative,0.0
information this,0.0
information user,0.0
information using,0.0
information via,0.0
information web,0.0
information well,0.0
information with,0.0
information xml,0.0
information you,0.0
informed,0.0
infrastructure for,0.0
infrastructure service,0.0
initial,0.0
initiate,0.0
initiating,0.0
instant messaging,0.0
instantly,0.0
instead,0.0
instead of,0.0
integrate data,0.0
integrate developer,0.0
integrate document,0.0
integrate file,0.0
integrate from,0.0
integrate image,0.0
integrate information,0.0
integrate integrate,0.0
integrate into,0.0
integrate it,0.0
integrate method,0.0
integrate of,0.0
integrate online,0.0
integrate other,0.0
integrate platform,0.0
integrate create,0.0
integrate content,0.0
integrate cloud,0.0
instrument,0.0
institute,0.0
institute of,0.0
institutional,0.0
instruction,0.0
instructional,0.0
instructure,0.0
insurance,0.0
integrate can,0.0
integrate ability,0.0
integrate access,0.0
integrate allows,0.0
integrate api,0.0
integrate application,0.0
integrate are,0.0
image processing,0.0
image photo,0.0
image of,0.0
guyana,0.0
ha been,0.0
ha created,0.0
ha developed,0.0
ha many,0.0
ha no,0.0
ha sandbox,0.0
hadoop,0.0
hall,0.0
halo,0.0
hand,0.0
handful,0.0
handful of,0.0
handle all,0.0
handle data,0.0
handle shipping,0.0
ha,0.0
guideline,0.0
handling,0.0
guide,0.0
group chat,0.0
group is,0.0
group that,0.0
grouped,0.0
grouping,0.0
grow,0.0
growing,0.0
growth,0.0
gsm,0.0
gsma,0.0
gtfs,0.0
guarantee,0.0
guaranteed,0.0
guest,0.0
guidance,0.0
handled,0.0
happening,0.0
help user,0.0
health service,0.0
healthcare,0.0
healthtap,0.0
heavy,0.0
height,0.0
held,0.0
held by,0.0
hellenic,0.0
hellenic bank,0.0
help,0.0
help business,0.0
help company,0.0
help desk,0.0
help developer,0.0
help keep,0.0
help people,0.0
health user,0.0
health record,0.0
hard,0.0
health information,0.0
hardware,0.0
harvard,0.0
harvest,0.0
hash,0.0
have access,0.0
have been,0.0
have option,0.0
having,0.0
hd,0.0
head,0.0
head head,0.0
headquartered,0.0
health,0.0
health care,0.0
health data,0.0
group api,0.0
ground,0.0
grocery,0.0
give user,0.0
given,0.0
giving,0.0
giving user,0.0
glimt,0.0
glimt com,0.0
global,0.0
global financial,0.0
global flight,0.0
global travel,0.0
globally,0.0
globe,0.0
gm,0.0
gmail,0.0
go,0.0
go bain,0.0
give you,0.0
give developer,0.0
grid,0.0
give access,0.0
get their,0.0
get user,0.0
get you,0.0
get your,0.0
getting,0.0
getting started,0.0
gi,0.0
gif,0.0
gift,0.0
git,0.0
github,0.0
github is,0.0
github repository,0.0
github user,0.0
give,0.0
goal,0.0
goal is,0.0
goal of,0.0
godaddy,0.0
governing,0.0
government agency,0.0
government website,0.0
gps,0.0
grabyo,0.0
gracenote,0.0
grammar,0.0
grant,0.0
granted,0.0
graph,0.0
graph api,0.0
graphic,0.0
graphical,0.0
great,0.0
greater,0.0
governance,0.0
gov is,0.0
gov,0.0
google,0.0
godaddy serve,0.0
going,0.0
gold,0.0
golf,0.0
good,0.0
good service,0.0
google analytics,0.0
gosquared,0.0
google apps,0.0
google cloud,0.0
google map,0.0
google play,0.0
google service,0.0
google sheet,0.0
help them,0.0
help with,0.0
image more,0.0
hundred of,0.0
iaa,0.0
iata,0.0
iban,0.0
ibm,0.0
ibm api,0.0
ibm watson,0.0
icc,0.0
icc indian,0.0
ice,0.0
icloud,0.0
icon,0.0
id api,0.0
id for,0.0
idea,0.0
idea into,0.0
hybrid,0.0
hundred,0.0
identification number,0.0
human resource,0.0
http basic,0.0
http call,0.0
http format,0.0
http get,0.0
http interface,0.0
http json,0.0
http method,0.0
http post,0.0
http protocol,0.0
http request,0.0
hub,0.0
hub api,0.0
hubspot,0.0
huge,0.0
human,0.0
ideal,0.0
identified,0.0
help you,0.0
image api,0.0
image are,0.0
image based,0.0
image by,0.0
image can,0.0
image content,0.0
image data,0.0
image detection,0.0
image developer,0.0
image file,0.0
image for,0.0
image from,0.0
image image,0.0
image into,0.0
image it,0.0
image manipulation,0.0
image application,0.0
image analysis,0.0
identified by,0.0
image allows,0.0
identifier,0.0
identifies,0.0
identify,0.0
identifying,0.0
idol,0.0
idol ondemand,0.0
idx,0.0
if it,0.0
if they,0.0
if user,0.0
ifsc,0.0
illustration,0.0
im,0.0
image,0.0
image access,0.0
http api,0.0
http,0.0
html email,0.0
high speed,0.0
higher,0.0
higher education,0.0
highest,0.0
highlight,0.0
highlighting,0.0
highly,0.0
highway,0.0
highwire,0.0
hire,0.0
his,0.0
historic,0.0
historical data,0.0
historical developer,0.0
historical financial,0.0
historical price,0.0
high volume,0.0
high resolution,0.0
hsbc,0.0
high quality,0.0
helpdesk,0.0
helper,0.0
helpful,0.0
helping,0.0
helsinki,0.0
here,0.0
here for,0.0
heritage,0.0
heroku,0.0
hidden,0.0
hierarchy,0.0
high,0.0
high level,0.0
high low,0.0
high performance,0.0
historically,0.0
historically back,0.0
history of,0.0
hit,0.0
hotel car,0.0
hotmail,0.0
hotmail com,0.0
hotwire,0.0
hour,0.0
hour of,0.0
house,0.0
housing,0.0
how,0.0
how many,0.0
however,0.0
hp,0.0
hp cloud,0.0
hp idol,0.0
hr,0.0
hotel,0.0
hosting service,0.0
hosting platform,0.0
holiday,0.0
hiv,0.0
hmrc,0.0
hoc,0.0
hold,0.0
holder,0.0
holding,0.0
home,0.0
hosting,0.0
hook,0.0
hospital,0.0
host,0.0
host of,0.0
hosted,0.0
hosted by,0.0
internet for,0.0
internet of,0.0
internet radio,0.0
keyword search,0.0
kind,0.0
kind of,0.0
king,0.0
kingdom,0.0
kiosk,0.0
kit,0.0
kloudless,0.0
kml,0.0
know,0.0
knowledge,0.0
knowledge archive,0.0
knowledge base,0.0
known,0.0
kubernetes,0.0
la,0.0
kill,0.0
keyword,0.0
label,0.0
keyboard,0.0
json with,0.0
json xml,0.0
jsonp,0.0
jsonp xml,0.0
jurisdiction,0.0
just,0.0
keep,0.0
keep track,0.0
keep up,0.0
keeping,0.0
key api,0.0
key are,0.0
key authentication,0.0
key for,0.0
key value,0.0
lab,0.0
labor,0.0
ability access,0.0
latency,0.0
latest,0.0
latin,0.0
latitude,0.0
latitude longitude,0.0
launch,0.0
law,0.0
layer,0.0
layout,0.0
lb,0.0
le,0.0
lead,0.0
lead generation,0.0
leader,0.0
leaderboard,0.0
leading,0.0
later,0.0
last,0.0
laboratory,0.0
largest,0.0
land,0.0
landline,0.0
landmark,0.0
landscape,0.0
language,0.0
language api,0.0
language for,0.0
language processing,0.0
lao,0.0
laptop,0.0
large,0.0
large amount,0.0
large scale,0.0
large suite,0.0
larger,0.0
json web,0.0
json user,0.0
json use,0.0
jira,0.0
journal,0.0
journalism,0.0
journalist,0.0
journey,0.0
jpeg,0.0
jpeg png,0.0
jpg,0.0
json access,0.0
json account,0.0
json api,0.0
json application,0.0
json architecture,0.0
json are,0.0
json authentication,0.0
json available,0.0
job,0.0
javascript library,0.0
json us,0.0
javascript code,0.0
it with,0.0
it work,0.0
italian,0.0
item,0.0
item from,0.0
itinerary,0.0
itself,0.0
iva,0.0
ivr,0.0
japan,0.0
japanese,0.0
java,0.0
java node,0.0
javascript,0.0
javascript api,0.0
json based,0.0
json call,0.0
json can,0.0
json cloud,0.0
json other,0.0
json php,0.0
json platform,0.0
json protocol,0.0
json provides,0.0
json request,0.0
json response,0.0
json rest,0.0
json rpc,0.0
json search,0.0
json service,0.0
json that,0.0
json their,0.0
json this,0.0
json txt,0.0
json of,0.0
json object,0.0
json more,0.0
json from,0.0
json create,0.0
json data,0.0
json developer,0.0
json encoded,0.0
json for,0.0
json formatted,0.0
json html,0.0
json method,0.0
json information,0.0
json integrate,0.0
json is,0.0
json it,0.0
json json,0.0
json jsonp,0.0
leading provider,0.0
league including,0.0
it wa,0.0
live video,0.0
livedrive,0.0
living,0.0
ll,0.0
llc,0.0
lm,0.0
load,0.0
load balancing,0.0
loading,0.0
local business,0.0
local event,0.0
local search,0.0
localized,0.0
locally,0.0
localytics,0.0
locate,0.0
livebase,0.0
live streaming,0.0
location,0.0
live score,0.0
listing for,0.0
listing information,0.0
listing of,0.0
listing service,0.0
listing user,0.0
litecoin,0.0
literature,0.0
little,0.0
littlebits,0.0
live,0.0
live api,0.0
live chat,0.0
live com,0.0
live data,0.0
live messenger,0.0
located,0.0
location api,0.0
league ipl,0.0
long,0.0
longitude,0.0
look,0.0
look for,0.0
look up,0.0
looking,0.0
looking for,0.0
looking up,0.0
lookup,0.0
lookup api,0.0
loss,0.0
lot,0.0
lot of,0.0
low,0.0
low cost,0.0
low high,0.0
long term,0.0
lone,0.0
location based,0.0
london,0.0
location data,0.0
location for,0.0
location information,0.0
location it,0.0
location of,0.0
location specified,0.0
location time,0.0
locator,0.0
log,0.0
logged,0.0
logging,0.0
logic,0.0
logistics handle,0.0
logistics provides,0.0
logo,0.0
listing data,0.0
listing api,0.0
listing,0.0
length,0.0
let,0.0
let customer,0.0
let developer,0.0
let their,0.0
let them,0.0
let user,0.0
let you,0.0
letter,0.0
letting,0.0
level,0.0
level api,0.0
level of,0.0
leverage,0.0
leveraging,0.0
liability,0.0
lesson,0.0
lending,0.0
listener,0.0
lego,0.0
league live,0.0
league more,0.0
learn,0.0
learner,0.0
learning,0.0
learning algorithm,0.0
learning management,0.0
leaseweb,0.0
leaving,0.0
led,0.0
left,0.0
legacy,0.0
legal,0.0
legislation,0.0
legislative,0.0
library,0.0
library for,0.0
library is,0.0
library of,0.0
line,0.0
line of,0.0
lineup,0.0
link,0.0
link for,0.0
linked,0.0
linking,0.0
linux,0.0
lisbon,0.0
list all,0.0
list create,0.0
list of,0.0
list service,0.0
listed,0.0
listen,0.0
limited ocbc,0.0
limited,0.0
limit,0.0
lifecycle management,0.0
library that,0.0
license,0.0
licensed,0.0
licensing,0.0
life science,0.0
lifecycle,0.0
lifestyle,0.0
likely,0.0
lift,0.0
lift service,0.0
light,0.0
lighting,0.0
lightweight,0.0
like,0.0
it will,0.0
it user,0.0
internet service,0.0
is built,0.0
is business,0.0
is can,0.0
is capable,0.0
is cloud,0.0
is collaborative,0.0
is collection,0.0
is communication,0.0
is community,0.0
is company,0.0
is compatible,0.0
is complete,0.0
is completed,0.0
is content,0.0
is cross,0.0
is cryptocurrency,0.0
is bulk,0.0
is bitcoin,0.0
is customer,0.0
is big,0.0
is advertising,0.0
is all,0.0
is allows,0.0
is also,0.0
is api,0.0
is app,0.0
is application,0.0
is are,0.0
is australian,0.0
is automated,0.0
is available,0.0
is banking,0.0
is based,0.0
is being,0.0
is beta,0.0
is currently,0.0
is cutting,0.0
is intended,0.0
is first,0.0
is for,0.0
is free,0.0
is french,0.0
is from,0.0
is full,0.0
is fully,0.0
is german,0.0
is given,0.0
is global,0.0
is group,0.0
is health,0.0
is hosted,0.0
is image,0.0
is included,0.0
is independent,0.0
is flexible,0.0
is financial,0.0
is data,0.0
is file,0.0
is database,0.0
is designed,0.0
is developer,0.0
is digital,0.0
is document,0.0
is domain,0.0
is done,0.0
is easy,0.0
is ecommerce,0.0
is email,0.0
is end,0.0
is enterprise,0.0
is especially,0.0
is event,0.0
is exposed,0.0
is accessible,0.0
is accessed,0.0
is access,0.0
into into,0.0
into mobile,0.0
into one,0.0
into online,0.0
into other,0.0
into platform,0.0
into provides,0.0
into rd,0.0
into service,0.0
into single,0.0
into their,0.0
into third,0.0
into this,0.0
into user,0.0
into web,0.0
into website,0.0
into json,0.0
into existing,0.0
is able,0.0
into excel,0.0
internet video,0.0
interoperability,0.0
interpreting,0.0
interval,0.0
interview,0.0
into,0.0
into access,0.0
into allows,0.0
into any,0.0
into api,0.0
into application,0.0
into are,0.0
into can,0.0
into data,0.0
into developer,0.0
into your,0.0
intranet,0.0
intrinio,0.0
intrinio data,0.0
io api,0.0
io is,0.0
io provides,0.0
io with,0.0
iot device,0.0
iot platform,0.0
ip,0.0
ip address,0.0
ipad,0.0
iphone,0.0
ipl,0.0
ipl big,0.0
iq,0.0
ireland,0.0
irish,0.0
io android,0.0
io,0.0
involved,0.0
investigation,0.0
intrinio is,0.0
intrinio offer,0.0
intuitive,0.0
invalid,0.0
inventory management,0.0
invest,0.0
investigative,0.0
invoicing,0.0
investment,0.0
investor,0.0
investor can,0.0
invitation,0.0
invite,0.0
invoice,0.0
is integrated,0.0
is interactive,0.0
it us,0.0
isaacloud,0.0
island,0.0
iso,0.0
isp,0.0
ispot,0.0
ispot tv,0.0
issue,0.0
issue tracking,0.0
issued,0.0
issued json,0.0
issued xml,0.0
issuer,0.0
it access,0.0
it aim,0.0
it also,0.0
it api,0.0
isbn,0.0
is your,0.0
it are,0.0
is xml,0.0
is uk,0.0
is unofficial,0.0
is updated,0.0
is us,0.0
is use,0.0
is used,0.0
is useful,0.0
is user,0.0
is very,0.0
is video,0.0
is visual,0.0
is web,0.0
is website,0.0
is well,0.0
is world,0.0
it application,0.0
it available,0.0
is international,0.0
it includes,0.0
it integration,0.0
it into,0.0
it is,0.0
it let,0.0
it offer,0.0
it own,0.0
it possible,0.0
it product,0.0
it provides,0.0
it return,0.0
it service,0.0
it support,0.0
it their,0.0
it this,0.0
it up,0.0
it information,0.0
it help,0.0
it can,0.0
it ha,0.0
it come,0.0
it create,0.0
it customer,0.0
it data,0.0
it database,0.0
it deployment,0.0
it developer,0.0
it doe,0.0
it easier,0.0
it easy,0.0
it enables,0.0
it feature,0.0
it for,0.0
it functionality,0.0
it give,0.0
is travel,0.0
is tool,0.0
is time,0.0
is new,0.0
is no,0.0
is non,0.0
is offered,0.0
is official,0.0
is one,0.0
is only,0.0
is open,0.0
is other,0.0
is part,0.0
is payment,0.0
is personal,0.0
is photo,0.0
is portuguese,0.0
is powered,0.0
is preferred,0.0
is nigerian,0.0
is needed,0.0
is this,0.0
is music,0.0
is internet,0.0
is it,0.0
is japanese,0.0
is javascript,0.0
is json,0.0
is leading,0.0
is limited,0.0
is live,0.0
is made,0.0
is map,0.0
is marketing,0.0
is medium,0.0
is method,0.0
is more,0.0
is most,0.0
is product,0.0
is professional,0.0
is program,0.0
is programming,0.0
is simple,0.0
is site,0.0
is sm,0.0
is soap,0.0
is social,0.0
is software,0.0
is still,0.0
is stock,0.0
is store,0.0
is stored,0.0
is supported,0.0
is system,0.0
is technology,0.0
is that,0.0
is their,0.0
is set,0.0
is service,0.0
is sent,0.0
is rest,0.0
is project,0.0
is provides,0.0
is public,0.0
is read,0.0
is real,0.0
is responsible,0.0
is restful,0.0
is self,0.0
is retrieve,0.0
is retrieving,0.0
is returned,0.0
is saas,0.0
is search,0.0
is secure,0.0
get started,0.0
get post,0.0
detection,0.0
engine,0.0
engine for,0.0
engine is,0.0
engine that,0.0
engineer,0.0
engineering,0.0
england,0.0
english,0.0
english spanish,0.0
enhance,0.0
enhanced,0.0
enhancement,0.0
enhances,0.0
enrich,0.0
enrollment,0.0
ensure,0.0
engine api,0.0
engaging,0.0
ensures,0.0
engagement with,0.0
encoding,0.0
encourage,0.0
encourages,0.0
encrypted,0.0
encryption,0.0
end end,0.0
end of,0.0
end user,0.0
endorsed,0.0
endpoint,0.0
endpoint for,0.0
energy,0.0
enforcement,0.0
engage,0.0
engage with,0.0
ensure that,0.0
ensuring,0.0
encoded,0.0
environmental,0.0
eod,0.0
eod from,0.0
eod price,0.0
epa,0.0
eparcel,0.0
eparcels,0.0
episode,0.0
equipment,0.0
equipped,0.0
equipped with,0.0
equity,0.0
equivalent,0.0
erp,0.0
error,0.0
especially,0.0
envoy,0.0
environment with,0.0
ensuring that,0.0
environment for,0.0
enter,0.0
entered,0.0
enterprise intrinio,0.0
enterprise solution,0.0
entertainment,0.0
enthusiast,0.0
entire,0.0
entire exchange,0.0
entirely,0.0
entitlement,0.0
entity,0.0
entrepreneur,0.0
entry,0.0
entry data,0.0
environment,0.0
encoded data,0.0
encode,0.0
get order,0.0
electrical,0.0
electronic,0.0
electronics,0.0
element,0.0
elevation,0.0
elite,0.0
email,0.0
email address,0.0
email api,0.0
email campaign,0.0
email client,0.0
email delivery,0.0
email for,0.0
email from,0.0
email it,0.0
email list,0.0
electricity,0.0
electric,0.0
email message,0.0
election,0.0
effect,0.0
effective,0.0
effectively,0.0
effectiveness,0.0
efficient,0.0
efficiently,0.0
effort,0.0
egnyte,0.0
egnyte provides,0.0
egnyte with,0.0
eight,0.0
either json,0.0
either xml,0.0
el,0.0
elastic,0.0
email marketing,0.0
email newsletter,0.0
enco,0.0
employ,0.0
employment,0.0
empower,0.0
empowers,0.0
enable,0.0
enable developer,0.0
enable their,0.0
enable user,0.0
enabled,0.0
enables business,0.0
enables comprehensive,0.0
enables integration,0.0
enables you,0.0
enabling,0.0
enabling their,0.0
enabling them,0.0
employee,0.0
emphasis,0.0
email service,0.0
emotional,0.0
email sm,0.0
email template,0.0
email text,0.0
email validation,0.0
email with,0.0
embed,0.0
embeddable,0.0
embedded,0.0
embedding,0.0
emergency,0.0
emerging,0.0
emojis,0.0
emotes,0.0
emoticon,0.0
emotion,0.0
espn,0.0
esri,0.0
establish,0.0
execute,0.0
execution,0.0
exercise,0.0
exhibition,0.0
exist,0.0
existing system,0.0
exists,0.0
expand,0.0
expanding,0.0
expected,0.0
expected be,0.0
expense,0.0
experience for,0.0
experiment,0.0
experiment with,0.0
experimental,0.0
executed,0.0
excuse,0.0
expertise,0.0
exclusively,0.0
exchange directly,0.0
exchange for,0.0
exchange format,0.0
exchange information,0.0
exchange is,0.0
exchange making,0.0
exchange of,0.0
exchange platform,0.0
exchange price,0.0
exchange provides,0.0
exchange rate,0.0
exchange service,0.0
exchange that,0.0
exchange using,0.0
exchange with,0.0
expert,0.0
expiration,0.0
established,0.0
extensive,0.0
external,0.0
external application,0.0
external system,0.0
extra,0.0
extract,0.0
extracting,0.0
extraction,0.0
extraordinary,0.0
eye,0.0
face,0.0
facebook,0.0
facebook messenger,0.0
facebook twitter,0.0
facet,0.0
facial,0.0
extensive database,0.0
extension,0.0
exploration,0.0
extend,0.0
explore,0.0
export,0.0
exporting,0.0
expose,0.0
expose functionality,0.0
expose it,0.0
expose this,0.0
exposed,0.0
exposed by,0.0
exposed resource,0.0
exposing,0.0
express,0.0
express api,0.0
expressed,0.0
expression,0.0
exchange developer,0.0
exchange data,0.0
exchange api,0.0
evaluate,0.0
even,0.0
event access,0.0
event all,0.0
event api,0.0
event application,0.0
event are,0.0
event by,0.0
event can,0.0
event create,0.0
event data,0.0
event database,0.0
event developer,0.0
event event,0.0
event json,0.0
event listing,0.0
evaluation,0.0
european bioinformatics,0.0
exchange,0.0
european,0.0
establishes,0.0
establishment,0.0
estate,0.0
estate agent,0.0
estate company,0.0
estate information,0.0
estate listing,0.0
estimate,0.0
estimate of,0.0
estimated,0.0
etc,0.0
etc api,0.0
eu,0.0
euro,0.0
europe,0.0
event management,0.0
event more,0.0
event of,0.0
event probability,0.0
exact,0.0
exactly,0.0
example,0.0
example api,0.0
example application,0.0
example are,0.0
example available,0.0
example of,0.0
excel,0.0
excel add,0.0
excel google,0.0
excel so,0.0
excellence,0.0
excellent,0.0
exceptional,0.0
evvnt,0.0
evidence,0.0
everything,0.0
event user,0.0
event provides,0.0
event service,0.0
event such,0.0
event that,0.0
event ticket,0.0
event use,0.0
event website,0.0
everymatrix,0.0
event with,0.0
eventful,0.0
ever,0.0
every,0.0
every day,0.0
every minute,0.0
edx,0.0
educator,0.0
educational,0.0
developer web,0.0
developer will,0.0
developer worldwide,0.0
developer you,0.0
developer your,0.0
developing,0.0
development firm,0.0
development of,0.0
development platform,0.0
development service,0.0
development tool,0.0
device api,0.0
device application,0.0
device cloud,0.0
device data,0.0
device internet,0.0
developer who,0.0
developer way,0.0
device it,0.0
developer using,0.0
developer query,0.0
developer request,0.0
developer retrieve,0.0
developer search,0.0
developer send,0.0
developer service,0.0
developer share,0.0
developer store,0.0
developer that,0.0
developer this,0.0
developer tool,0.0
developer upload,0.0
developer us,0.0
developer use,0.0
developer user,0.0
device is,0.0
device management,0.0
disaster,0.0
digital currency,0.0
digital internet,0.0
digital library,0.0
digital medium,0.0
digitalglobe,0.0
digitized,0.0
dimension,0.0
direct access,0.0
direction,0.0
directly,0.0
directly excel,0.0
directly from,0.0
directly into,0.0
directly through,0.0
directly with,0.0
directory,0.0
digital financial,0.0
digital content,0.0
device other,0.0
digital asset,0.0
device sensor,0.0
device such,0.0
device that,0.0
device this,0.0
device user,0.0
device using,0.0
device with,0.0
diagnosis,0.0
dial,0.0
dialogue,0.0
dictionary,0.0
different sport,0.0
different type,0.0
difficulty,0.0
digit,0.0
developer provides,0.0
developer programmatically,0.0
developer programmatic,0.0
developer also,0.0
developer api,0.0
developer application,0.0
developer are,0.0
developer automate,0.0
developer available,0.0
developer build,0.0
developer business,0.0
developer can,0.0
developer cloud,0.0
developer communicate,0.0
developer configure,0.0
developer connect,0.0
developer content,0.0
developer create,0.0
developer data,0.0
developer analyst,0.0
developer allows,0.0
developer platform,0.0
developer address,0.0
detection api,0.0
detection service,0.0
detects,0.0
determine,0.0
determined,0.0
determined by,0.0
determines,0.0
determining,0.0
develop,0.0
develop technology,0.0
developed,0.0
developed by,0.0
developer ability,0.0
developer account,0.0
developer add,0.0
developer database,0.0
developer deploy,0.0
developer developer,0.0
developer easily,0.0
developer let,0.0
developer list,0.0
developer make,0.0
developer manage,0.0
developer management,0.0
developer may,0.0
developer method,0.0
developer more,0.0
developer must,0.0
developer need,0.0
developer network,0.0
developer of,0.0
developer offer,0.0
developer organize,0.0
developer other,0.0
developer json,0.0
developer it,0.0
developer is,0.0
developer from,0.0
developer embed,0.0
developer enterprise,0.0
developer fantasy,0.0
developer feature,0.0
developer for,0.0
developer format,0.0
developer get,0.0
developer into,0.0
developer image,0.0
developer include,0.0
developer information,0.0
developer interact,0.0
developer interested,0.0
developer interface,0.0
directory of,0.0
discipline,0.0
education,0.0
driven,0.0
driverless,0.0
driverless vehicle,0.0
driving,0.0
drop,0.0
dropbox,0.0
drug,0.0
due,0.0
duplicate,0.0
duration,0.0
during,0.0
dutch,0.0
duty,0.0
dvd,0.0
dynamic,0.0
each,0.0
driver,0.0
drive apis,0.0
each of,0.0
drive api,0.0
down,0.0
download,0.0
downloadable,0.0
downloaded,0.0
downloading,0.0
downloads,0.0
downtime,0.0
dozen,0.0
dozen of,0.0
draft,0.0
drag,0.0
drag drop,0.0
draw,0.0
drawing,0.0
drive,0.0
each day,0.0
each other,0.0
discipline it,0.0
ebay,0.0
ec,0.0
ecommerce,0.0
ecommerce website,0.0
economic,0.0
economy,0.0
ecosystem,0.0
ecwid,0.0
edge,0.0
edge data,0.0
edit,0.0
edit delete,0.0
editing,0.0
edition,0.0
editor,0.0
editorial,0.0
ebooks,0.0
easy way,0.0
ean,0.0
easy use,0.0
early,0.0
earn,0.0
earning,0.0
earning with,0.0
earnings,0.0
earth,0.0
earthquake,0.0
ease,0.0
easier for,0.0
easily,0.0
easily integrate,0.0
easy,0.0
easy access,0.0
easy affordable,0.0
easy for,0.0
doubleclick,0.0
door,0.0
done,0.0
distributes,0.0
distribution,0.0
distribution of,0.0
distributor,0.0
dive,0.0
diverse,0.0
diversity,0.0
diversity across,0.0
divided,0.0
dividend,0.0
dividend exchange,0.0
dividend intrinio,0.0
dividend volume,0.0
division,0.0
division of,0.0
dna,0.0
distributing,0.0
distributed,0.0
donation,0.0
distinctive,0.0
discount,0.0
discover,0.0
discovering,0.0
discovery,0.0
discussion,0.0
disease,0.0
dispatch,0.0
display,0.0
displayed,0.0
disposable,0.0
disruption,0.0
dissemination,0.0
dissemination of,0.0
distance,0.0
distance between,0.0
dns,0.0
doc,0.0
docker,0.0
docomo,0.0
doe this,0.0
doi,0.0
doing,0.0
dollar,0.0
domain,0.0
domain api,0.0
domain availability,0.0
domain connect,0.0
domain domain,0.0
domain hosting,0.0
domain name,0.0
domain registration,0.0
domain service,0.0
domestic,0.0
don,0.0
doe not,0.0
doe,0.0
documenting,0.0
document online,0.0
doctor,0.0
document are,0.0
document create,0.0
document data,0.0
document from,0.0
document management,0.0
document that,0.0
documented this,0.0
documentation api,0.0
documentation are,0.0
documentation for,0.0
documentation includes,0.0
documentation of,0.0
documented,0.0
facilitates,0.0
facility,0.0
facility deposit,0.0
free web,0.0
freely,0.0
freely available,0.0
freight,0.0
french,0.0
frequency,0.0
frequently,0.0
fresh,0.0
friend,0.0
friend family,0.0
from access,0.0
from account,0.0
from allows,0.0
from any,0.0
from anywhere,0.0
from api,0.0
freedom,0.0
free use,0.0
from are,0.0
free trial,0.0
france,0.0
francisco,0.0
fraud,0.0
fraud detection,0.0
fraudulent,0.0
free,0.0
free access,0.0
free account,0.0
free api,0.0
free for,0.0
free of,0.0
free online,0.0
free open,0.0
free service,0.0
free text,0.0
from application,0.0
from around,0.0
from search,0.0
from json,0.0
from method,0.0
from million,0.0
from mobile,0.0
from more,0.0
from most,0.0
from multiple,0.0
from national,0.0
from of,0.0
from one,0.0
from online,0.0
from open,0.0
from other,0.0
from over,0.0
from photo,0.0
from platform,0.0
from many,0.0
from it,0.0
from available,0.0
from is,0.0
from can,0.0
from cloud,0.0
from content,0.0
from data,0.0
from database,0.0
from developer,0.0
from device,0.0
from different,0.0
from file,0.0
from for,0.0
from from,0.0
from image,0.0
from integrate,0.0
from international,0.0
from into,0.0
framework for,0.0
framework,0.0
frame,0.0
for video,0.0
for web,0.0
for website,0.0
for which,0.0
for working,0.0
for you,0.0
force,0.0
forecast,0.0
forecasting,0.0
foreign,0.0
forex,0.0
form of,0.0
format api,0.0
format are,0.0
format can,0.0
format conversion,0.0
for viewing,0.0
for various,0.0
fragment,0.0
for variety,0.0
for stock,0.0
for storing,0.0
for student,0.0
for team,0.0
for testing,0.0
for that,0.0
for their,0.0
for these,0.0
for this,0.0
for those,0.0
for tracking,0.0
for travel,0.0
for uploading,0.0
for use,0.0
for user,0.0
format data,0.0
format developer,0.0
format for,0.0
format include,0.0
format with,0.0
formatted data,0.0
formatted either,0.0
formatted json,0.0
formatted request,0.0
formatted response,0.0
formatting,0.0
formerly,0.0
forte,0.0
forum,0.0
forward,0.0
found,0.0
foundation,0.0
founder,0.0
four,0.0
format using,0.0
format user,0.0
format us,0.0
format provides,0.0
format including,0.0
format is,0.0
format it,0.0
format json,0.0
format of,0.0
format platform,0.0
format request,0.0
format this,0.0
format requires,0.0
format response,0.0
format return,0.0
format service,0.0
format that,0.0
format their,0.0
from rest,0.0
from service,0.0
for split,0.0
gateway are,0.0
gather,0.0
gather data,0.0
gathered,0.0
gathering,0.0
gb,0.0
gbdx,0.0
ge,0.0
ge tt,0.0
gecko,0.0
gemini,0.0
gender,0.0
gene,0.0
generally,0.0
generate,0.0
generated,0.0
gateway into,0.0
gateway api,0.0
generated content,0.0
gateway,0.0
gain,0.0
gain access,0.0
gallery,0.0
game,0.0
game api,0.0
game application,0.0
game data,0.0
game developer,0.0
game game,0.0
game statistic,0.0
game stats,0.0
game that,0.0
gaming,0.0
garden,0.0
gas,0.0
generated by,0.0
generates,0.0
from single,0.0
geography,0.0
geojson,0.0
geolocation,0.0
geometry,0.0
geospatial,0.0
german,0.0
germany that,0.0
get all,0.0
get api,0.0
get call,0.0
get data,0.0
get developer,0.0
get event,0.0
get information,0.0
get list,0.0
get method,0.0
geography develop,0.0
geographical,0.0
generating,0.0
geographic location,0.0
generation,0.0
generation of,0.0
generator,0.0
generic,0.0
genetic,0.0
genome,0.0
genomic,0.0
genre,0.0
genuine,0.0
geocode,0.0
geocoding,0.0
geocoding api,0.0
geographic,0.0
geographic coordinate,0.0
geographic information,0.0
gadget,0.0
future,0.0
fusion,0.0
from within,0.0
from your,0.0
front,0.0
front end,0.0
ftp,0.0
fuel,0.0
fulfill,0.0
fulfillment,0.0
full,0.0
full access,0.0
full control,0.0
full documentation,0.0
full functionality,0.0
full text,0.0
fully,0.0
fun,0.0
from you,0.0
from with,0.0
further,0.0
from website,0.0
from site,0.0
from social,0.0
from specific,0.0
from specified,0.0
from that,0.0
from their,0.0
from third,0.0
from this,0.0
from thousand,0.0
from us,0.0
from user,0.0
from variety,0.0
from various,0.0
from video,0.0
from web,0.0
function api,0.0
function are,0.0
function available,0.0
function can,0.0
functionality from,0.0
functionality including,0.0
functionality into,0.0
functionality is,0.0
functionality it,0.0
functionality offer,0.0
functionality provides,0.0
functionality service,0.0
functionality such,0.0
functionality that,0.0
functionality their,0.0
functionality with,0.0
fund,0.0
funding,0.0
fundraising,0.0
functionality for,0.0
functionality exposed,0.0
functionality developer,0.0
function such,0.0
function include,0.0
function including,0.0
function into,0.0
function like,0.0
function of,0.0
function programmatically,0.0
function that,0.0
functionality data,0.0
function with,0.0
functional,0.0
functionality access,0.0
functionality api,0.0
functionality application,0.0
functionality content,0.0
for startup,0.0
for specified,0.0
fact,0.0
file web,0.0
filing,0.0
fill,0.0
film,0.0
filter,0.0
filter out,0.0
filtered,0.0
final,0.0
finance,0.0
financial account,0.0
financial data,0.0
financial information,0.0
financial market,0.0
financial service,0.0
find information,0.0
finder,0.0
file with,0.0
file user,0.0
finding,0.0
file type,0.0
file format,0.0
file from,0.0
file information,0.0
file management,0.0
file online,0.0
file service,0.0
file share,0.0
file sharing,0.0
file size,0.0
file storage,0.0
file system,0.0
file that,0.0
file their,0.0
file this,0.0
file transfer,0.0
finder api,0.0
fingerprint,0.0
folder,0.0
flat,0.0
fleet,0.0
flexibility,0.0
flickr,0.0
flight,0.0
flight data,0.0
flight hotel,0.0
flightstats,0.0
flightstats is,0.0
flipkart,0.0
flow,0.0
flurry,0.0
fly,0.0
fm,0.0
focus,0.0
focused,0.0
flawless,0.0
flashcard,0.0
finland,0.0
flash,0.0
finnish,0.0
fire,0.0
firefox,0.0
firm,0.0
firm based,0.0
firm that,0.0
first,0.0
first class,0.0
fit,0.0
fit need,0.0
fitness,0.0
five,0.0
fix,0.0
fixed,0.0
fixture,0.0
file for,0.0
file folder,0.0
file file,0.0
fast,0.0
fastest,0.0
favorite,0.0
fax,0.0
feature accessible,0.0
feature api,0.0
feature are,0.0
feature can,0.0
feature for,0.0
feature from,0.0
feature include,0.0
feature including,0.0
feature into,0.0
feature like,0.0
feature of,0.0
feature restful,0.0
faster,0.0
fare,0.0
file developer,0.0
far,0.0
fact checking,0.0
factor,0.0
factor authentication,0.0
faculty,0.0
fail,0.0
failure,0.0
family,0.0
fan,0.0
fanart,0.0
fanart tv,0.0
fantasy,0.0
fantasy community,0.0
fantasy sport,0.0
fantasydata,0.0
fantasydata com,0.0
feature service,0.0
feature such,0.0
feature that,0.0
feature variety,0.0
festival,0.0
fetch,0.0
fetch only,0.0
few,0.0
fi,0.0
field,0.0
figure,0.0
file,0.0
file access,0.0
file api,0.0
file application,0.0
file are,0.0
file can,0.0
file cloud,0.0
file data,0.0
ferry,0.0
feedback,0.0
feed wa,0.0
feed,0.0
feature with,0.0
featured,0.0
featuring,0.0
featuring directory,0.0
federal,0.0
fee,0.0
feed api,0.0
feed that,0.0
feed brings,0.0
feed database,0.0
feed for,0.0
feed from,0.0
feed of,0.0
feed provides,0.0
focused commercial,0.0
folder file,0.0
for specific,0.0
for internet,0.0
for it,0.0
for json,0.0
for large,0.0
for later,0.0
for local,0.0
for location,0.0
for management,0.0
for managing,0.0
for many,0.0
for marketing,0.0
for merchant,0.0
for monitoring,0.0
for more,0.0
for movie,0.0
for multiple,0.0
for io,0.0
for interacting,0.0
for news,0.0
for integration,0.0
for full,0.0
for further,0.0
for future,0.0
for generating,0.0
for given,0.0
for global,0.0
for google,0.0
for handling,0.0
for high,0.0
for hotel,0.0
for image,0.0
for implementing,0.0
for individual,0.0
for information,0.0
for integrating,0.0
for new,0.0
for non,0.0
folio,0.0
for public,0.0
for querying,0.0
for real,0.0
for release,0.0
for request,0.0
for response,0.0
for retrieving,0.0
for sale,0.0
for search,0.0
for security,0.0
for sending,0.0
for service,0.0
for sharing,0.0
for site,0.0
for small,0.0
for social,0.0
for publisher,0.0
for provides,0.0
for online,0.0
for property,0.0
for order,0.0
for other,0.0
for others,0.0
for over,0.0
for particular,0.0
for payment,0.0
for people,0.0
for performing,0.0
for php,0.0
for place,0.0
for processing,0.0
for product,0.0
for professional,0.0
for programmatic,0.0
for project,0.0
for free,0.0
for finding,0.0
for file,0.0
for android,0.0
for application,0.0
for are,0.0
for artist,0.0
for audio,0.0
for authorization,0.0
for automating,0.0
for available,0.0
for bitcoin,0.0
for book,0.0
for both,0.0
for building,0.0
for bulk,0.0
for business,0.0
for buying,0.0
for can,0.0
for any,0.0
for analysis,0.0
for exchange,0.0
for allows,0.0
follow,0.0
follower,0.0
following,0.0
follows,0.0
font,0.0
food,0.0
football,0.0
football league,0.0
football soccer,0.0
for access,0.0
for accessing,0.0
for account,0.0
for ad,0.0
for additional,0.0
for all,0.0
for city,0.0
for client,0.0
for cloud,0.0
for commercial,0.0
for different,0.0
for digital,0.0
for displaying,0.0
for domain,0.0
for driverless,0.0
for each,0.0
for easy,0.0
for ecommerce,0.0
for education,0.0
for efficient,0.0
for email,0.0
for enterprise,0.0
for event,0.0
for every,0.0
for example,0.0
for device,0.0
for development,0.0
for developing,0.0
for course,0.0
for communication,0.0
for company,0.0
for complex,0.0
for comprehensive,0.0
for consumer,0.0
for content,0.0
for creating,0.0
for developer,0.0
for creation,0.0
for curl,0.0
for current,0.0
for customer,0.0
for data,0.0
for delivery,0.0
zoom level,0.0
