feature,importance
league,6.0339897889749995e+63
both rest,6.017172157043622e+63
commerce,5.9571871228568666e+63
relevant,5.852207272584453e+63
coordinate,5.6522719870071355e+63
apis are,5.538980585941258e+63
wallet,5.4894579447676795e+63
create manage,5.463697355805931e+63
assessment,5.455019290356421e+63
api enables,5.453510239243068e+63
york,5.437988062639901e+63
through this,5.432608920124315e+63
are provided,5.4143519533763995e+63
for people,5.403095346555307e+63
this json,5.3852783098989504e+63
push notification,5.3699225138276784e+63
developer deploy,5.314059897075717e+63
facilitate identification,5.229692101502776e+63
can utilize,5.20704972519938e+63
tv,5.145161641926278e+63
property,5.09433150531188e+63
visibility,5.0942953324525044e+63
timing,5.07885860825441e+63
shipment,5.014833048868611e+63
serialized,5.001366563607572e+63
user have,4.982066954723527e+63
from anywhere,4.970794508913801e+63
train,4.950737438854288e+63
most recent,4.9387560016426336e+63
shopping cart,4.910114811881857e+63
email marketing,4.899815158776863e+63
domain,4.896008027780452e+63
coupon,4.877174413629703e+63
is business,4.869999644443128e+63
can use,4.868183729444738e+63
currency exchange,4.858052681256828e+63
aspect,4.849199714925589e+63
suite,4.846923883782153e+63
mapping,4.828452676631027e+63
disease,4.825017573920311e+63
weather,4.822426916151743e+63
drag,4.807993848794848e+63
it doe,4.805548525108295e+63
sharing service,4.799469772696427e+63
opinion,4.7950688181547026e+63
free account,4.787324923149095e+63
of search,4.778655693545563e+63
create custom,4.7657998205643355e+63
future,4.7448463310600075e+63
feature,4.723512772172517e+63
artist,4.721781366404281e+63
neighborhood,4.699657769636576e+63
exchange price,4.673228382692946e+63
advertising,4.6610828244164584e+63
text speech,4.653560650534268e+63
storage,4.6442356595660186e+63
education,4.638781868116455e+63
steam,4.635828655541716e+63
print,4.628570890440728e+63
flashcard,4.6207865979219756e+63
mendix,4.618486196547838e+63
church,4.592269642337465e+63
security,4.56809230165413e+63
sport,4.548329732743287e+63
ooyala,4.542652477983469e+63
gaming,4.541177564922998e+63
friend,4.526565325475741e+63
of energy,4.526565325475741e+63
real estate,4.505466282344129e+63
secure,4.497333610813637e+63
drive,4.494545841637137e+63
longitude,4.470589160229706e+63
estate,4.4684560406692924e+63
search api,4.464731185631658e+63
creating new,4.4564017414849196e+63
created by,4.420997303658285e+63
removing,4.418039050586809e+63
enables comprehensive,4.4154343418287994e+63
bible,4.3753578875961646e+63
banking,4.359517339687289e+63
ecommerce,4.357668963029241e+63
cloud platform,4.3508903713072024e+63
cryptocurrency,4.3414093271640915e+63
purchase,4.3331821891400145e+63
egnyte,4.328053545125079e+63
bitcoin,4.3148711313815875e+63
return json,4.302778105555227e+63
calling,4.298625301681657e+63
employee,4.2932619994120546e+63
project task,4.290375851931996e+63
ultimate,4.2844567290074026e+63
follows,4.273104322142099e+63
all kind,4.246164833307854e+63
their game,4.233569702358215e+63
museum,4.206768916960848e+63
pdf,4.185755751303435e+63
view,4.185685876954197e+63
reservation,4.168898202662993e+63
for those,4.1583434225676824e+63
number of,4.147851077754591e+63
medication,4.135654239391478e+63
meteorological,4.135064237690899e+63
of given,4.121845355062681e+63
student,4.1118533590139296e+63
analyzing,4.108219891927178e+63
protein,4.1036081185057064e+63
platform rest,4.098259048645746e+63
of government,4.08987836718084e+63
entry,4.087098005058379e+63
public transport,4.058378469055857e+63
amazon,4.029773912399703e+63
care,4.0168357495858066e+63
fantasy,4.007615297084273e+63
it support,4.006169120289579e+63
industry,3.9640880794195465e+63
github,3.9620239724072345e+63
internet based,3.9604758659722685e+63
pair,3.959507560583978e+63
delivery,3.937186756127058e+63
theme,3.918573711310957e+63
researcher,3.914739269023009e+63
sequence,3.9026878228457956e+63
open source,3.865444510742234e+63
blockchain,3.841419985160939e+63
of medium,3.838898900253127e+63
backend,3.81597760722132e+63
part,3.806117802145148e+63
logistics,3.8058253602811314e+63
payment platform,3.800503148163729e+63
advertising campaign,3.79941872187674e+63
endpoint,3.780988479173361e+63
football,3.7564471113830644e+63
some of,3.738018272546954e+63
integrates chat,3.725121893602091e+63
member of,3.7251218361110606e+63
internet of,3.723300094914589e+63
url,3.68874074047719e+63
whois,3.687966932303593e+63
soccer,3.6801427819943114e+63
polysync with,3.613921246178841e+63
online store,3.6000328786070954e+63
trading,3.584861383189607e+63
digital,3.549493749949849e+63
vehicle,3.549347307776569e+63
mail,3.545848123479038e+63
variety,3.524675817873912e+63
artificial intelligence,3.509766171104397e+63
people,3.504590967242982e+63
upon,3.4909762433418275e+63
payment processing,3.488296287065009e+63
bitcoin exchange,3.483910416715817e+63
project management,3.470922950335187e+63
involvement,3.4635223563114326e+63
mapbox,3.455529330070567e+63
earth,3.433912872075112e+63
sportradar is,3.4335938082254565e+63
solution,3.390076199912724e+63
input,3.389247761644181e+63
iot,3.3834187354748795e+63
transportation,3.3466051810063155e+63
for retrieving,3.321751765333731e+63
academic,3.295582431177301e+63
much,3.1902983876506448e+63
university,3.179258085671742e+63
movie,3.1409108859672154e+63
merchant,3.136141161871299e+63
lead,3.1195631703195803e+63
multi,3.1192437181998875e+63
corporate,3.1133565512811554e+63
planned,3.1017770279931023e+63
delivers,3.065432104030583e+63
registry,3.064919363648822e+63
verified,3.050891468211076e+63
community,3.0178023029327984e+63
term,2.945362176556242e+63
for audio,2.9363677430188372e+63
ha many,2.9294300467712294e+63
hotel,2.840679181588857e+63
service with,2.839513563719916e+63
all one,2.814331935078824e+63
viewdns info,2.7468357440074378e+63
publisher,2.7306638939655673e+63
photo,2.7238247778147248e+63
news,2.6634236981468176e+63
plan,2.6177688144825764e+63
ad,2.483915293105239e+63
xml format,2.4720233382123734e+63
sm,2.273613907429211e+63
whose main,2.211988446782265e+63
detection,2.1199576430826693e+63
general,2.1139441565831715e+63
company based,2.0812552040816618e+63
choose,2.0266777247370813e+63
apps it,2.0266777219646785e+63
expose,2.023109279096831e+63
before,1.9803122052938647e+63
email,1.9293135846105176e+63
service service,1.8966425348744565e+63
market,1.7952274355171867e+63
service,1.686145500150607e+63
medium,1.6370339789610584e+63
gene,1.5935231815335715e+63
travel,1.5660737676734323e+63
tour operator,1.5374792694976948e+63
enterprise,1.5165148522883229e+63
handle,1.5143162928850726e+63
government,1.4674758923656647e+63
programmatic,1.3903653735214392e+63
logo,1.3747937316821505e+63
file,1.3721006716637114e+63
science,1.3636997822431402e+63
charge,1.3200906181142037e+63
instant,1.3026644189995791e+63
phone,1.2860784929498322e+63
topic,1.257234032110268e+63
department,1.1735548983638791e+63
java,1.1604213422969478e+63
implement,1.1354061761353962e+63
mobile,1.078056157280215e+63
allows you,1.069304221402652e+63
manages,1.0600259368187514e+63
music,1.019162232988975e+63
medical,9.319559768890135e+62
who,9.315867114570533e+62
bank,9.212769493720301e+62
imagga,8.760922932420329e+62
lesson,8.7604583440647e+62
collection,7.498337027040299e+62
financial,6.499213317083335e+62
event,5.992036137099872e+62
it us,5.883138740882807e+62
price,5.757938347132194e+62
communication,5.09898610968083e+62
state,4.92343274785564e+62
device,4.426714515478903e+62
their application,3.467273166186779e+62
contains,2.7342008212222055e+62
each,2.7067278312419745e+62
sharing,2.694392727881775e+62
server,2.6752104491964924e+62
word,2.579234642844803e+62
send,2.579104247163881e+62
should be,2.5588784839301706e+62
retrieve,2.5588784837661202e+62
api developer,2.212157308742943e+62
material,1.9536628562752217e+62
product,1.9188996597243687e+62
document,1.907946461995396e+62
structure,1.8612721624304303e+62
payment,1.832906256102237e+62
method,1.8048224957409654e+62
little,1.8046824529924696e+62
game,1.5555186262449532e+62
image,1.5254634077160614e+62
business,1.456692311562958e+62
analytics,1.3954613412307212e+62
apis,1.365524701434295e+62
messaging,1.3552108439691548e+62
offer,1.2247264149259676e+62
developer can,1.1390757680638351e+62
architecture,1.139074708465618e+62
is free,1.0210754284628388e+62
engine,9.506475159119333e+61
rest api,7.274541534974476e+61
video,7.108183880806261e+61
request,6.640370087022657e+61
project,6.409387639777712e+61
order use,5.402342713264656e+61
voice,4.727204884965935e+61
task such,4.133257477762584e+61
result,3.4057256430997836e+61
open,3.3792366698512935e+61
trial,2.831481936766146e+61
development,2.4657179319050171e+61
json format,2.3312567697956284e+61
map,2.2022503689373637e+61
give,1.9573094301448538e+61
such,1.1828434846813256e+61
with,8.036857572437637e+60
location,6.2942457397477955e+60
if,6.262623293355811e+60
become,3.1194406627466484e+60
water,7.0181087744812905e+59
comparison,6.3238605820789285e+59
chemical,6.299654746790533e+59
transit,6.257075787499101e+59
docker,6.227057276793244e+59
move,6.044690177438364e+59
web map,6.042747250213469e+59
school,6.035679605387527e+59
real,5.935705141263641e+59
based solution,5.913369665784569e+59
trip,5.7912604554185225e+59
specie,5.7104909514557805e+59
ma table,5.654359909993864e+59
provide,5.617751863399432e+59
api will,5.612284634525573e+59
apps that,5.581062474216601e+59
bitcoins,5.57541278523143e+59
training,5.545340749902485e+59
with tool,5.539025967102443e+59
company is,5.538484816693201e+59
technology that,5.530617720973738e+59
parcel,5.515794848539144e+59
intrinio,5.452685482505672e+59
genetic,5.409017095912607e+59
video analytics,5.40265274427572e+59
bus,5.40244290193039e+59
harvard,5.376983278424399e+59
metro,5.341097769274532e+59
infrastructure,5.339267232009696e+59
online game,5.2401772116978195e+59
gi,5.224525481454174e+59
can either,5.168357806473987e+59
business service,5.162180632192389e+59
building,5.137228248944271e+59
entity,5.108091393548027e+59
record,4.94651965646431e+59
intrinio is,4.922052837300689e+59
possible for,4.898325817085435e+59
rental,4.886296254016011e+59
fan,4.880682422599211e+59
keep track,4.878346074145204e+59
newsletter,4.805126971650052e+59
request can,4.746043677310367e+59
mutual,4.7112929981690015e+59
outside,4.705664833324159e+59
chatting,4.641309206004367e+59
planning with,4.603145584042151e+59
navigation,4.585368229503797e+59
format,4.569418165450106e+59
visit,4.559971877509994e+59
any time,4.55249497394929e+59
doe,4.476799124344931e+59
prediction,4.461245568852349e+59
radio station,4.459684454260792e+59
without having,4.400725569694135e+59
of scientific,4.395116654910011e+59
legal,4.305710597378212e+59
for user,4.285889593767733e+59
image their,4.22798042261293e+59
support json,4.221729775013864e+59
advertiser,4.217369503514954e+59
which includes,4.199927895962155e+59
astronomical,4.192091468396141e+59
containing,4.167830638650895e+59
their video,4.14478652249328e+59
knowledge,4.135155429577209e+59
save,4.132128442502741e+59
for example,4.1051268595976565e+59
drug,4.096063043054163e+59
transmission,4.0863246108948115e+59
competition,4.052235030789568e+59
detail,4.049934288451141e+59
affiliate,4.042710320453438e+59
event that,4.030198062982268e+59
icc indian,3.956541385580417e+59
support retrieval,3.9564575467618064e+59
with automated,3.943819158488745e+59
here,3.9337930604986653e+59
relation,3.9162311653091517e+59
analysis of,3.897213588363651e+59
thesaurus,3.8931991716948375e+59
mailbox,3.8692802352722467e+59
committee,3.852196470705642e+59
obtain,3.8244582558860463e+59
map api,3.822226576273005e+59
congress,3.753778833696849e+59
tool,3.7535341688935017e+59
sequence alignment,3.742515519686175e+59
purchasing,3.7337365228327657e+59
card,3.7115115521003585e+59
integration,3.6442322245521828e+59
email campaign,3.6393827425954794e+59
english,3.6375351184508245e+59
manage their,3.6215504032312066e+59
airport,3.618915152941008e+59
betting related,3.603373132125918e+59
live score,3.591888558602636e+59
bioinformatics,3.587032389759384e+59
desired result,3.565090374564722e+59
brings,3.481932544799193e+59
formatted,3.4649319628043876e+59
data feed,3.4263486097718034e+59
trade,3.4079599103903117e+59
campaign,3.405420481143376e+59
clickbank,3.3821248796269857e+59
search engine,3.377882499278099e+59
sentiment,3.3629147296505697e+59
service company,3.3534234381047187e+59
telephone,3.3263652914867864e+59
currency,3.326154233725701e+59
component,3.313796239707458e+59
also can,3.2771343509288175e+59
for more,3.2498718240392504e+59
associated,3.229397410572205e+59
game developer,3.1849463837239763e+59
embed,3.168361594881358e+59
county,3.166625179193778e+59
long,3.1533222186843177e+59
api call,3.150168066647203e+59
latitude longitude,3.13245528424878e+59
sell,3.0971961084210967e+59
rackspace,3.0955955226080335e+59
serving,3.0511611047278903e+59
engagement,2.9695635262554343e+59
language,2.9565047594168815e+59
fm,2.946525098000796e+59
request for,2.934886684064971e+59
that application,2.9073302771236264e+59
fraud,2.905994350161462e+59
available by,2.8857692496537343e+59
deal,2.885306416464317e+59
api access,2.8297078125917e+59
label,2.812434393475072e+59
optimizes,2.7953653311234206e+59
supported,2.792343850650579e+59
spatial,2.789423857909389e+59
fantasy sport,2.741083859089031e+59
android,2.7221085546545624e+59
requirement delivers,2.67454103745965e+59
order book,2.646636907601548e+59
amount of,2.645261235909028e+59
web page,2.5861017505424847e+59
social,2.5748548498581635e+59
research,2.4919103889945216e+59
address,2.4706428894180167e+59
office,2.4276421809764346e+59
historical,2.3767281565808087e+59
ipad,2.364800083867809e+59
user,2.344206112566125e+59
soap call,2.326225909393499e+59
incident,2.3154167270050423e+59
of apis,2.294477661998068e+59
bbva,2.29339935728203e+59
lb,2.2932738227848403e+59
division,2.257680614202153e+59
api provides,2.2495836804260566e+59
largest,2.238165457551446e+59
objective,2.2018140496001153e+59
integrated into,2.175929651092373e+59
net,2.1386682732564533e+59
api offer,2.133576859199521e+59
returned,2.1255049039446155e+59
protection,2.1082218816254166e+59
happening,2.10596315074886e+59
soap,2.100768791058923e+59
monitoring,2.097990437127785e+59
code,2.097430884690741e+59
json jsonp,2.0885089251127168e+59
database,2.085088458905291e+59
route,2.0588280256346436e+59
stats,2.05282687925922e+59
routing,2.043553090904348e+59
recipient,2.0385988571121086e+59
volume are,2.023615511128264e+59
condition,2.010420208159835e+59
email for,1.9880910133208177e+59
intelligence,1.9878279132800738e+59
report with,1.9846202706498622e+59
information including,1.980011067558488e+59
station,1.9370986966767072e+59
name service,1.9370275767872756e+59
compile,1.9270654138927412e+59
health,1.9172249300930105e+59
advertising platform,1.9040919018265606e+59
content of,1.9035411916219786e+59
against,1.8228787067109266e+59
application,1.8173118203886084e+59
month,1.8120393751838865e+59
of thing,1.8102917275442392e+59
access,1.8051519837722432e+59
temperature,1.7999782523009966e+59
for news,1.787587847367898e+59
browsing,1.7836822737393254e+59
authentication,1.7790601104005721e+59
online mobile,1.768768433606838e+59
service allow,1.750236524143538e+59
participation,1.74320239883732e+59
of email,1.7414392485299198e+59
resolution,1.7381028664353847e+59
portal for,1.7192390759199555e+59
org,1.7144169874167555e+59
us restful,1.7022651445024593e+59
io,1.6913151935716776e+59
forecasting,1.690072185492553e+59
service user,1.6822618787998968e+59
cluster,1.6821929911050549e+59
uk,1.6763172170620637e+59
email address,1.6727628423468733e+59
solution offer,1.6680393655529544e+59
federal,1.6600862670707174e+59
metric,1.6599149512547158e+59
proximus,1.6463757582936664e+59
booking,1.6428046232385082e+59
of video,1.6375479718866365e+59
spread,1.6346901002974544e+59
available content,1.6319821998600045e+59
estate listing,1.63135568229424e+59
file sharing,1.6304345216849036e+59
split,1.6303274515367994e+59
available json,1.6203184265149804e+59
matched,1.59947638612542e+59
information for,1.5925831599096289e+59
user submit,1.5817798133649425e+59
capability,1.58132556770426e+59
around world,1.5774805917324783e+59
destination,1.5757236923817392e+59
uploads,1.5667379461062744e+59
listing service,1.5649732750318176e+59
image image,1.558662015612284e+59
method is,1.5492131702469418e+59
image into,1.533954353894915e+59
conference,1.5338819974682212e+59
descriptive,1.5292898768065e+59
user create,1.5233570516681244e+59
reverse,1.523051452027152e+59
look,1.5214142669593765e+59
application imagga,1.5193018153095597e+59
independent,1.5144079279228216e+59
translation,1.5088780854910226e+59
is image,1.5081982984095155e+59
api web,1.5070216236414557e+59
exchange api,1.5048762811449102e+59
quote,1.5039664898292432e+59
map of,1.499050096005989e+59
chat,1.4943597984438374e+59
data warehouse,1.49290510107485e+59
retail,1.485576889884509e+59
availability,1.4650211531681732e+59
type,1.4635765710225868e+59
venue,1.453180943767114e+59
all,1.434614327164364e+59
object,1.4302034674894031e+59
tile,1.4270695523127423e+59
which crop,1.4259293493390894e+59
with their,1.4245693575568709e+59
event data,1.4162700279811868e+59
change,1.4083776800046906e+59
sale,1.4083276094354244e+59
designation of,1.4082541494712656e+59
presentation,1.395793885335133e+59
comprehensive,1.3870330434226267e+59
web information,1.3858238868230507e+59
singapore,1.385591665987284e+59
is application,1.365286803409802e+59
goal,1.3580193136217345e+59
mesos,1.3395471175052075e+59
date with,1.3296052905739001e+59
retrieve list,1.3289143068368024e+59
storage service,1.3279474788483382e+59
other currency,1.3172837828841318e+59
dns,1.2927560820151774e+59
video image,1.2886336101921903e+59
teacher,1.2828862062150927e+59
sale po,1.2809169165249867e+59
radius,1.2735425082384167e+59
create,1.2688776275373167e+59
non,1.2496948538417428e+59
their product,1.2481829421525699e+59
enabling,1.2470529346665256e+59
specified by,1.2463153277730923e+59
one,1.246097025265456e+59
short,1.2259918121672836e+59
more than,1.2249091881693867e+59
ticket,1.219126872553027e+59
sensor,1.2153866674247732e+59
owner,1.207344748004303e+59
bing,1.207344324101188e+59
api retrieves,1.2045498714837117e+59
flight,1.2028590620243514e+59
making,1.1989358184815068e+59
shipping,1.1973365028850476e+59
aspect of,1.1944311662498635e+59
shipping solution,1.1919492651043873e+59
agile,1.173993203616014e+59
even,1.1736551195482439e+59
verify,1.1726484795107569e+59
help you,1.1526917805078086e+59
content delivery,1.1477817796834284e+59
listing,1.1352046026275986e+59
electronics,1.128246864609416e+59
editorial,1.102702378865327e+59
taxi,1.0966817560300752e+59
bank of,1.0720255560164416e+59
window live,1.0665320823474283e+59
service from,1.06620093736027e+59
upload video,1.060891150696087e+59
html,1.038057201689189e+59
functionality,1.0291292556177579e+59
utility,1.0214118062620002e+59
manage application,1.0200537706283575e+59
gov,1.0049601896113978e+59
hotwire,9.928381899738786e+58
manipulation,9.895017913454038e+58
account,9.743044650887449e+58
interact with,9.511304264983462e+58
service allows,9.377366911494433e+58
sends,9.201951744351794e+58
space,8.944331497932757e+58
case,8.919358463030312e+58
music service,8.906083169361751e+58
of their,8.731287418072842e+58
for,8.725147851928587e+58
previously,8.619403727082853e+58
league live,8.574475886900662e+58
organize,8.34497053124892e+58
video archive,8.221592244550441e+58
interact,7.790527391690624e+58
captured,7.651870618893023e+58
developing,7.649495115900689e+58
ontology,7.647452212865215e+58
archive,7.64745082542394e+58
also,7.568220031612326e+58
can,7.37676481007696e+58
through open,7.359452083686462e+58
open banking,7.226988268012459e+58
over,6.788020808846377e+58
other application,6.771692793755333e+58
of cloud,6.67309080950252e+58
you retrieve,6.569543243253741e+58
of google,6.460912500931081e+58
live,6.446767202090591e+58
includes,6.387096774895592e+58
playlist,6.271368066577955e+58
demand,6.221913931002643e+58
playback,6.143197387653574e+58
domain name,6.085258004857164e+58
json formatted,5.853215041428287e+58
functionality including,5.842100884884799e+58
contact,5.776314777226587e+58
suite of,5.776037131364565e+58
is available,5.733370215309404e+58
recognition,5.729213326079991e+58
end,5.631209256178424e+58
analysis,5.54153670278501e+58
are,5.512067990916768e+58
act,5.469267921044965e+58
of,5.388591337452376e+58
social networking,5.385150180337815e+58
solution for,5.358906477666667e+58
app,5.310245220554722e+58
message,5.303342415457321e+58
core,5.168907735467681e+58
page,5.158202200661406e+58
organization,5.148101267791455e+58
find,5.105034170511535e+58
web,5.049521860279391e+58
control,5.043928867002914e+58
stock exchange,5.026805481082155e+58
go,5.0130481128656786e+58
radio,4.992482428623555e+58
semantic,4.9769122568594e+58
adaptive,4.976853707579407e+58
give access,4.968428996328433e+58
this site,4.9650333384106704e+58
used by,4.9617496885611824e+58
legislation,4.938844235869639e+58
interpreting,4.929234497418751e+58
api allows,4.921497484372314e+58
unofficial,4.92147695052497e+58
using,4.9184381818919413e+58
for searching,4.904595037186071e+58
into,4.902259812073094e+58
procurement,4.9018044022947087e+58
compliance,4.901452320971353e+58
provides basic,4.896493586281089e+58
author,4.894882851682972e+58
call,4.888715835170512e+58
get information,4.882690297996326e+58
time period,4.866285662924023e+58
molecular,4.859974274642726e+58
application user,4.850123104322654e+58
registration,4.850008955909297e+58
offer api,4.849454540567123e+58
note,4.84924605825721e+58
pay,4.84601513188397e+58
search query,4.842114500996766e+58
nonprofit,4.8385637877782886e+58
educational,4.8348760496839014e+58
exchange rate,4.832229616802867e+58
gain access,4.822816784383168e+58
test api,4.8194705346604116e+58
platform for,4.8131911938935007e+58
protocol response,4.802192011008618e+58
is video,4.7997254678246315e+58
equipment,4.798177178404365e+58
of restful,4.7978776690555856e+58
limited,4.7944876575980293e+58
car,4.788745993177432e+58
requesting,4.7796315808564535e+58
latitude,4.778423760523079e+58
directory of,4.772659913077626e+58
export,4.754949492779796e+58
entertainment,4.7515498206169217e+58
it allows,4.7443680506051054e+58
with this,4.7383842521572497e+58
can also,4.733146078561386e+58
idea,4.724905223314229e+58
it offer,4.723473716975382e+58
api documentation,4.719762977038367e+58
seven,4.7173741190355306e+58
mobile apps,4.708885501665768e+58
worldwide,4.705527857469863e+58
your own,4.6856474600868525e+58
com,4.6820830400351716e+58
collect,4.675852503535045e+58
allows platform,4.6575075847561704e+58
that,4.651787104780886e+58
transaction,4.650971930451704e+58
full,4.632905249449312e+58
order,4.628210034326781e+58
rest call,4.613429643705125e+58
specifying,4.61192206005642e+58
notification,4.6119057098987766e+58
search service,4.610410113637022e+58
access integrate,4.6027361084634205e+58
with virtual,4.5884572532136663e+58
vote,4.56907654941404e+58
from within,4.5678253247835725e+58
can send,4.555286577257486e+58
client,4.552727571458448e+58
specializes,4.5197761089324325e+58
festival,4.4867668893177893e+58
authentication use,4.485097338515356e+58
deployment,4.483586092771211e+58
should contact,4.422292034347933e+58
journalism,4.4063600748196155e+58
store,4.405729942211569e+58
given,4.3998717004558036e+58
minute,4.382144673427444e+58
cloud,4.3752248870017544e+58
management,4.3504838973463677e+58
low,4.292330068590736e+58
bounce,4.266812686091937e+58
is also,4.248977985041396e+58
time,4.2395681738486855e+58
song,4.2370453535785643e+58
format include,4.2260858650932976e+58
is event,4.2183564719202296e+58
it,4.1307834672390345e+58
task,4.1259013372711875e+58
bit,4.1258908882297437e+58
be,4.1200571073592415e+58
ha,4.0885823559156293e+58
aim,4.078219779028429e+58
will,4.073658894599231e+58
team,4.064599229566128e+58
description,4.052606556613097e+58
beta,4.036482255954592e+58
xml,4.0341287228403416e+58
mobile advertising,4.02348959753356e+58
online,4.022983526237525e+58
marketing,4.0193314808178104e+58
priority,4.0120829066535784e+58
specified,4.0064259382322657e+58
source,3.9915634573517417e+58
of image,3.989354135325226e+58
this api,3.966905998625744e+58
volume,3.957090672008443e+58
software,3.955749718094092e+58
fraud detection,3.953461917051131e+58
season,3.935338459916722e+58
integrate,3.9326309825297037e+58
audio,3.9240634187529837e+58
new,3.917381438598928e+58
provide service,3.900971699425792e+58
free api,3.8779473786686426e+58
user must,3.8638426928734884e+58
set of,3.8538784030264495e+58
allows developer,3.817785791212123e+58
part of,3.815937256990837e+58
dvd,3.808026474346043e+58
patient,3.797989904290433e+58
library,3.792027116954094e+58
api conveys,3.7909119721169335e+58
im,3.7824523722595695e+58
brand company,3.7681159430608115e+58
liveperson,3.737966294884048e+58
networking,3.7264135097656684e+58
album,3.724207948691535e+58
renewable energy,3.722559229494824e+58
function that,3.718463717832635e+58
into any,3.7037173576394025e+58
list all,3.68481363836285e+58
currently,3.6718246856697724e+58
mechanism for,3.669065924763155e+58
run,3.655432901487562e+58
their user,3.6544835282951645e+58
used,3.6505382247428246e+58
drop,3.6461178549460584e+58
key for,3.6379363405920734e+58
which provides,3.6239224141981915e+58
site,3.620172521054207e+58
data,3.616749303367504e+58
magic,3.6044826329491946e+58
provides,3.587943461102118e+58
football soccer,3.5648704122274404e+58
learning management,3.5323665826052066e+58
accessed through,3.5021267797856625e+58
public information,3.491097666316674e+58
funding,3.464057816846969e+58
cutting edge,3.455530885674956e+58
accommodation,3.4348835849190575e+58
ride,3.4209775148182835e+58
allows people,3.4051779055225074e+58
support search,3.3250781737241946e+58
service provider,3.215306352353234e+58
service that,3.178271784538511e+58
hash,3.15875353977569e+58
environment for,3.141279385512849e+58
is javascript,3.1336868588497263e+58
of egnyte,3.117516509992701e+58
ajax,3.09022710367661e+58
dollar,2.9593245448868886e+58
online tool,2.9171536541943706e+58
it possible,2.903940743452183e+58
wide,2.85818122136528e+58
mapping platform,2.801574051085479e+58
service account,2.789431015272743e+58
domain service,2.7412229966403615e+58
ibm,2.667827127676858e+58
tour,2.653332240206482e+58
planning,2.584227182717519e+58
fulfillment,2.555498899809395e+58
enables,2.5040381379753316e+58
domain connect,2.483046459178252e+58
their music,2.410586545506168e+58
learning,2.3744565607528567e+58
nfl,2.3685694932397915e+58
airport api,2.3353006191641016e+58
of travel,2.328352697831288e+58
required with,2.3234997106106504e+58
diversity across,2.3076483280825785e+58
air,2.293916142943918e+58
for cloud,2.2506956477579484e+58
report,2.223430159608373e+58
make,2.223117680353251e+58
ai web,2.222897362177226e+58
sportradar,2.2098517540336895e+58
rna,2.1261787498153918e+58
architecture network,2.04855837101539e+58
airline,1.9920001730322555e+58
application mendix,1.8021295447142697e+58
information available,1.6949469842287386e+58
resource,1.6896541844250673e+58
customer,1.6825970975730952e+58
functionality provides,1.6546406515337338e+58
computer,1.6407840637518376e+58
storefront,1.623368163557953e+58
network,1.5627133310642495e+58
of sport,1.5477695692743396e+58
from allows,1.480717441885922e+58
provides large,1.462735905448737e+58
received,1.4627359053831817e+58
multiplayer,1.4614723184512526e+58
party application,1.454675239059242e+58
paypal,1.446012358802916e+58
application mobile,1.435128616850093e+58
read write,1.4329177962805306e+58
apache,1.4304945459634283e+58
ability send,1.428793351324529e+58
new application,1.4197726734312543e+58
stored,1.4099212616897167e+58
chat api,1.4033496897156536e+58
event api,1.3973094520217858e+58
public data,1.3965744373784886e+58
course,1.392234100203094e+58
video game,1.3819115210384145e+58
program for,1.3640488564857617e+58
forum,1.3629968324808614e+58
api that,1.3607599506915734e+58
standing,1.3555402045977717e+58
geo,1.339543872451738e+58
analyze,1.3362336828777075e+58
trend,1.330425103643325e+58
provides global,1.3137286924626363e+58
user with,1.3085564146651924e+58
user provides,1.304707021789529e+58
for startup,1.293480852062002e+58
event event,1.2854168934670214e+58
mortgage,1.2838225763007387e+58
requirement,1.279179767474994e+58
backend system,1.2727249323944443e+58
complex problem,1.2632580615331977e+58
web their,1.2402250192085321e+58
service business,1.2371478363458234e+58
mapping application,1.2242426972617586e+58
is site,1.2196216915060294e+58
not,1.2069435150050073e+58
safety,1.2059156125076743e+58
of voice,1.2017934350357633e+58
exposed,1.198822503575208e+58
leading,1.1833717934129054e+58
from user,1.176316017504607e+58
for finding,1.1761768266651126e+58
shopping,1.1714733775333398e+58
it into,1.1616836967534324e+58
their service,1.1594279521690011e+58
game application,1.14952714404443e+58
review,1.1413151031451768e+58
for access,1.1275687349950655e+58
website can,1.1225342887426421e+58
transport,1.1178140269562412e+58
using it,1.1078870895669721e+58
cricket,1.098473754435313e+58
contain,1.0955683405605248e+58
organism,1.0823730188511074e+58
get event,1.0595217808593571e+58
improve user,1.053767318516993e+58
recurring,1.0473943604541991e+58
with mobile,1.0412489483689601e+58
fund,1.0403930105391541e+58
collaboration,1.0321962531934047e+58
are pay,1.0289522318101946e+58
recognize,1.0234187445564158e+58
microsoft,1.0149016977170857e+58
day,1.0082248683074686e+58
identity,1.0052770058696613e+58
access information,9.984298920799256e+57
telephony,9.964795073915662e+57
for uploading,9.87804442658805e+57
service of,9.855274835252066e+57
for driverless,9.838240997251406e+57
ferry,9.817677363865917e+57
scientist,9.778835301930175e+57
easier,9.762336572207251e+57
of event,9.753657749390304e+57
tagging,9.73405315097201e+57
is advertising,9.691981306642935e+57
you can,9.544148980062021e+57
is only,9.542301153444835e+57
zip,9.519819363943967e+57
scale,9.491875391619673e+57
request are,9.017643534816235e+57
biology,9.002175469953115e+57
city,8.992816945837956e+57
basic,8.922680413087024e+57
cat,8.907956700669265e+57
api user,8.710953298382881e+57
by keyword,8.707047754452689e+57
is database,8.65799634731677e+57
custom,8.620477332950382e+57
for sending,8.60549215459508e+57
designed,8.514983819385075e+57
api which,8.503881164834109e+57
keyboard,8.428196515020004e+57
by,8.372273942458914e+57
team player,8.246535058427955e+57
api,8.216533283732349e+57
score,8.150129671204447e+57
individual,7.928828157720542e+57
time tracking,7.867491589146031e+57
google,7.833475444639688e+57
of gene,7.764280056255672e+57
that can,7.630317461079506e+57
upload,7.55572702499905e+57
protocol,7.470593513837645e+57
checkout,7.315358211976538e+57
point of,7.215624211547843e+57
player,7.187677971096104e+57
developer api,6.912969850787596e+57
text,6.829151633489496e+57
api can,6.816936758348729e+57
portfolio,6.776315565889822e+57
sport discipline,6.696446768306243e+57
credit,6.218805746601883e+57
cm,6.093723097286127e+57
stock,6.0377034050769394e+57
indicator,5.791431518726887e+57
information from,5.77726496292371e+57
ability,5.7708554950802636e+57
is online,5.770796789674788e+57
featuring,5.75155452458558e+57
number,5.3926968877467465e+57
provider that,5.3379684578573736e+57
returned data,5.29736591549356e+57
information,5.025915346781547e+57
search,4.8326930186026585e+57
publishes,4.6805408235516356e+57
include,4.668290387698992e+57
we,4.356309665136509e+57
add,4.041443623286279e+57
main,3.9607592931345664e+57
for release,3.956366886132668e+57
of application,3.955299702207431e+57
consumer,3.954859539795053e+57
of mobile,3.954127877691593e+57
offer comprehensive,3.9431316394039354e+57
another,3.941743479942664e+57
you,3.937648314713213e+57
simplifies,3.9340972432742196e+57
user user,3.928981011927304e+57
official,3.925134871039197e+57
thing,3.9219701565688936e+57
bulk,3.917711589571339e+57
create delete,3.9146563108403785e+57
retrieves,3.914036486669725e+57
is being,3.913310197931838e+57
visual,3.912544869369487e+57
than,3.912512323122016e+57
attachment,3.912512322828026e+57
point,3.9094730623038556e+57
zillow,3.909198091775058e+57
formatting,3.899307229760677e+57
stream,3.8968134250833785e+57
user send,3.881864216819078e+57
that enables,3.8756177107197504e+57
german,3.874236885920727e+57
utilize,3.8647775689133536e+57
is designed,3.862451729112472e+57
tracking,3.861849732482986e+57
geometry,3.841236952201734e+57
many different,3.836871859240535e+57
twilio,3.8259413284106e+57
user automatically,3.8259398510340215e+57
fuel,3.825146517985177e+57
description of,3.823507301763482e+57
play,3.8205553675173516e+57
that return,3.819973643667236e+57
enthusiast,3.80995896538005e+57
table,3.802984866902595e+57
create your,3.798126734749578e+57
reply,3.7934122095195035e+57
ocean,3.787041670613152e+57
networking with,3.779308075114842e+57
system provides,3.778728411292946e+57
that support,3.777978953943755e+57
million of,3.76760316308793e+57
machine learning,3.7600731064648365e+57
tag,3.742222004932867e+57
access this,3.740807642546539e+57
geolocation,3.72009503072504e+57
geographic,3.712340622330515e+57
acuity,3.705867066215684e+57
it functionality,3.705104785088255e+57
your,3.7044194131499615e+57
accommodates,3.69070727583181e+57
inventory,3.66287909605087e+57
website blog,3.650109204787173e+57
energy,3.6480920582926864e+57
suited for,3.6357816809256846e+57
convert,3.630914330782949e+57
performance data,3.629990163295349e+57
co,3.6275319558679156e+57
track,3.622332455386038e+57
text messaging,3.597234099284711e+57
image it,3.585888171832919e+57
determine,3.5842558180039545e+57
local,3.561705369630403e+57
that specializes,3.561050094346617e+57
online payment,3.554400580354847e+57
simple,3.521044349845611e+57
website,3.5085974895288825e+57
allows user,3.4909278513428045e+57
gain,3.446529104056982e+57
this,3.444375875833196e+57
definition,3.441527566599087e+57
nasa,3.4328487511649486e+57
own,3.386419968244287e+57
present,3.3728752797129004e+57
process,3.368847648946044e+57
monetize,3.368024556877244e+57
customer service,3.361673185321025e+57
reporting,3.33141083811105e+57
us oauth,3.3193674425922215e+57
add user,3.3103792725167304e+57
site with,3.310377886876045e+57
is hosted,3.303244815639623e+57
apps,3.285710992176802e+57
live chat,3.230540265249383e+57
compatible,3.2156787216290205e+57
geocoding,3.2016261432284466e+57
with other,3.199627034713606e+57
python,3.1987781658506316e+57
your customer,3.186407016974681e+57
call issued,3.1639743052433264e+57
more,3.153956118119529e+57
end end,3.1254595572882732e+57
are json,3.1011040252476116e+57
company,3.0864510919059868e+57
appearance,3.0694356986496283e+57
is music,3.0211314612610713e+57
distributed,3.008251726106499e+57
quickly,3.008098865111677e+57
their allows,2.979798838790981e+57
protocol wa,2.956544669292918e+57
device this,2.9187146375820445e+57
facebook,2.8705373078625338e+57
do not,2.862448503073693e+57
submission,2.811776288614149e+57
api handle,2.8092661502249917e+57
developer,2.7998115183462424e+57
some example,2.7953611644233162e+57
can be,2.789928785252202e+57
live data,2.769466813179789e+57
is uk,2.7679272730142693e+57
study,2.75559496390498e+57
accessing user,2.7420060939223023e+57
who can,2.7418597379107995e+57
delivers data,2.688610285648056e+57
messenger,2.6810087965607792e+57
use,2.6744523094072196e+57
common,2.66484412716024e+57
uk government,2.653923961192203e+57
strategy,2.626448213333019e+57
template,2.625663601355974e+57
public,2.621484143078143e+57
some,2.5491121139946215e+57
of message,2.54759818077375e+57
trader,2.54286131131426e+57
api method,2.538073916945932e+57
from various,2.531611425301142e+57
threat,2.5048152631274104e+57
clinical,2.4971119889839993e+57
consistency,2.4298933193565918e+57
support,2.4129316902847408e+57
their,2.32792809679749e+57
connector,2.3130730324209977e+57
coverage,2.3014622748799535e+57
platform that,2.258374906403273e+57
help,2.2515136254774285e+57
openstreetmap,2.1996001445015955e+57
of map,2.138835559229923e+57
also allows,2.0419805290833514e+57
with cloud,1.968257713309942e+57
model,1.953749492856225e+57
news feed,1.879374537221792e+57
boundary,1.8662368266594667e+57
ivr,1.7284295079149596e+57
is that,1.6907540542935436e+57
software project,1.6308908074967372e+57
eod,1.6128563527540874e+57
alignment,1.588298180545199e+57
private,1.5780225873014626e+57
international icc,1.5260848040235105e+57
specify,1.4771935672013713e+57
their website,1.3603734860802257e+57
rest,1.3477597842175431e+57
travel booking,1.3443736072971314e+57
distance between,1.317570231315451e+57
return list,1.3136560422772615e+57
call will,1.2352577001731858e+57
appears,1.195707697869049e+57
make data,1.1735829407005882e+57
musical,1.171781427442217e+57
programmatic access,1.1391652489586175e+57
third,1.0261725371041545e+57
it service,9.450094392875697e+56
password,6.55259443442935e+56
what,6.449189993949983e+56
accessed,5.81624800898118e+56
about,4.489156377005172e+56
of alternative,4.21418928241659e+56
any,3.2731342366699586e+56
way,2.749981764278757e+56
virtual,2.700331140193493e+56
complete,2.586529372182524e+56
leveraging,2.4171611353547424e+56
daily,1.6380020451899694e+56
administration,1.6272822886892007e+56
eu,1.4524874828940163e+56
voice call,1.4210701179648008e+56
sm service,1.4163334966140987e+56
voip,1.4143629457353406e+56
module,1.4096943222776514e+56
website user,1.4071388175201187e+56
is photo,1.4019649830315635e+56
submitted,1.3991710229140235e+56
hosted by,1.3902838029848343e+56
service providing,1.3885158401648907e+56
prescription,1.3809755553403636e+56
download,1.3803978045757636e+56
partisan,1.371054598364529e+56
with simple,1.3707081802214333e+56
api support,1.3645183023665178e+56
online booking,1.3634171494055825e+56
released,1.34480702466278e+56
need,1.3383201262691115e+56
phone call,1.3377592862665766e+56
chat bot,1.3291519557566622e+56
human,1.321441640586447e+56
synonym,1.320630392362514e+56
of resource,1.3154921943901048e+56
from their,1.3121065932725036e+56
that provides,1.3120797436040543e+56
management api,1.3046743278919936e+56
github repository,1.299430653401492e+56
are also,1.2951327134569837e+56
active,1.2944476391472333e+56
promote,1.2889374027982931e+56
actual,1.2875205400964227e+56
can include,1.2874534218391145e+56
can place,1.286152840075065e+56
printing service,1.2755494151697984e+56
api monitor,1.2745656621024597e+56
is email,1.2671125489173841e+56
with set,1.263829262092045e+56
sm message,1.2599160967995849e+56
nucleotide,1.258153403642569e+56
retrieving user,1.2578803316845985e+56
be provided,1.253604676167233e+56
north american,1.2536046681894201e+56
faster,1.2524082727306864e+56
neutrino,1.2520255204881593e+56
mobile payment,1.2510813316780198e+56
itinerary,1.2358822956664488e+56
ad network,1.2338443932361002e+56
bicycle,1.2310030160402285e+56
godaddy,1.227015846754102e+56
txt,1.2120299085391939e+56
cart,1.210501782368624e+56
jpeg,1.2072763832909706e+56
often,1.2050570016259123e+56
platform feature,1.1947996912221848e+56
authenticate,1.168081257484461e+56
agency,1.1619791295903504e+56
application feature,1.1562366187900567e+56
developer user,1.1548009864484096e+56
customer relationship,1.1489298933455545e+56
can search,1.144701332172434e+56
existing application,1.127447123452119e+56
quarterly,1.0968134273434487e+56
semantic definition,1.085635674566287e+56
is for,1.0837862852365775e+56
developer must,1.0833716789880433e+56
search across,1.0799124384515393e+56
tip,1.0778622358332523e+56
selling trading,1.0737075364710857e+56
construction,1.060555610827911e+56
for their,1.055754951317729e+56
learn,1.0380502715804556e+56
score api,1.015181125001883e+56
then,1.0030150376606344e+56
citizen,9.94880954469032e+55
cloud it,9.895381156021392e+55
extraction,9.430739179238992e+55
command,9.155598412616781e+55
mobile tablet,8.954437376898245e+55
with parameter,8.903325545578287e+55
nasa is,8.896315388968283e+55
serf,8.491982251362124e+55
mining,8.465362035932027e+55
listing for,8.29419304504786e+55
user ability,8.289781402668479e+55
problem,8.241296258514179e+55
of coin,7.953221119406263e+55
scout is,7.816453661563177e+55
newspaper,7.812972547086125e+55
store their,7.812972526995242e+55
put,7.578124225143417e+55
user programmatically,7.549415825717466e+55
come with,7.513735994081902e+55
powered,7.321430093711626e+55
site documentation,7.004418218990432e+55
postal,6.776812468971256e+55
provided,6.320159182536299e+55
generate,6.161885605122761e+55
money,5.653916732305846e+55
for individual,5.617444574594177e+55
knowledge base,5.100719559185956e+55
combination,5.08574240394934e+55
format return,5.003867749993476e+55
telecommunication,4.654370238773681e+55
profile of,4.649257819193789e+55
window,4.598034980506436e+55
single,4.5363584016743623e+55
read,4.306599355930504e+55
per,4.2420924624724406e+55
can create,4.2135156409742477e+55
org is,4.210239447706937e+55
arrival,4.1696771163757074e+55
statistic feed,4.1108815604495934e+55
game that,4.105488320944446e+55
match,4.0833563772081225e+55
postcode,4.018903256565549e+55
is banking,4.009756903825412e+55
anchored,3.783036453357511e+55
post call,3.78039440991599e+55
data source,3.7769766968020473e+55
sunlight,3.654061168549917e+55
queue,3.6139739211010477e+55
algorithm,3.556774918603868e+55
laboratory,3.5230930607962635e+55
audience,3.4894099000131213e+55
highway,3.479074280582171e+55
including user,3.4590612240099506e+55
tap,3.3923705151863765e+55
game data,3.39054560719542e+55
integrated,3.3753805321437747e+55
app cloud,3.367945975749226e+55
internal,3.3408420227782743e+55
retrieval,3.302618585051685e+55
earnings,3.2775402229182777e+55
identifier,3.27109039605663e+55
management platform,3.224621540686505e+55
describing,3.214788953488046e+55
service provided,3.207899454494234e+55
their file,3.1466658070282514e+55
excel,3.126634075220309e+55
information create,3.126586907504932e+55
facial,3.0892151768362007e+55
concept,3.073390990552719e+55
applied,3.060966479575063e+55
title,3.028549254937985e+55
new york,3.008320603024174e+55
comprehensive knowledge,2.967152536694907e+55
one time,2.9629249317503654e+55
developer should,2.921268011967904e+55
whole,2.918130425710789e+55
for data,2.909444582927964e+55
invitation,2.908117540847238e+55
tool that,2.8947171432938075e+55
single source,2.8543370949161926e+55
expense,2.8403898530780164e+55
io api,2.8195729943830253e+55
useful,2.81052744540731e+55
help developer,2.8096141607741113e+55
event user,2.8017096138346996e+55
roanuz,2.800082896712477e+55
more information,2.760902600650507e+55
result that,2.7596186958727865e+55
many of,2.7445905325717413e+55
online video,2.7149673737417596e+55
harvest,2.7062788822779165e+55
picked atmospheric,2.6823000476643946e+55
are built,2.651121699531452e+55
name,2.6355985912236145e+55
experience,2.599192002531626e+55
applicable,2.5991886373168147e+55
quality,2.592502957716094e+55
drag drop,2.587365387686754e+55
code example,2.5842221810229043e+55
them into,2.581400742553262e+55
encryption,2.5471604154431293e+55
commercial,2.547111433564888e+55
preferred,2.537503672665553e+55
address complex,2.5257490370496567e+55
financial service,2.510157384716484e+55
information account,2.4899203440285205e+55
out,2.470004837201971e+55
cloud management,2.451168228252094e+55
web console,2.4214646394527887e+55
with video,2.3927964274594008e+55
information can,2.3252488785975356e+55
coding,2.2855233574788696e+55
plant,2.2714615540048565e+55
requires,2.2674069270801849e+55
content,2.2520459862781367e+55
published,2.222199107754275e+55
available xml,2.164778102357603e+55
authenticate with,2.1457318356650543e+55
provides simple,2.1250346266757358e+55
biological,2.0782875632477314e+55
built,2.0237758879788693e+55
outlook,2.0066774270956875e+55
policy,1.9905089638860926e+55
using json,1.911965825347922e+55
sharing of,1.8216347788343727e+55
rate,1.7891850303638276e+55
history,1.7595880287252214e+55
classify,1.7157614559667424e+55
video file,1.6828509275193025e+55
show,1.6666984695686213e+55
central,1.6368214618579865e+55
mambu,1.599657759442994e+55
after,1.59633777060646e+55
get,1.5621097498784663e+55
provider of,1.5549572194638212e+55
it integration,1.54982595731283e+55
which,1.527044438077079e+55
take,1.5163711073168295e+55
answer,1.476796892041768e+55
corporation,1.447830316385965e+55
accepts,1.4322151630600282e+55
develop,1.428708825448453e+55
soap api,1.423788319491585e+55
processing,1.415424614033825e+55
access your,1.3941244504968149e+55
chatbot,1.384859064517089e+55
tv show,1.343653479145768e+55
requiring,1.2881110025287176e+55
retrieving list,1.2832792975962658e+55
secondary,1.2789557195804737e+55
provides search,1.2774501665594883e+55
by hp,1.2380702488733355e+55
content within,1.2316890135485105e+55
thing platform,1.228182308794044e+55
bank data,1.2259271854265606e+55
use by,1.2047621707605975e+55
group,1.193082203480213e+55
make them,1.1817894023324608e+55
request is,1.1811774375575492e+55
facilitates,1.1806370754656023e+55
pas,1.1609897383730263e+55
block,1.1593049060728882e+55
transform,1.1558265862665281e+55
story,1.1485208904695366e+55
yet,1.1479720847861187e+55
how many,1.1464354440802732e+55
is accessed,1.1423638091599016e+55
item,1.1309515721390665e+55
company specializing,1.1174302900792318e+55
operating system,1.1083862974065644e+55
for hotel,1.1002504143443407e+55
soap based,1.0866853617569824e+55
also support,1.0797399223423011e+55
easily,1.0710299192403718e+55
team member,1.0594064609109101e+55
diverse,1.0546760151976152e+55
verification,1.0533314487939278e+55
resolve,1.0529107170284736e+55
hr,1.0519280727165927e+55
crop up,1.04076556573998e+55
far,1.0309085121147768e+55
connection,9.986134034068139e+54
article,9.970852911225037e+54
might,9.849533623268755e+54
interested,9.815717811911264e+54
would be,9.81293716818765e+54
enhancement,9.725179885048254e+54
exchange platform,9.712242072213163e+54
africa,9.676312210409364e+54
direction,9.67443950974111e+54
salesforce,9.639862167361643e+54
machine,9.611537186128229e+54
customization,9.545251802035419e+54
gecko,9.497870902845995e+54
is required,9.416347058655294e+54
simply,9.289278407126855e+54
bureau,9.248713980537197e+54
user personal,9.160856656010085e+54
actually,9.117131519708871e+54
analytical,8.960195069656773e+54
house,8.95432444518476e+54
website which,8.9463432786715e+54
format with,8.852525762808102e+54
send text,8.65154663850387e+54
write,8.480463382859795e+54
telecom,8.461484281049104e+54
modified,8.458885806840919e+54
usable,8.329231357299086e+54
resource of,8.111958130601119e+54
flexibility,8.103879718639574e+54
generation,7.957763949715403e+54
version of,7.891780976202094e+54
dissemination of,7.816506833768941e+54
user developer,7.782957094371687e+54
online sale,7.77970739569831e+54
close volume,7.711062844536509e+54
payment method,7.59440473617344e+54
system for,7.550043814717779e+54
community for,7.485080435600538e+54
user it,7.402308547724102e+54
application provides,7.164679565595827e+54
programming,7.093185082792284e+54
world largest,7.08880511490503e+54
example api,6.943087165878073e+54
hosting,6.832032487991163e+54
minecraft,6.769989100221475e+54
managing,6.63646468959807e+54
retailer,6.558762970048308e+54
allows for,6.337256715154465e+54
through,6.244912384363287e+54
your web,6.073392292978635e+54
college,5.9361987660336105e+54
account service,5.6207536225008153e+54
us,5.528013212574431e+54
country,5.2605270785466944e+54
cloud application,5.155203821023976e+54
functionality offer,5.012350653657238e+54
by allowing,5.001497063086742e+54
api return,4.996522091547568e+54
with many,4.9964661319227434e+54
attack,4.644210631337758e+54
developer access,4.627876516633816e+54
it provides,4.556860533497272e+54
script,4.160805488611136e+54
cloud based,4.0864936728297266e+54
information developer,4.0864372791308365e+54
emerging,4.0020122206582224e+54
focus,3.9193692441975545e+54
screening,3.918271273032675e+54
with most,3.8586012028152816e+54
make it,3.848408823087514e+54
standard,3.844098836413495e+54
it ha,3.7418920940412306e+54
they have,3.3065560320707973e+54
spam,3.1973766404802646e+54
up,3.065457948194133e+54
for creating,2.9933731215626807e+54
platform,2.9793536964192165e+54
gather,2.797184994624894e+54
can integrate,2.6411356102635137e+54
xml json,2.629058474167071e+54
hundred,2.5229618179237425e+54
list of,2.4968785925813693e+54
response are,2.3980708116167724e+54
road,2.330744859906833e+54
this web,2.172907858938644e+54
many,2.0832024531279075e+54
channel,1.9785516983973353e+54
formatted json,1.879151946251114e+54
how,1.7998193553028656e+54
for performing,1.776652588830869e+54
software platform,1.665602986700022e+54
support is,1.5193546141645114e+54
buy,1.3860486131555267e+54
cost,1.3174036965862305e+54
peer,1.3109262403080855e+54
technology company,1.3078700338688638e+54
graph api,1.2826870007842885e+54
example,1.2607479862699143e+54
almost all,1.259774222268556e+54
bluemix,1.2512346440452968e+54
editor,1.205472363044124e+54
gmail,1.2014655249334722e+54
parameter of,1.2000929138552336e+54
application such,1.1894427336003436e+54
user system,1.1894427272349177e+54
responsible for,1.1757286399976788e+54
plug in,1.1603041800930784e+54
javascript,1.15786794138138e+54
service by,1.1436752119462098e+54
speed up,1.1296895309345967e+54
system is,1.1269867134679741e+54
vision,1.1268466069184895e+54
coordination,1.111662654754799e+54
nasdaq,1.0837552946404322e+54
photography,1.0768965966721075e+54
internet,1.0646493413977988e+54
acquia,1.0621392366754225e+54
latin,1.0608430263363316e+54
release,1.0577101940769015e+54
organized,1.0404410778380547e+54
class,1.0385025908178699e+54
made,1.0315304790324202e+54
ensures,1.023980130390414e+54
restful,9.282259130399858e+53
with domain,9.252675739850655e+53
be easily,9.248134694834842e+53
exchange,9.202029216112307e+53
incorporate,9.19725680834333e+53
that make,9.168950025725882e+53
chord,9.075134447688395e+53
solution fraud,8.94779760097054e+53
canadian,8.860767760775632e+53
can display,8.852553322703043e+53
level of,8.712455416641212e+53
branded,8.3753618049452e+53
anywhere,8.31947279868983e+53
compiles,8.237383268149587e+53
new customer,8.15861281868077e+53
customer by,8.142001082793293e+53
deliver,8.06078028823474e+53
gateway are,7.980581216118481e+53
database it,7.943836344176983e+53
for given,7.809307343990822e+53
programmatically using,7.607936048866697e+53
php,7.600629963108976e+53
formatted response,7.567546760124775e+53
is no,7.545363260569416e+53
output format,7.488794401719239e+53
through rest,7.466198347072487e+53
application all,7.461515264983391e+53
atmospheric,7.461440589927323e+53
rest are,7.398615339399556e+53
configuration,7.3774940505651225e+53
perspective,7.3614632804254846e+53
that collect,7.323166926540988e+53
using your,7.2987708234007385e+53
filtering,7.207334279555703e+53
developer method,7.058727348543176e+53
web based,6.9539351393648145e+53
than country,6.8795908675847565e+53
azure active,6.7894468150711985e+53
information list,6.77352377317919e+53
meteorology,6.729112946366725e+53
can api,6.611897832551755e+53
provider api,6.585780818628428e+53
result are,6.542107184840534e+53
europe,6.526440323927287e+53
per month,6.3312520110697415e+53
into existing,6.255929887844089e+53
line,6.092491924798616e+53
annotation,5.967207606989164e+53
listing data,5.9339144535367e+53
uri,5.926609469881383e+53
credit card,5.843852348415361e+53
of photo,5.832879087346617e+53
sport data,5.7869512430012405e+53
deploy,5.6184574844924355e+53
catalog api,5.502896492607706e+53
mobile communication,5.46953744089058e+53
data with,5.326680387304447e+53
installation,5.274795742453652e+53
saved,5.196949268742815e+53
manage,5.054178786413448e+53
documentation,4.92176213271966e+53
method also,4.634600353700519e+53
maintenance,4.6324612098793184e+53
com is,4.559849748471921e+53
is,4.458905947735583e+53
intelligence with,4.387140336105646e+53
these,4.352012554234118e+53
can help,4.097133452485096e+53
top of,3.7404072907963673e+53
internet video,3.561556366841386e+53
available upon,3.5287975554148277e+53
of your,3.3668385589607982e+53
online photo,3.2903429356413785e+53
user access,3.289258408732163e+53
also available,3.2892584053503417e+53
national,3.2795549915830735e+53
company it,2.83626116714853e+53
with access,1.9040315774615162e+53
reference,1.7191478236840585e+53
your api,1.6449452552954304e+53
basis,1.5639954275160709e+53
are formatted,1.4238747723807246e+53
allows access,1.3578835147097918e+53
between,1.3045379211595968e+53
bulk sm,1.071356608087315e+53
professional,1.0657146934749032e+53
other,1.0474987169692089e+53
api manages,1.0369306759660558e+53
via soap,9.90352881996192e+52
premier league,9.89537398466699e+52
key,8.900603696058715e+52
json xml,8.363654355559854e+52
allow,8.007621189798428e+52
investor,7.681413841787205e+52
assist,7.50444723689179e+52
based india,7.504447236890798e+52
currency pair,7.322641215451789e+52
writing,7.307726623344539e+52
get data,7.300403786973392e+52
that allows,7.286095443374779e+52
generated,7.134396458163788e+52
api api,7.132014851508863e+52
invoice,7.062254470169881e+52
datasets,6.998164590635702e+52
obtain information,6.955426748011715e+52
interaction with,6.95260926972608e+52
picture,6.919983846131621e+52
available allows,6.912271296834477e+52
from database,6.787893364960022e+52
isbn,6.780073754920448e+52
natural language,6.76484511491468e+52
czech,6.682512134358245e+52
for easy,6.640243270112247e+52
field,6.639592474619355e+52
human resource,6.629614149970008e+52
just,6.62403031997481e+52
from,6.601921366243058e+52
agent,6.531578146938275e+52
listed,6.520401359887399e+52
api website,6.48598935232672e+52
support creating,6.430726470831877e+52
it return,6.43072643828204e+52
provides programmatic,6.420218548226742e+52
management service,6.39904342765757e+52
will return,6.36066080607443e+52
bill,6.35164368592036e+52
regulatory,6.351624613094097e+52
recent close,6.351217311254437e+52
rest based,6.311448018878934e+52
interface,6.287119681873602e+52
voucher,6.270530007640637e+52
stop,6.252013171373094e+52
querying,6.225550503947125e+52
special,6.220911552596927e+52
million,6.205431258059545e+52
paid,6.137865953303094e+52
compare,6.130162369958393e+52
atom,6.129596131939002e+52
available for,6.112359755684354e+52
token for,6.093092086158436e+52
can retrieve,6.05847836468085e+52
very,6.038553958895987e+52
external,6.023660549613886e+52
speech,6.015731833082508e+52
relationship,6.004822655290324e+52
rest of,5.957284015169576e+52
image api,5.945865845149211e+52
event from,5.887429238664914e+52
news content,5.882827376496986e+52
system,5.802370607530682e+52
nba,5.793576926617006e+52
use for,5.781739833419198e+52
developer interact,5.710024666369207e+52
paying,5.697923646223655e+52
they,5.663619853166769e+52
build,5.651851551758585e+52
by both,5.639993686135442e+52
check status,5.619463087416025e+52
via,5.593635777727705e+52
call response,5.59358084915437e+52
for bulk,5.593246581786273e+52
preview,5.585337738350437e+52
current,5.581405408555803e+52
forecast,5.563953964476233e+52
this service,5.532519531414634e+52
api it,5.527228964274658e+52
is service,5.520878535396938e+52
api key,5.514835149954e+52
lookup,5.511824676468534e+52
possible,5.468038943767284e+52
two,5.464475428555623e+52
adding,5.454520637249334e+52
of all,5.448910110026509e+52
also be,5.447325689811017e+52
number is,5.440367470848764e+52
effort,5.42823482244249e+52
browser,5.424905939798931e+52
conjunction,5.388543719421171e+52
send receive,5.388495274468329e+52
is based,5.385665299500988e+52
other service,5.375335842186778e+52
hp idol,5.307030231906872e+52
equity,5.30501043793771e+52
function,5.235112095761674e+52
them,5.218537008800883e+52
moving,5.212184507430678e+52
attendee,5.169586166159215e+52
that run,5.167735789248149e+52
engineer,5.134819701301896e+52
photo video,5.099373776703204e+52
all aspect,5.057784331953902e+52
from your,5.053672469619814e+52
agreement,5.002660861854107e+52
api expose,4.997291371896874e+52
marketing campaign,4.985896885360382e+52
plan with,4.943134860535589e+52
payment api,4.92509350209777e+52
le,4.912519648865856e+52
interactive map,4.899003578753918e+52
public use,4.795645116545547e+52
live messenger,4.772924373235632e+52
up your,4.763642439243719e+52
more using,4.6895524228472825e+52
post put,4.6709873375391323e+52
creative,4.655035019592529e+52
sentiment analysis,4.6162551875683205e+52
responds json,4.388663226079036e+52
city of,4.3319616653630217e+52
massive,4.3049879110861536e+52
event information,4.3022116553982853e+52
receipt,4.279750763804828e+52
json rpc,4.270811610330559e+52
highlight,4.2414972758461135e+52
scout,4.220172805697386e+52
cryptocurrency exchange,4.1781044236637633e+52
trailer,4.173202970763079e+52
file system,4.1438143043533967e+52
party,4.133987828426591e+52
registrant,4.0862157168940186e+52
imagery,4.0457192579810315e+52
with additional,4.023709292984267e+52
modeling,3.9755809890813135e+52
law,3.961181805901497e+52
reading,3.956729617561309e+52
government agency,3.953496051230895e+52
platform with,3.9522586624493444e+52
cm telecom,3.9318518502431614e+52
for real,3.897784683486136e+52
survey,3.896499678435334e+52
mtg,3.8845019153629695e+52
call allows,3.8761226357775265e+52
operation,3.8125054004274824e+52
scripting,3.780653908399428e+52
enable,3.7613027407899846e+52
nz,3.737527857139058e+52
detection service,3.665028220535174e+52
following,3.5613566187259835e+52
payroll,3.5412623095436634e+52
engagement of,3.531537879467964e+52
allows client,3.529771259492971e+52
into their,3.434824342222378e+52
device such,3.42033870124694e+52
mm,3.3451164891762506e+52
distance,3.2644513234140055e+52
caller,3.170982407612617e+52
news organization,3.159839906252186e+52
weather intelligence,3.1512638901492636e+52
optimization,3.1244210143765904e+52
with api,3.1037369713801375e+52
compound,3.0993441587321187e+52
form,3.049409909060411e+52
multiple platform,2.9967747820835513e+52
maintained,2.9863807326911914e+52
will receive,2.985686043395143e+52
street,2.983675804103434e+52
geography develop,2.9534813166327643e+52
lyric,2.9422275316054985e+52
call from,2.887933407733126e+52
sense,2.883565141102181e+52
return,2.859745181001868e+52
broadcast,2.838247004297966e+52
allow developer,2.816410511146743e+52
seller,2.6985588694351705e+52
their photo,2.696688833538424e+52
domain registration,2.658058662803404e+52
console,2.6140203113039234e+52
list,2.5668924215523746e+52
of transportation,2.5338937027175175e+52
service banking,2.525260604820349e+52
are data,2.452903898300461e+52
mapquest,2.440375637855341e+52
needed,2.400287064665365e+52
application host,2.357586256801767e+52
bitcoin bitcoin,2.3321650021489665e+52
bank account,2.3288772114021323e+52
display,2.3151733671666688e+52
xml csv,2.3021567868586783e+52
call for,2.2760229132517825e+52
supporting,2.2583387098727253e+52
be sent,2.221992555868911e+52
this information,2.213909954198364e+52
price of,2.1230868643530207e+52
user will,2.0435929877390502e+52
access data,2.0319078064859282e+52
photo service,2.005244098068628e+52
campus,2.0031918048248146e+52
sign,1.8669219155052154e+52
webhooks,1.8282159095648984e+52
that give,1.8267053363333264e+52
marketplace for,1.8219855818163053e+52
concert,1.8108435982261503e+52
payment into,1.7848268069274582e+52
driverless vehicle,1.761553469520175e+52
fact,1.7255695889237978e+52
system that,1.6848912278505783e+52
medium file,1.5410859538240838e+52
data for,1.52842208445549e+52
that content,1.513313431209307e+52
telvue,1.4774324867552368e+52
way communicate,1.39537282799179e+52
visitor,1.3720319701047598e+52
driven,1.3707270062583817e+52
employment,1.3454582286798823e+52
both,1.3110843715357975e+52
method allow,1.2787109045867887e+52
purpose,1.259790881604252e+52
third party,1.2079042923854922e+52
is one,1.1925417147140039e+52
io is,1.177773030272063e+52
no,1.1735246036955496e+52
european,1.1464946836334102e+52
api is,1.1249069404552028e+52
when,1.0993303328127246e+52
adjusted,1.0618054635441191e+52
discipline,1.0429239754330623e+52
cloud hosting,1.0262979297694098e+52
phone number,9.970768871394227e+51
slideshows,9.617372065023786e+51
application some,9.604431866499288e+51
track of,9.594596566361425e+51
is file,9.445882658934938e+51
restful interface,9.315031179039209e+51
using their,9.186613951165863e+51
architecture with,8.909682211917706e+51
response,8.736018972829929e+51
approach,8.637160766104939e+51
rpc,8.527646434629102e+51
json object,8.421674132999314e+51
entitlement,8.413765107345865e+51
american,8.393251140432869e+51
wish,8.331493638851677e+51
person,8.195911529807738e+51
day price,8.136576634166422e+51
performance,7.879652431237015e+51
selected,7.780178187267614e+51
it can,7.766611058870513e+51
minimal,7.61357501915096e+51
service product,7.591711579107624e+51
access by,7.517670882123081e+51
shipping option,7.499900583070463e+51
analyzes,7.49686049220598e+51
public documentation,7.482116950407832e+51
spreadsheet,7.462964332680874e+51
for over,7.459396707258292e+51
image web,7.450542792873485e+51
sound,7.435082997532887e+51
portuguese site,7.403790115943983e+51
metadata,7.264426227841303e+51
valid,7.2493033926587e+51
reuters,7.215573605212758e+51
format it,7.088698020358577e+51
enco,7.073888770312922e+51
specialize,7.051557872946299e+51
tech,6.985141852263202e+51
feature of,6.962296586647289e+51
developer who,6.918688494957216e+51
perl,6.894176645568406e+51
giving,6.86384048750914e+51
status,6.833819344292624e+51
ice,6.797821600500348e+51
bain rest,6.739533415134475e+51
configure,6.692524246284376e+51
conversion image,6.675098965641834e+51
smpp,6.653004103721514e+51
platform which,6.606984615079808e+51
startup,6.571215141826111e+51
their api,6.565935568884717e+51
file from,6.563845351098857e+51
using restful,6.555886689901778e+51
authenticated,6.554691713589257e+51
cycling,6.545259998724411e+51
business need,6.533417975847847e+51
for all,6.499700634039634e+51
analytics api,6.437544153881153e+51
management integration,6.37056710054276e+51
only,6.366288541743281e+51
developer way,6.33131824740642e+51
listing of,6.315426264321168e+51
json request,6.29596014746305e+51
compute,6.290860110358334e+51
map service,6.274231924373627e+51
time data,6.259980485441751e+51
prescribed,6.237142102788727e+51
api sends,6.20917868993698e+51
real time,6.195059718730999e+51
attribute,6.191406571516371e+51
finance,6.172170931227052e+51
device it,6.170639788360708e+51
combine,6.151709697486265e+51
tipsgo,6.139909328239584e+51
down,6.093733697290127e+51
auth,6.08235242883675e+51
conversation,6.074374189735615e+51
internet radio,5.976791607662423e+51
be able,5.97059230045573e+51
organizes,5.969930862688123e+51
collected,5.942944363931769e+51
solar,5.93906789150086e+51
polysync,5.921741716561029e+51
operator,5.9208284015615904e+51
his,5.901876985779612e+51
unlimited,5.90068532321526e+51
personalized,5.8914732983625725e+51
is accessible,5.8689250784062846e+51
cloud api,5.8481887789352076e+51
traffic,5.8366672238837904e+51
link for,5.831826879960115e+51
account is,5.823713095757438e+51
graph,5.810452881619342e+51
retrieve ocbc,5.786924551531248e+51
provide user,5.7593103848085645e+51
held,5.7558426577650915e+51
capability for,5.734090714066393e+51
multiple source,5.714528891992753e+51
performed,5.622508680652846e+51
neutrino api,5.608673262138027e+51
build application,5.564250831781483e+51
identifying,5.5525256221150876e+51
latest,5.5338904518427916e+51
income,5.533353312534999e+51
intrinio offer,5.50445167070103e+51
start,5.497748234536662e+51
thumbnail,5.445491555298042e+51
crm,5.444871642504878e+51
most popular,5.435496598815966e+51
whose,5.390988964032346e+51
viewing,5.3767245129229426e+51
can set,5.365516703104508e+51
test,5.344236452704734e+51
folder,5.281950773445071e+51
database with,5.280904301419867e+51
data model,5.2470678916515655e+51
application platform,5.241348201797176e+51
tool help,5.232355960061843e+51
representative,5.191791446421223e+51
manage user,5.182907793270901e+51
search criterion,5.1684887964964164e+51
of country,5.136931959268979e+51
enterprise solution,5.12922779835435e+51
internet service,5.1183159586561304e+51
user find,5.105047222882408e+51
making it,5.075754836647421e+51
you get,5.062761472997401e+51
access file,5.056529502642499e+51
is sm,5.023062093852569e+51
translate,5.014203554883727e+51
user monitor,4.984096624640546e+51
web that,4.983457638681988e+51
billion,4.977298154438712e+51
tax,4.971641783152754e+51
account are,4.959298597548278e+51
maintain,4.918602090336318e+51
supply,4.9168015941298074e+51
of congress,4.910146081428709e+51
account api,4.898727289065031e+51
application device,4.898163516865546e+51
movie tv,4.893677669832481e+51
observatory,4.8848606081624486e+51
sheet,4.883787945070846e+51
currently beta,4.863266765942616e+51
along with,4.8572267307841496e+51
sending,4.830529304301517e+51
beacon,4.813115560094292e+51
of music,4.794016063658037e+51
update api,4.781320133121551e+51
time communication,4.775967723054511e+51
image application,4.7711668070846456e+51
candidate,4.7700426798204627e+51
subscriber,4.738313912924003e+51
checkmate,4.73736823142108e+51
web hosting,4.727559569836805e+51
canvas,4.704690767431463e+51
flightstats is,4.686282868728151e+51
sm gateway,4.6827585694178145e+51
clustering,4.682726675422105e+51
scientific,4.663021730950656e+51
earning,4.6589843417785385e+51
protocol available,4.6353314542705106e+51
turkish,4.619096207196281e+51
creates,4.614096064344992e+51
that help,4.603412286877448e+51
application public,4.599055774015366e+51
itself,4.528304126695326e+51
retrieve information,4.508719553269436e+51
cutting,4.5006038741175025e+51
data user,4.4953833674621235e+51
that you,4.487629435169943e+51
segmentation,4.476623404854023e+51
analysis user,4.450271835036635e+51
dating,4.4062358199955256e+51
into application,4.386561804358505e+51
screenshot,4.3657814331760484e+51
low high,4.3366263780346304e+51
variety of,4.331660639912723e+51
ireland,4.328301196789209e+51
application development,4.304492214498909e+51
good,4.302393374680213e+51
gps,4.2835805647356276e+51
carrier,4.279736849441857e+51
based data,4.246456992250417e+51
egnyte with,4.245356210889389e+51
identification,4.236491678092151e+51
is portuguese,4.227539130052481e+51
request receive,4.1588251240248505e+51
parliament,4.15393516687172e+51
they offer,4.150673456856664e+51
tracking application,4.1420554791971516e+51
that connects,4.1413668117605056e+51
playing,4.130270419110554e+51
for both,4.122358674607062e+51
restful method,4.1148041453604714e+51
from service,4.1035879417948445e+51
workout,4.097018897706536e+51
area,4.081962891233377e+51
seo,4.0816650223407086e+51
email from,4.0667904188001874e+51
stock price,4.0543482111899426e+51
relational,4.0485238872134474e+51
dialogue,4.047766035625803e+51
so it,4.0349847648170564e+51
based api,3.99927556010515e+51
payment system,3.996334671819303e+51
there is,3.988462741178626e+51
structured,3.9853279266138664e+51
marketer,3.95270869203437e+51
manage all,3.9470370011145264e+51
site for,3.946509763493716e+51
free for,3.9457678945420905e+51
line of,3.945291798123988e+51
of thousand,3.938155221225021e+51
screen,3.928252225287025e+51
logged,3.890664782879263e+51
with bitcoin,3.878710904442074e+51
from any,3.875670091944365e+51
anyone can,3.8634535005492576e+51
nix,3.8555281569560165e+51
watch,3.8539022785848034e+51
provides suite,3.850323735192148e+51
vulnerability,3.836205594944756e+51
parameter,3.826940832294565e+51
type of,3.8135267202721045e+51
signature,3.793537600346186e+51
integrate data,3.7916129219719573e+51
this is,3.780057935461025e+51
are returned,3.7276571077906184e+51
with data,3.717852228496977e+51
google cloud,3.701812606709169e+51
powerful,3.691919930522235e+51
which allows,3.6685728717975503e+51
is rest,3.6677412423175743e+51
reverse geocoding,3.647695426392534e+51
return response,3.591857415503069e+51
data provider,3.58411062133128e+51
welcome,3.577984317813398e+51
hotmail com,3.545520174171063e+51
access us,3.5313145218985684e+51
classified,3.524199847490665e+51
bitcoin data,3.4837184504919115e+51
block chain,3.4806576737858565e+51
recording,3.469496222373456e+51
publishing,3.462439890460043e+51
that improve,3.44251233569224e+51
fit,3.420753621557559e+51
hosting service,3.385439621898842e+51
campaign management,3.380019882593526e+51
world,3.3738187208798216e+51
provides tool,3.359016599077529e+51
is cloud,3.3380909815339e+51
is leading,3.230465569987349e+51
of library,3.228215959424263e+51
stack,3.195499348161532e+51
method include,3.1648440630106595e+51
accept,3.1471946062629254e+51
sapo service,3.136218337189302e+51
json,3.125190676614998e+51
britain,3.1003734138981866e+51
health data,3.0685565995254366e+51
get call,3.059196543501486e+51
service give,3.033123496067737e+51
into single,3.010452985626715e+51
of real,3.002290995322051e+51
experiment,2.99723011441589e+51
is web,2.9789366806598394e+51
create new,2.9732827814673415e+51
danish,2.969873351275806e+51
odds,2.9641527282287845e+51
annual,2.959043548060263e+51
access control,2.9194192043068917e+51
is bitcoin,2.9087352061086843e+51
across web,2.8999599654660176e+51
pending,2.893262786688692e+51
user list,2.8884895374698113e+51
health information,2.85681793728128e+51
develop technology,2.8568177090939195e+51
web application,2.8458689917906448e+51
mailing,2.8409285236904303e+51
application that,2.8283797962712577e+51
widget,2.8235256401457363e+51
ons,2.816426387866232e+51
ny,2.8056765525304184e+51
get list,2.804759637410973e+51
all data,2.7989373368659934e+51
websocket,2.7793122550331982e+51
usage,2.7743190034537308e+51
consumption,2.7646893382083847e+51
this can,2.7640434447939554e+51
some feature,2.7514020797587742e+51
web of,2.7508022563040393e+51
developer integrate,2.6594638953781487e+51
payment plan,2.6579842964409822e+51
company that,2.6447126297989975e+51
segment,2.6120540584054434e+51
added,2.610130501780203e+51
property management,2.608918558168564e+51
cloud service,2.5849955156822876e+51
from website,2.5726523628360557e+51
printing,2.5553262377377545e+51
ocbc address,2.537701185350096e+51
online travel,2.513094806150047e+51
is enterprise,2.498208502770874e+51
remote,2.4850342340893943e+51
collection of,2.475736134255047e+51
container,2.45775347370717e+51
site sapo,2.4543440456834705e+51
programmatically,2.4539368601164874e+51
of web,2.4416253186006673e+51
wide range,2.439449559453863e+51
package,2.432474389200219e+51
movement,2.42928433755389e+51
is social,2.4279741969735323e+51
net is,2.4251610308892027e+51
with ability,2.396262721328166e+51
access user,2.3813735044685506e+51
integrate it,2.370443174958728e+51
oclc,2.3560083247352804e+51
also provides,2.3538256168342717e+51
medium content,2.328095529766149e+51
returning,2.326833946323448e+51
should,2.3104560616545962e+51
end of,2.2999758898384615e+51
either,2.2996098636594094e+51
text format,2.2882764749409883e+51
push,2.22754203283238e+51
odds solution,2.224607043559791e+51
suggested,2.219640485560795e+51
paper,2.2015740278508538e+51
event ticket,2.1981680914081884e+51
productivity,2.1810262506253843e+51
all request,2.177127738864983e+51
returned xml,2.1604768697367932e+51
processing apis,2.1565568791483474e+51
earn,2.1562627944639914e+51
find out,2.155919848664379e+51
which is,2.1347827864599216e+51
set,2.1345863315750937e+51
serve,2.1226552470238787e+51
share,2.120528741940504e+51
their your,2.1187041944190996e+51
own web,2.104412842184503e+51
have been,2.102856529506549e+51
cell,2.088718311146644e+51
free service,2.0804439981822494e+51
rail,2.0730198630722128e+51
multiple language,2.0687158774145647e+51
all size,2.0552236454086487e+51
sm api,2.039618807647499e+51
size,2.038244667799081e+51
return xml,1.9705692194242796e+51
is restful,1.9584883432672747e+51
page for,1.9543328654948653e+51
icon,1.9539329422349227e+51
automate,1.946012710327737e+51
loan,1.942352212788512e+51
can more,1.9421071644184183e+51
trafiklab,1.9231963054376342e+51
under development,1.915887180667221e+51
application retrieve,1.89854955346225e+51
rd,1.8972019648389362e+51
uploaded,1.8812600082180635e+51
call user,1.8771937962632284e+51
access function,1.8462088431704835e+51
allows service,1.818012862305403e+51
time zone,1.8135336330007755e+51
of api,1.7989159261837348e+51
atlas,1.7979209721785112e+51
tool for,1.7954737165930794e+51
that is,1.794257437297836e+51
dash,1.792179847034383e+51
categorization,1.7814096495850747e+51
slideshare,1.7699942295662097e+51
twitter,1.7558839684270142e+51
update it,1.7526472358708272e+51
describes,1.7489553974332297e+51
sift,1.739938913804942e+51
etc,1.7197767609700238e+51
anyone,1.7051836231782664e+51
shopify,1.7021094037135802e+51
various,1.6970360534226798e+51
streaming,1.6886879318808227e+51
instead,1.6814251650508494e+51
improve,1.6627180809999086e+51
every,1.6601426347127147e+51
for use,1.658794915370852e+51
api using,1.65663138335574e+51
rest allows,1.6514406532992095e+51
web api,1.648016683932783e+51
passenger,1.646988538614369e+51
store payment,1.6446033135218038e+51
can make,1.6324690515011322e+51
rpc api,1.6323331761601144e+51
transportation system,1.6139773181074458e+51
any website,1.609875831343994e+51
of content,1.5927586379321206e+51
duplicate,1.5907149099910424e+51
figure,1.590058184605553e+51
for multiple,1.5882216139501936e+51
api excel,1.5869564989252346e+51
election,1.5793151412535906e+51
break,1.5715474592317956e+51
communicate,1.5562278634049196e+51
security api,1.5405943859269814e+51
with over,1.5349160573777587e+51
create application,1.5267865593973173e+51
webmaster,1.5247106869138153e+51
founder,1.5243481867493646e+51
version,1.5149954333134196e+51
what they,1.5050240203264655e+51
of drug,1.5034320648651948e+51
format developer,1.5023351731294318e+51
facility,1.497729032546901e+51
user for,1.4950705183602247e+51
provides platform,1.4807167187147279e+51
archiving,1.4656577727131424e+51
free,1.4596986329369359e+51
provides digital,1.4352586547214282e+51
seeking,1.4329991762268883e+51
additional,1.4316135506140895e+51
data format,1.4296342151270081e+51
can plan,1.4262654572842507e+51
for device,1.4208137222527108e+51
section,1.4199787284082441e+51
can upload,1.4190924868117392e+51
content management,1.4173466647264392e+51
be called,1.4121204580425856e+51
monitor,1.4108595917391992e+51
api request,1.4079313058478754e+51
available data,1.407931300673391e+51
for any,1.4078448962975794e+51
suggestion,1.4043723409475566e+51
made by,1.3969810314845096e+51
multiple,1.393224213151925e+51
data store,1.3912260734930489e+51
content it,1.3880921861961196e+51
profile,1.3876249778625774e+51
plug,1.38242727851039e+51
sm provider,1.3778115309897591e+51
service content,1.3777885369940006e+51
service for,1.3701061149448627e+51
appropriate,1.3693087830877612e+51
daily deal,1.3671984318835891e+51
living,1.3615785213232112e+51
hotmail,1.3612177309846514e+51
restful call,1.3584439579769498e+51
similar,1.3535413775884813e+51
information related,1.3458409596586708e+51
linking,1.3412256397564349e+51
credit debit,1.3409074137819966e+51
it give,1.3375763512841541e+51
application account,1.336918221343439e+51
access client,1.331305169488532e+51
triggered,1.328696996105916e+51
specialize wide,1.3283452856169708e+51
data support,1.327924594919398e+51
gateway api,1.3241167281546814e+51
sends request,1.318575382113584e+51
using http,1.3166478181542875e+51
developer retrieve,1.312657654575446e+51
photo album,1.3120066224167813e+51
event listing,1.3107575732353379e+51
key value,1.3051963727364041e+51
do,1.3045116898555147e+51
many aspect,1.3024174435030644e+51
application site,1.300418939972868e+51
you need,1.2924663587810135e+51
cost effective,1.2884486666407683e+51
for web,1.2880314015824774e+51
allowing developer,1.2827756531678062e+51
for event,1.2751939132351712e+51
capital,1.2716191641506263e+51
brand,1.2572387992160167e+51
almost,1.2491045059232932e+51
well,1.2398613890629211e+51
technology,1.2343224072663371e+51
keep,1.234214174613007e+51
service amazon,1.2266417973711682e+51
of state,1.2136041118314141e+51
room,1.204046602690567e+51
oriented,1.2034791132027903e+51
can perform,1.1996915288559027e+51
apis that,1.1981428994464693e+51
per post,1.192460151224294e+51
let developer,1.1895157317482161e+51
log,1.1805260254198631e+51
scheduled,1.1786794565153237e+51
transactional,1.1698729550144731e+51
service domain,1.1672434595550707e+51
is real,1.1660920512751688e+51
service data,1.1612000500186687e+51
combination of,1.1607548239538154e+51
not available,1.1582829961114264e+51
is method,1.1576790211031667e+51
track their,1.1543018172154722e+51
linked,1.1538131247419634e+51
frequency,1.1520893420072898e+51
clear,1.1435242524607602e+51
developed,1.1384696533419763e+51
work with,1.138309244823747e+51
connect,1.1304178693887616e+51
lift,1.1264438090200617e+51
be used,1.111333347544055e+51
operating,1.100079228214051e+51
related data,1.092942897547527e+51
are not,1.0855734727696682e+51
visitor can,1.082469838071354e+51
warehouse,1.070707717600319e+51
indexing,1.0706867895433359e+51
exchange for,1.0593625046640341e+51
method of,1.05059561174186e+51
system with,1.0491377737345947e+51
key is,1.049056811366057e+51
first,1.0403344169543365e+51
medicine,1.0366381084747188e+51
feed of,1.035891091907446e+51
atmospheric monitoring,1.0324372601109139e+51
it user,1.0254682677479432e+51
including,1.0228844090852008e+51
monitoring of,1.0210909874718888e+51
lm,1.0175473377410384e+51
apis provide,1.0147354152539393e+51
japanese,1.0045711343263114e+51
give developer,9.975795690747798e+50
resizing,9.895248222105137e+50
choice,9.81560277523958e+50
council,9.66268257739018e+50
gtfs,9.630680000868803e+50
way sm,9.61175084564728e+50
store manage,9.582574762076502e+50
held by,9.564550241901942e+50
from web,9.558147548295419e+50
that handle,9.526714720177805e+50
up gb,9.466156499145217e+50
build custom,9.416554661800309e+50
aviation,9.288038161015947e+50
one place,9.26659225365972e+50
upload file,9.05005960238983e+50
management implement,9.04744061102957e+50
sapo is,8.944280859076511e+50
for additional,8.914653021867568e+50
restful return,8.773202590801315e+50
signing,8.773202590754863e+50
intended for,8.621075934627037e+50
garden,8.547023190518777e+50
user application,8.498653413417322e+50
environment,8.489501858472892e+50
provides other,8.393746583735061e+50
ckan,8.363584636401924e+50
euro,8.353742951090338e+50
account for,8.274365996918039e+50
application also,8.196406872943091e+50
requires api,8.026008112975921e+50
based email,7.888143281274722e+50
licensed,7.87128847651667e+50
support service,7.841410129328192e+50
available,7.794212632505927e+50
fantasydata,7.62771299598055e+50
customized,7.595620636972142e+50
ebooks,7.585506456220628e+50
mozilla,7.58326661497751e+50
video advertising,7.558924803967349e+50
of non,7.537181721715044e+50
digital internet,7.51171515723122e+50
their own,7.502672536552366e+50
preservation,7.489503959887016e+50
of activity,7.483367288238527e+50
help company,7.4473464282522054e+50
sl,7.438930077845519e+50
wc,7.3479347047389476e+50
your server,7.3378945584832285e+50
of software,7.2935540626740425e+50
pro,7.254710734970473e+50
tv api,7.25471062400311e+50
doc,7.214022124871225e+50
of industry,7.170363307344261e+50
is map,7.154192534952539e+50
ltd,7.08711233327934e+50
assigned,7.087112117572282e+50
from national,7.009112464026689e+50
information into,6.984888525517225e+50
tool handle,6.9123485859865846e+50
monthly,6.876131089368879e+50
deployment package,6.826289775307414e+50
functionality of,6.823431433992043e+50
ask,6.758377475741392e+50
response may,6.71992359401571e+50
physical,6.6739689880359195e+50
for commercial,6.673968987791614e+50
can register,6.60201174700093e+50
issue,6.59115250833432e+50
edit,6.504053863653378e+50
image use,6.4636379650533064e+50
of portuguese,6.4401774141712185e+50
login,6.374351493897982e+50
range of,6.2921821218870984e+50
encode,6.242696820264791e+50
api market,6.238587874269293e+50
more api,6.10775340115736e+50
host,6.071576766227404e+50
wide variety,6.07024531468608e+50
party apps,6.047347485915062e+50
may,6.030984236963976e+50
scanning,5.929360042692132e+50
by ibm,5.92873545229749e+50
not only,5.902696055914304e+50
mining pool,5.7642306322360145e+50
required authenticate,5.729013435094663e+50
it easy,5.695707608804017e+50
they can,5.6590107109696145e+50
center,5.590450807657017e+50
with account,5.553480819531141e+50
risk,5.45727718316921e+50
let,5.397621653184122e+50
managing application,5.395898558272939e+50
payment application,5.3159824931966685e+50
service can,5.29001782402096e+50
application for,5.20009399644674e+50
leverage,5.1925327087524465e+50
map can,5.161996234465927e+50
platform service,5.150430640496547e+50
customer account,5.112570000079307e+50
population,4.990124460002271e+50
successful,4.817631313893218e+50
json encoded,4.7706997942965425e+50
interface for,4.748232456587839e+50
original,4.7104171194830854e+50
directory,4.704532236056047e+50
thing service,4.701541501695698e+50
designed for,4.687190469322784e+50
integrate web,4.677550840038092e+50
smart,4.668245754834065e+50
open data,4.640371488518862e+50
provider service,4.633180829727523e+50
chromecast,4.6192848276054224e+50
for business,4.6180740298796975e+50
text based,4.599171451988134e+50
xml formatted,4.591505213237585e+50
cash,4.5885348693861315e+50
import,4.553879822694077e+50
random,4.519446939469291e+50
calendar,4.459911360019833e+50
rightscale,4.455218042337331e+50
correct,4.440847731916529e+50
being,4.43716587730214e+50
high low,4.425013332435515e+50
accessible,4.370282821104217e+50
own website,4.362452409310629e+50
have option,4.352440691461179e+50
where,4.334041797588828e+50
scalable,4.332877343145226e+50
competitor,4.322368418451393e+50
near,4.321816004669915e+50
developer json,4.304304736456978e+50
this rest,4.299867490855262e+50
through restful,4.294603067838387e+50
visualization,4.27890302431029e+50
sport betting,4.265046301308353e+50
website for,4.262041873544113e+50
with third,4.213153342804542e+50
other such,4.212705928611892e+50
decision,4.2051416452197445e+50
data processing,4.199578988775048e+50
portuguese,4.186824402890112e+50
owned,4.17687367061377e+50
discover,4.132177619600707e+50
other are,4.121601179377022e+50
query,4.103269063028535e+50
api use,4.067144593764993e+50
those,4.0632717604978655e+50
provides real,3.987050728254638e+50
fantasydata com,3.905424464079679e+50
book,3.903173762802282e+50
data including,3.8583350568900315e+50
if you,3.827393026291664e+50
that they,3.810738296706322e+50
service developer,3.7992880801010985e+50
most,3.791900560480165e+50
detail for,3.787705892699978e+50
right,3.758915617481897e+50
product their,3.757472147088895e+50
modify,3.757084132303031e+50
string,3.749697349323879e+50
search for,3.7495916377555455e+50
check,3.74875605059097e+50
intelligent,3.7482693783268435e+50
gateway,3.734983274898272e+50
data based,3.731530337357199e+50
time from,3.7199835307062485e+50
restful api,3.7165939109080458e+50
service into,3.7148498167032415e+50
creating managing,3.7057669084898975e+50
access come,3.70053951569414e+50
return all,3.6842210183540964e+50
account information,3.6741288729972433e+50
defines,3.654833174094825e+50
repository,3.6472839064338706e+50
tree,3.6255586117680456e+50
is international,3.622005081960818e+50
characteristic,3.609857971588284e+50
application create,3.604522169572138e+50
payment service,3.4785657714107534e+50
club,3.475637753192807e+50
snapshot,3.451715501484045e+50
must,3.4468546768649204e+50
delivered,3.446691168394359e+50
be accessed,3.404889291176085e+50
us api,3.363817008166002e+50
coming soon,3.3598828018764043e+50
api create,3.3585633376484597e+50
split dividend,3.352869886990206e+50
is responsible,3.3362566086913385e+50
all over,3.3284109693633363e+50
manually,3.3211008741192947e+50
speaker,3.318715703083626e+50
data this,3.305022764338435e+50
delete,3.299714506215834e+50
pci,3.299391262896298e+50
guide,3.234595425421984e+50
method for,3.2233997636712543e+50
addition,3.2147908353167596e+50
usage data,3.2106791939786443e+50
used for,3.2093048900719735e+50
product information,3.2028201068339506e+50
obtained,3.1918204599253373e+50
meant,3.1761350533451405e+50
sourberry,3.1738150708970483e+50
json response,3.1618985338228254e+50
around globe,3.155688821629425e+50
institute of,3.1528461034767417e+50
provides payment,3.128002745130375e+50
series,3.1263678969547963e+50
that facilitate,3.1138004262658717e+50
commission,3.0949829683687242e+50
providing,3.0751509277444933e+50
access image,3.0592874321893124e+50
compliant,3.0388656382491337e+50
application api,3.0325856123908697e+50
curated,3.0306011591269753e+50
time user,3.0261346403671025e+50
region,2.986905648458725e+50
update,2.9824053089013627e+50
option,2.975541070247621e+50
institutional,2.9673750160593112e+50
db,2.9450958111910046e+50
node go,2.941891252525175e+50
band,2.8751871708527265e+50
it data,2.8631542044491184e+50
developer address,2.852863139949266e+50
project application,2.83422915250371e+50
within,2.8314779967190195e+50
http call,2.8210575525131848e+50
webservices,2.8196928482831196e+50
zoom level,2.807090616277146e+50
is part,2.802316519096325e+50
see,2.777648529190564e+50
it also,2.7753151739137793e+50
option of,2.7692475448193624e+50
getting,2.7681841133930985e+50
premier,2.757317863936922e+50
share file,2.7474039882935743e+50
work for,2.747017771814747e+50
of time,2.709703443567165e+50
balance,2.701056695000089e+50
api delivers,2.6902306580021147e+50
small medium,2.6785233491108176e+50
foreign,2.6679005643493336e+50
for comprehensive,2.653046980088081e+50
delivers comprehensive,2.653018211875462e+50
kind of,2.637339626512044e+50
request information,2.625809396949792e+50
gathered,2.6100320053653825e+50
light,2.593978778289131e+50
allows their,2.5926295918166486e+50
league including,2.569167582947214e+50
london,2.5596790903420776e+50
formatted xml,2.5173238597105193e+50
receiving,2.514992421945037e+50
development platform,2.498634652023496e+50
include retrieving,2.4984441592584637e+50
company providing,2.4932219834385356e+50
disposable,2.4929254982890594e+50
my,2.4874813107390638e+50
eod from,2.4797841746829958e+50
calculate,2.478510780252545e+50
amino,2.4742039707008194e+50
image of,2.464826701354186e+50
api integrates,2.430991683360015e+50
diversity,2.4308438239589594e+50
supported by,2.4213498140639413e+50
background,2.4086749110224875e+50
public private,2.3918376243364326e+50
header,2.364540061988638e+50
sent,2.32587835368864e+50
further,2.3189970214781634e+50
is used,2.3172969121665927e+50
authentication system,2.303568261634283e+50
provides user,2.3006021533288313e+50
patent,2.2673579706804493e+50
full documentation,2.2665193943330014e+50
service handle,2.2620374848162537e+50
crate,2.2203737682455688e+50
is customer,2.1915240615304537e+50
up almost,2.184985389952314e+50
oauth,2.1695017678635783e+50
api let,2.156232197174059e+50
format json,2.1400025445234495e+50
unique,2.128626951926497e+50
provides offer,2.12452320988474e+50
accessed via,2.1055411232754367e+50
method support,2.0995532294168075e+50
service help,2.073119817579007e+50
access variety,2.0316224199959986e+50
provides software,2.026087991898661e+50
format platform,1.9796873640850357e+50
check for,1.9367408756084094e+50
removal,1.9120450887193544e+50
provides access,1.901255229106885e+50
allowing,1.8868474970606745e+50
other event,1.8385036392743143e+50
platform based,1.8364262584978364e+50
large suite,1.8316351370804414e+50
retrieve random,1.8183794621895555e+50
price api,1.7999249235020418e+50
rate of,1.6983283567606638e+50
unit,1.6656075901708976e+50
demographic,1.6624942170084474e+50
pack,1.6447347178790527e+50
testing deploying,1.6340935413799583e+50
contract,1.6328220065389986e+50
video hosting,1.6275123006560438e+50
cloud company,1.6059053210785126e+50
map for,1.5702224970862857e+50
work,1.5674322444103662e+50
platform offer,1.5041593889001699e+50
tablet,1.4640150469702045e+50
fare,1.4625074155390246e+50
list service,1.4354383269735068e+50
it is,1.418959277589704e+50
function available,1.4120159215436723e+50
flexible,1.41059108620072e+50
of building,1.354514886557199e+50
ip address,1.2705508777631793e+50
archive network,1.270429503894718e+50
several,1.2224633462523048e+50
selection of,1.060327612952968e+50
they need,1.0597326050206571e+50
staff,1.059211891755746e+50
united state,9.966725075152002e+49
widely,9.815048224482208e+49
of company,9.318849740879139e+49
png,9.186419160902257e+49
dropbox,8.95747287556991e+49
search feature,8.820169827416741e+49
action,8.783422631167156e+49
marketplace,8.67425816678715e+49
so,8.658466374168868e+49
json us,8.569978244618299e+49
request response,8.540391259448246e+49
content your,8.431007694590679e+49
frame,8.336179510050167e+49
confidence,8.276237589928629e+49
xmpp,8.21622311867043e+49
deployment of,8.028374530758977e+49
allows web,8.0179226101367e+49
debit card,7.845449261198565e+49
service designed,7.797184275419734e+49
party system,7.720067332101672e+49
security with,7.712976711203592e+49
sign up,7.666720452492028e+49
need of,7.573669985948595e+49
automation,7.499225855308619e+49
shared,7.480257425859233e+49
situation,7.418840328074989e+49
proxy,7.308499859857479e+49
pharmacy,7.298841801985403e+49
platform enables,7.281633095838485e+49
their image,7.133996564653086e+49
application enabling,7.087211901841998e+49
printer,7.053142505241162e+49
zacks,7.007939619919203e+49
your data,6.999896148725687e+49
specializes many,6.925489550721407e+49
generates,6.898756448345201e+49
uk based,6.87314641967818e+49
customer with,6.837918979009111e+49
designed help,6.815518392056119e+49
industry standard,6.765399156848021e+49
telecommunication service,6.621176212148731e+49
new zealand,6.612347961855039e+49
mapping service,6.533693669819976e+49
dataset,6.509502918753813e+49
json api,6.507825495288296e+49
node,6.491946956840379e+49
available with,6.44417893790173e+49
is simple,6.44357926136061e+49
firefox,6.436674717291997e+49
self service,6.37584344064879e+49
both soap,6.310963377239063e+49
database from,6.165269989136868e+49
enables user,6.018329245255163e+49
validates price,6.003313981284523e+49
iata,5.99464550582063e+49
saving,5.939060600156544e+49
be embedded,5.871039685978015e+49
google analytics,5.829360789542051e+49
rapid,5.828766151159268e+49
of sale,5.581847087850541e+49
api from,5.508297076124162e+49
health record,5.508187343041278e+49
favorite,5.43139064048594e+49
upload image,5.411416485025857e+49
location based,5.407331646873685e+49
registered,5.293684886162323e+49
who have,5.165288916484152e+49
aimed,4.942676349306814e+49
feature accessible,4.924738651890214e+49
without,4.909080271727064e+49
analysis tool,4.879089013374054e+49
of day,4.699156100975274e+49
asset,4.652425304518618e+49
request their,4.225044953248462e+49
with multiple,4.19854992154963e+49
amount,3.682184079712559e+49
publish,3.523697999754415e+49
breaking,3.2916203422605057e+49
increase,3.2115905597980764e+49
can find,3.201924390709144e+49
until,2.8122973002669985e+49
flipkart,2.3833604892965096e+49
small,2.3064704322580835e+49
json data,2.2141497948196426e+49
support for,2.1819914090138606e+49
will be,2.163684700301585e+49
modification,2.12539334287642e+49
other of,2.08019983980451e+49
other user,2.0480978142419624e+49
intended,2.030495930421163e+49
are xml,1.9528082698962077e+49
instrument,1.840495592350164e+49
social platform,1.8384616922111985e+49
data bank,1.8362749207200945e+49
featured,1.810330396880981e+49
warning,1.7826820043122122e+49
way transform,1.7536509089575148e+49
user input,1.724629247089288e+49
expected,1.709456567777077e+49
that developer,1.6897843687650665e+49
is more,1.6551335407289461e+49
select,1.5946682988954695e+49
backup,1.567273708970478e+49
reduce,1.5539529425070044e+49
provides data,1.5490163667051437e+49
fitness,1.5440918765985222e+49
additionally,1.5296401296028517e+49
sm messaging,1.5144507321828267e+49
verizon,1.5128146587151033e+49
biomedical,1.4915907305254376e+49
account json,1.4716498997637924e+49
application access,1.4398588953283744e+49
support api,1.425751455008816e+49
may also,1.3837008725915094e+49
system application,1.3780837143121186e+49
adjustment,1.3767151407160226e+49
interbank,1.3738435427891143e+49
upon request,1.3729023239774323e+49
specific,1.3233112060956925e+49
journal,1.3184639661449503e+49
by using,1.306423861138675e+49
restful protocol,1.290499733110913e+49
for product,1.2698514978894816e+49
bain is,1.2657040720874988e+49
http api,1.2568765360813718e+49
chain,1.2461138703181181e+49
selection,1.2225591721808456e+49
return data,1.212438608419442e+49
online data,1.2117331381504768e+49
user location,1.1944704195546721e+49
of information,1.1565597570237575e+49
interactive,1.150759688641173e+49
access all,1.1456357930066161e+49
global,1.110631824690257e+49
public cloud,1.0994522988900162e+49
of sm,1.0704421112986698e+49
based,1.0671661380097907e+49
available interested,1.0641577322016896e+49
of storage,1.0590029180601644e+49
enhanced,1.0402575972380592e+49
program,1.0318082619988464e+49
into excel,1.0267874191505377e+49
address into,1.0074924559687397e+49
designation,1.0015068237872776e+49
allows,9.900124748892703e+48
submit,9.621460679773492e+48
true,9.0680701998153e+48
dividend exchange,9.052055357054045e+48
around,8.90620419130596e+48
america,8.861403939477522e+48
user can,8.853590896213727e+48
representation,8.797585913510669e+48
customizable,8.787538774287315e+48
cover,8.77985264337824e+48
database using,8.778098872359646e+48
rich,8.586057082634744e+48
support submission,8.466569123501421e+48
done,8.36558362066061e+48
for sale,8.103167486969755e+48
billing,8.047696842761141e+48
for split,8.002670272220947e+48
web service,7.983797308704354e+48
per day,7.786853081397988e+48
oauth egnyte,7.740493778406149e+48
online event,7.718256829360466e+48
smtp,7.624329488964043e+48
logging,7.594621332916234e+48
for education,7.589958268293197e+48
via sm,7.55842770367799e+48
hosted,7.506114784540402e+48
optionally,7.481106496476051e+48
also allow,7.091535751071584e+48
site offer,7.016571008670971e+48
district,6.912239240909182e+48
account number,6.794007136163818e+48
visa,6.673955605137832e+48
up for,6.648232362630609e+48
alexa,6.561464667662237e+48
task that,6.286458885866069e+48
rest interface,6.283502025133488e+48
idol,6.22150442348061e+48
detailed information,6.197904220126572e+48
developer let,6.122960481498473e+48
estate information,6.119630871469109e+48
location time,6.076986056839067e+48
python php,6.051951261977999e+48
understand,5.988684277441504e+48
estimate,5.971658660353543e+48
mobile device,5.922855738878597e+48
deep,5.7187805782509764e+48
for information,5.638734760465959e+48
dictionary,5.543187222574232e+48
site owner,5.483515526521621e+48
web allows,5.47610731093819e+48
with it,5.425336173432488e+48
advanced,5.3543318046156425e+48
binding,5.2546913838369574e+48
request that,5.2485124267649467e+48
is read,5.2468966111605004e+48
market data,5.172988189733604e+48
master,5.00313247962464e+48
university of,4.985348499977053e+48
github is,4.885882291355929e+48
platform us,4.85966524500106e+48
hour of,4.7928511211403096e+48
discount,4.7833952411246054e+48
tracking software,4.7091272026959484e+48
shop,4.6777211666337394e+48
feed,4.602546971066485e+48
required,4.584221608378514e+48
of data,4.48639884485236e+48
california,4.4709534186770134e+48
product service,4.463781014638066e+48
soap apis,4.447575584359583e+48
transferring,4.422253602328503e+48
couple,4.404176816923432e+48
deposit,4.396452309873326e+48
usgs,4.3921607366331956e+48
with site,4.330495444013979e+48
volunteer,4.3158450707605626e+48
into web,4.305895183523642e+48
wa,4.2288359314947566e+48
for integrating,4.185945497493434e+48
error,4.1697931291549793e+48
searching,4.1431523126628764e+48
api more,4.118866910470169e+48
provided by,4.1020609332213883e+48
google map,4.0586996255912254e+48
can view,4.042568106155276e+48
global financial,3.962864066204396e+48
phone system,3.935031410742294e+48
litecoin,3.893111921334257e+48
by creating,3.8609328012443594e+48
validate,3.797932988056322e+48
bar,3.783946428002448e+48
scaling,3.7583518728274477e+48
into provides,3.7322819914916264e+48
is open,3.722810675597664e+48
grade,3.6984147281323703e+48
this allows,3.6780116032241985e+48
site search,3.661294059058104e+48
mobile application,3.621482614887755e+48
eur,3.617266316682176e+48
image analysis,3.5505967585827406e+48
company focused,3.539218357144495e+48
which can,3.532891613480554e+48
across,3.511382936951317e+48
of digital,3.4953928546136255e+48
transforms,3.3858179539251435e+48
easy way,3.265866982623808e+48
name provider,3.229337796011948e+48
data are,3.2168061583520564e+48
information about,3.2083022094763356e+48
optimized,3.191370960853747e+48
offer access,3.187051486977185e+48
business allows,3.075004102066595e+48
overview,2.9181641944440268e+48
instant checkout,2.9089638732911557e+48
accurate,2.900767378580874e+48
branding,2.7966870230879852e+48
edge data,2.796687022846483e+48
you are,2.7478545285224175e+48
system data,2.7218544348673543e+48
unofficial api,2.7115965354331968e+48
email newsletter,2.6854505908490494e+48
specific location,2.648757114097351e+48
child,2.646620936371734e+48
employ,2.6356785117735422e+48
is retrieve,2.562045054929167e+48
searching for,2.555006106415116e+48
polygon,2.5437671610089736e+48
all software,2.528672630192814e+48
participating,2.4023738842943586e+48
response xml,2.3815629009629005e+48
interacts with,2.2865630206971022e+48
service is,2.265720876107451e+48
detect,2.2591368390255788e+48
bash,2.24674761487092e+48
information is,2.214171177361902e+48
surface,2.209304088116331e+48
that display,2.17379371245822e+48
content from,2.165108035612065e+48
web interface,2.0577623935725777e+48
publish their,2.009271913596785e+48
information service,1.9240180335430382e+48
url for,1.9098672313700243e+48
are web,1.8776507774252153e+48
information system,1.828052727983421e+48
government data,1.819031627089494e+48
connectivity,1.7885603650569586e+48
mobile ad,1.733631134630684e+48
direct,1.6353137903348597e+48
by category,1.61339868439141e+48
http,1.6027364041621975e+48
site including,1.5758587357168518e+48
back high,1.558843044265577e+48
preference,1.53651732068897e+48
api endpoint,1.5097201012449037e+48
their site,1.5082635864239164e+48
can service,1.4970023545689554e+48
manager,1.479565398771468e+48
anywhere world,1.4621974708345913e+48
per registration,1.4616618263142862e+48
encoding,1.458458631874365e+48
fail,1.4480003579456394e+48
due,1.4078801036624222e+48
fi,1.40676098752752e+48
store retrieve,1.4038540382419898e+48
india,1.3834678018328266e+48
api platform,1.376623641655488e+48
that more,1.3715925064834075e+48
required for,1.3444538507021711e+48
polish,1.3004455624005277e+48
api brings,1.2735315203649409e+48
user profile,1.2625437523664566e+48
load,1.2059304201138909e+48
vimeo,1.1893325628241167e+48
everyone,1.188027217936134e+48
about api,1.1710016412173049e+48
is project,1.1379448401294338e+48
for building,1.1309591939538817e+48
integrates,1.1166593437881848e+48
meteorological service,1.1108546619240574e+48
this includes,1.1094197534848886e+48
integrate image,1.1043295917144259e+48
business information,1.0910833790543923e+48
activity,1.0829937007714449e+48
effective,1.0804397825922622e+48
what is,1.0801918754928829e+48
soap rest,1.0795400639117299e+48
functionality with,1.0781457844407551e+48
value,1.0762035584522313e+48
compliance with,1.076147978020179e+48
content platform,1.0729944623024085e+48
csv,1.0631853321172144e+48
accessed using,1.0596816810578233e+48
price for,1.0510674409709855e+48
explore,1.0498153971727776e+48
with any,1.0488121406717633e+48
is able,1.0476406955619491e+48
able,1.0419666340220273e+48
marine,1.0404559503783754e+48
user web,1.0363730580263479e+48
website api,1.034623932492751e+48
provisioning,1.0343620708233573e+48
gender,1.0330253081967376e+48
is interactive,1.0323705805587908e+48
than million,1.0290129856881384e+48
jsonp xml,1.0267522518920518e+48
storm,1.0264622594743642e+48
this way,1.0264130234275597e+48
along,1.0257118180000393e+48
opening,1.0217549063388887e+48
mean,1.020683032910711e+48
must be,1.019752057562065e+48
daac,1.0102004174885672e+48
sandbox,1.0092090716681828e+48
project api,1.0070513304816194e+48
source code,1.0058349146683806e+48
information technology,1.004458053159184e+48
accuracy,9.998729175633546e+47
load balancing,9.987700452590837e+47
array of,9.909349605558812e+47
game api,9.90609843589489e+47
attempt,9.827668095016332e+47
of use,9.823526405630647e+47
standard for,9.730674326892363e+47
driver,9.715106196060449e+47
let you,9.698750670462998e+47
allows api,9.692738653368677e+47
acid,9.675955244071229e+47
can query,9.669018147935032e+47
be that,9.645181773388871e+47
different,9.611047492675955e+47
text message,9.56834935348203e+47
exhibition,9.51586393217052e+47
customer is,9.512569182229824e+47
content with,9.467186292285702e+47
issuer,9.34126331292281e+47
traveler,9.322485716887398e+47
delayed,9.317273553141902e+47
location specified,9.249390772172408e+47
validation,9.215737176929472e+47
of polysync,9.200073177350236e+47
united,9.161981271327281e+47
regardless of,9.129643040060745e+47
without any,9.059301683920761e+47
meaningful,9.026848627062332e+47
repository of,8.87299352641714e+47
of business,8.839387010927703e+47
payment gateway,8.754270043501718e+47
photographer,8.656359868440628e+47
sweden,8.638600352135241e+47
response json,8.63521481958502e+47
image by,8.623041497430422e+47
use service,8.60349385346715e+47
consultation,8.445176191466758e+47
war,8.401523279793688e+47
smart device,8.356619222791324e+47
node php,8.272298895939555e+47
bibliographic,8.250119845082579e+47
is soap,8.232931475363502e+47
encoded,8.201921696329773e+47
performing,8.16055545449844e+47
http get,8.150724331977425e+47
camera,8.149191597222976e+47
recent,8.148208359618895e+47
offer array,8.10915910684048e+47
location information,8.097392749230544e+47
sentence,8.017953656982388e+47
based service,8.00393309342241e+47
body,7.854656502005445e+47
time entry,7.829792919551799e+47
towards,7.81845803729019e+47
indian premier,7.703930276368547e+47
time information,7.493742341346932e+47
bot,7.43765219710073e+47
fixed,7.290547059119741e+47
digital content,7.179355107227831e+47
money management,7.029417312307562e+47
premium,6.906668813916e+47
provides online,6.835512724545847e+47
developer allows,6.798064193124577e+47
integrate create,6.765002749726127e+47
are that,6.587395464104759e+47
is sent,6.55940248993806e+47
is easy,6.474859358398742e+47
payment option,6.4380006862684714e+47
origin,6.324183858419532e+47
edition,6.302146379599839e+47
for that,6.2955360809532866e+47
with advanced,6.292706159636133e+47
financial data,6.2919612447085404e+47
response either,6.187131030581162e+47
provides application,6.0867518212032e+47
there are,5.993431238994466e+47
accessed programmatically,5.9229073761862e+47
business liveperson,5.850165673647249e+47
solve,5.727785625492369e+47
their device,5.623944605298374e+47
meet,5.621655442871983e+47
here for,5.6033238473140035e+47
from thousand,5.463792031598234e+47
defines soa,5.454187538219355e+47
this provides,5.409949411934578e+47
form of,5.395602868506335e+47
roanuz is,5.174656957643094e+47
application oversea,5.106624148708216e+47
commerce is,5.105241382909177e+47
re,5.1004896968327635e+47
were,4.925580538930779e+47
idol ondemand,4.861478729629079e+47
blog post,4.7467700356176655e+47
dividend,4.725369056266609e+47
statistic,4.705898674638143e+47
problem which,4.623960308533713e+47
eod price,4.5053525809517486e+47
assign,4.2061179109513064e+47
terrain,4.190979779681519e+47
mouse,3.830893453497847e+47
soap protocol,3.753724529400658e+47
from device,3.6589566012947746e+47
user based,3.327933048431677e+47
for various,3.2670686109956775e+47
expert,3.2635071765395425e+47
post,3.2340602512407153e+47
rule,2.9303977363156287e+47
category,2.693425962335522e+47
collecting,2.5882879288204283e+47
service api,2.247697415502292e+47
collected by,2.02336335747555e+47
be customized,1.923844476910077e+47
automated,1.882701154054821e+47
find information,1.8643616125441505e+47
want,1.8532282583588594e+47
resolver,1.7143998755030191e+47
xml api,1.7078533786071286e+47
api help,1.6342148762039495e+47
profit,1.6287691173075546e+47
content for,1.5864605756792096e+47
output,1.5218588332903926e+47
development service,1.445194580644581e+47
any of,1.370206055190992e+47
qr,1.3645652391782581e+47
ssl,1.3589431255557063e+47
practice,1.3122254696067162e+47
go bain,1.3017013064476553e+47
been,1.2285368521543846e+47
manipulation of,1.223293237925889e+47
saas,1.211007588373686e+47
available this,1.2109963861655076e+47
register,1.2019423036043568e+47
close,1.1984514653157763e+47
api us,1.1439235379844242e+47
department of,1.1260581079288653e+47
retrieval of,1.1014529337323444e+47
translator,1.096356857613695e+47
video platform,1.0784640900776763e+47
private api,1.0512568515469834e+47
mendix provides,1.0498627344525787e+47
of these,1.040483683866772e+47
call center,1.0244193101573187e+47
crypto,9.880582850021775e+46
marketing service,9.673813207433775e+46
metadata for,9.599073236045404e+46
bug,9.42349679989126e+46
among others,9.418386668118704e+46
from around,9.336721909344428e+46
close of,9.182037026721351e+46
can specify,8.814710852768563e+46
for video,8.802211110960477e+46
of custom,8.749960364174808e+46
use standard,8.619438456951291e+46
service provides,8.320826823765625e+46
chosen meteorological,8.178085230021844e+46
date,8.086290558235069e+46
rackspace cloud,7.959588061753665e+46
calculated,7.890683506167885e+46
society,7.873737811153577e+46
precision,7.57419662514671e+46
jsonp,7.37678696988624e+46
designed be,7.318802824083578e+46
let user,7.248641428998535e+46
feed for,7.210193374634237e+46
with them,6.961333558726815e+46
us rest,6.860729573939728e+46
with programmatic,6.857505072833898e+46
documentation includes,6.850969942479984e+46
ma,6.780737647255316e+46
delivery service,6.747103983059616e+46
transmits,6.427972368426124e+46
catalog,6.312185486561395e+46
affiliate network,6.26637477761368e+46
practice management,6.195461215094837e+46
integrate of,6.027347690790261e+46
because,5.979456444139218e+46
continuous,5.925609844594327e+46
grid,5.803108535522753e+46
platform where,5.770616740017259e+46
so that,5.732598991481621e+46
statistical,5.73154055698478e+46
give user,5.698306089574372e+46
user more,5.627044179910555e+46
terminal,5.421333311481048e+46
insight with,5.224131192738513e+46
implementation,5.208265864249099e+46
provides information,5.175123512544122e+46
access list,5.154829502989401e+46
comprehensive security,5.055731308024831e+46
specific information,5.03508411612073e+46
well documented,5.02631083479658e+46
highly,4.967486827188561e+46
hour,4.931978365336463e+46
navigator,4.901207924417715e+46
style,4.790626469464213e+46
call over,4.782269975719853e+46
developer with,4.684459576364855e+46
all major,4.5348859321818067e+46
of transaction,4.523061931991818e+46
is useful,4.500916859044125e+46
this mean,4.4464294222010277e+46
week,4.4190863325098563e+46
accessing,4.3947321316093614e+46
white,4.389030829396446e+46
developer programmatically,4.3747403588148133e+46
color,4.370013756607139e+46
optimization with,4.3566114673006956e+46
application integrate,4.297917480249537e+46
maintaining,4.2956014402088644e+46
from most,4.293874672450444e+46
data analysis,4.284132691379502e+46
api track,4.280542600003872e+46
us http,4.22116134663854e+46
wireless,4.217167901644084e+46
can account,4.208511612063124e+46
zip code,4.172031398823828e+46
unstructured,4.1548208213167065e+46
authentication token,4.0066650422547743e+46
taken,4.0055200976024157e+46
factor,3.996886943605648e+46
read only,3.8630119319532616e+46
regular,3.860347117821216e+46
ha been,3.8559915852321736e+46
your content,3.851087147515691e+46
ola,3.8280652589300553e+46
presence,3.8210759829984713e+46
dozen of,3.7500489365556197e+46
of tool,3.71729893483725e+46
solution bluemix,3.6477763103132175e+46
be added,3.6347740694507314e+46
found,3.5758737652710363e+46
sync,3.5668257129087083e+46
extract,3.5571415708987177e+46
user request,3.54745441884603e+46
face,3.537530265891553e+46
of world,3.498118983891856e+46
analysis with,3.472027550897364e+46
for it,3.4641666754455196e+46
nearly,3.4470151922426037e+46
organize website,3.432819535615814e+46
initiate,3.430259253562211e+46
provides business,3.3616870277727193e+46
weather platform,3.3562090742749243e+46
cdn,3.347863127230621e+46
can pay,3.344082552665165e+46
developer organize,3.328750103840916e+46
property for,3.3274657630050925e+46
generated by,3.2774956793828564e+46
specification,3.243955845811812e+46
satellite,3.2160110261239355e+46
service using,3.2138618003282267e+46
service xml,3.1450204048372946e+46
authoritative,3.0981380659151247e+46
provides security,3.089592271027059e+46
between two,3.0817729776315836e+46
ease,3.0408883506822676e+46
ssl certificate,3.0286477883153693e+46
is updated,3.0254311382615834e+46
that of,2.9951869597060505e+46
api data,2.995171918694085e+46
product data,2.9610315369057696e+46
processing service,2.958591754236197e+46
for each,2.924256608205673e+46
of payment,2.8911995554980253e+46
comment,2.880956356547861e+46
scheduling,2.853364346377954e+46
fact checking,2.8309962627462244e+46
built with,2.805675255870728e+46
same,2.8023786004055836e+46
please,2.798314591840907e+46
neutral,2.779597584024748e+46
api provide,2.7779895513375726e+46
useful for,2.7776697728507367e+46
protected,2.7513647643462954e+46
sender,2.7289356498040975e+46
there,2.714044142441523e+46
for displaying,2.7035771397169425e+46
available developer,2.6532487494766585e+46
one of,2.641738462631845e+46
control of,2.620004868398236e+46
customer access,2.584476793442127e+46
customer experience,2.5569117255640046e+46
transform idea,2.5502243059576947e+46
server side,2.5283655030294967e+46
receive sm,2.490785907034654e+46
legacy,2.467227767289641e+46
fly,2.453815960576003e+46
json from,2.446770184922993e+46
can their,2.4429339863427116e+46
statement,2.437893143015975e+46
transcoding,2.4158852073132574e+46
historical price,2.3933998340553226e+46
generally,2.393267745204224e+46
visenze,2.387963181828545e+46
tell,2.370515523769618e+46
banking service,2.3562043475389176e+46
host of,2.3536678106683155e+46
property listing,2.342941962688493e+46
for artist,2.3036050194214577e+46
is xml,2.247296141866809e+46
creating,2.2472674883064093e+46
home,2.2397185305273466e+46
limit,2.223106363964052e+46
be retrieved,2.2205031016857931e+46
address book,2.19898354210537e+46
of united,2.0607802986379187e+46
send information,1.9393988218599559e+46
year,1.933370945585655e+46
html pdf,1.890320009541319e+46
powered by,1.859603714708513e+46
with full,1.8595868883248888e+46
is cryptocurrency,1.8337670355635662e+46
service offer,1.7685321614450529e+46
reliable,1.73815709277753e+46
is data,1.7339377616822538e+46
recurring payment,1.6336841714514965e+46
approved,1.5965709883779222e+46
you access,1.581805796337248e+46
generator,1.5586720005247732e+46
be integrated,1.4525841886986776e+46
client around,1.411083760435263e+46
feature with,1.3712393008263566e+46
retrieving,1.3061030765143196e+46
interface that,1.3048895019504069e+46
capture,1.2983840462205701e+46
great,1.291359289113442e+46
identification number,1.286440990255782e+46
web available,1.1162426791552753e+46
compatible with,1.1113395945222678e+46
batch,1.0371571348038082e+46
way integrate,9.654854795478339e+45
that let,9.351219232059533e+45
sponsored,8.735210970137656e+45
enables developer,8.68895903931648e+45
loyalty,8.641221352657785e+45
this developer,8.609594903140989e+45
it work,8.593679011164873e+45
portal featuring,8.553692132604343e+45
suitable,8.532370688102109e+45
submission of,8.527990672406997e+45
working,8.518443595518905e+45
application interact,8.505560895419597e+45
member,8.486934859269613e+45
application with,8.465754671799899e+45
know,8.382065216756866e+45
user retrieve,8.365649077287544e+45
is provider,8.331720924536603e+45
organizational,8.278935951506782e+45
user make,8.257757809047235e+45
requested,8.235711323382505e+45
for you,8.203894747111432e+45
card transaction,8.165907853051208e+45
user who,8.105080394634858e+45
complaint,8.09376144848009e+45
communicate with,7.740549468000649e+45
of location,7.734036550853826e+45
library that,7.680086283391301e+45
more are,7.591920055827552e+45
example available,7.54915173704794e+45
be formatted,7.543244844292567e+45
contact for,7.38676458746257e+45
connected device,7.361542593961846e+45
oauth authentication,6.860084193257164e+45
enabling their,6.780443774918912e+45
overview of,6.768612827281961e+45
data type,6.746940705095237e+45
character,6.74008231720966e+45
north,6.71957944486169e+45
seamless,6.64589515639475e+45
enforcement,6.43450512529802e+45
connecting,6.361930740126676e+45
http request,6.167540866708637e+45
like,5.90618980614925e+45
environmental,5.895172404301074e+45
enterprise grade,5.76900770691254e+45
live com,5.709422087479212e+45
element,5.6887732103959265e+45
share their,5.6243338270903605e+45
for managing,5.614446995430591e+45
installed,5.517926077475768e+45
bb,5.491916046759217e+45
conveyance of,5.4203780124141936e+45
royalty,5.343462296507006e+45
balancing,5.2841865098416233e+45
blood,5.2643613484776343e+45
is intended,5.248495781543257e+45
underlying,5.2180901698585265e+45
allows application,5.010726094742707e+45
production,4.969953946263337e+45
needed for,4.9226110780024234e+45
embedding,4.9136366149437946e+45
first class,4.866851134659349e+45
pull,4.816893721020233e+45
software developer,4.8064942584186074e+45
returned json,4.748177062021954e+45
influence,4.678763714725737e+45
within their,4.670772236539953e+45
that all,4.576734033222005e+45
for io,4.3527694312118574e+45
targeted,4.239654737011024e+45
information online,4.2384634240398984e+45
api for,4.191317702503401e+45
derived,4.161901704242212e+45
sort,4.089511560906881e+45
financial account,4.0626078341283356e+45
information access,4.017995693777842e+45
application application,3.961943977614083e+45
alternative,3.956555672303097e+45
will allow,3.8906881061628254e+45
pattern,3.870279986066917e+45
generating,3.84351039125734e+45
customer order,3.832834956596265e+45
infrastructure service,3.8249632210807664e+45
access service,3.818592194785558e+45
send message,3.801214051949254e+45
api with,3.797688505737865e+45
of result,3.75024810289125e+45
website mobile,3.7390223133227903e+45
is set,3.635486075191935e+45
particularly,3.602429773551459e+45
customer can,3.5533259198542023e+45
picked,3.4997109780981637e+45
publication,3.499598083214472e+45
japan,3.4708081802807003e+45
developer interface,3.4657388388757303e+45
health care,3.451590061498247e+45
better,3.415830780049075e+45
event of,3.393280002705748e+45
past,3.318092021409896e+45
messaging platform,3.286702166619936e+45
is needed,3.247660682808676e+45
data odds,3.1881801993414644e+45
json that,3.152302281992797e+45
is not,3.1496052732536607e+45
regulation,3.144740441416365e+45
technology for,3.0864579351431414e+45
static,3.058865892643365e+45
off,3.0438218970379505e+45
of text,3.0401410176944596e+45
is unofficial,3.023694529438504e+45
is medium,3.0120787051804254e+45
seek,2.9069956060014695e+45
your client,2.8877442529090295e+45
search result,2.855007157377506e+45
automatically,2.6317212239243876e+45
for public,2.615642065123061e+45
for free,2.5430685060123836e+45
dna,2.455762040502399e+45
voting,2.4430805603895314e+45
soon,2.4398612603836333e+45
travel agency,2.37652973567034e+45
sharing api,2.334811917205841e+45
blog,2.319616119808167e+45
accessible through,2.259222605905266e+45
south,2.2589757370032645e+45
excuse,2.2479842590725017e+45
tenant,2.2409224615246787e+45
extension,2.2084252925158088e+45
of platform,2.1792222601587014e+45
security standard,2.179025155543041e+45
service solution,2.1173330434156433e+45
comic,2.0949623032172226e+45
by providing,2.0834762298627125e+45
knowledge archive,2.0803475182969092e+45
data from,2.0506718895226926e+45
germany that,2.0257670759456422e+45
provides http,2.0050576521216653e+45
from multiple,2.004463409975396e+45
domestic,1.960991361144783e+45
nyse,1.9325318316580737e+45
count,1.927284877247801e+45
several apis,1.9143998501993223e+45
validity,1.8515749928830832e+45
indexing search,1.8366715301643018e+45
website application,1.8341042526109898e+45
crop,1.832799892067332e+45
deployed,1.7359803785590374e+45
app store,1.7184335655580975e+45
account from,1.709064329270408e+45
data associated,1.698004138033896e+45
index,1.681667713895171e+45
wa created,1.4917140501809794e+45
apis allow,1.4815616342783094e+45
ministry,1.3987868313364855e+45
crud,1.3855409936757653e+45
access available,1.3717097908081425e+45
necessary,1.3698278351041523e+45
apis for,1.3520774063755927e+45
with detailed,1.3318245844539888e+45
by their,1.3225182253336295e+45
box,1.2939171868041694e+45
method are,1.288932869335065e+45
mysql,1.285099678994933e+45
of domain,1.2227052983541185e+45
specialized,1.2189047650680243e+45
fantasy community,1.2165735763359912e+45
their developer,1.1903734125157016e+45
onto,1.1742837994085913e+45
doe not,1.1666299042195074e+45
for interacting,1.1545119940222972e+45
call using,1.1419101063025216e+45
service provide,1.1347348179825876e+45
receive,1.125261329854585e+45
pick,1.1237930147960476e+45
ticketing,1.118214278213987e+45
detailed,1.0931852287245109e+45
information api,1.0786701946564996e+45
their favorite,1.0469105069061306e+45
proximus enco,1.0368463642042737e+45
management developer,1.0212352574786837e+45
service based,1.0179511038289877e+45
order using,1.0157554362450362e+45
data through,1.0067477442592344e+45
private beta,1.0018832585651912e+45
indicate,9.997145868170446e+44
tweet,9.992884518076928e+44
by connecting,9.946606989057003e+44
service including,9.872169926437323e+44
for non,9.7977855985683e+44
chosen,9.792965592432753e+44
is beta,9.67232029750358e+44
healthcare,9.602204241358432e+44
let their,9.509646192715864e+44
api also,9.210274340672057e+44
cup,8.941671941354441e+44
it with,8.923035743851224e+44
invoicing,8.8736804847543e+44
making call,8.728463601073077e+44
data information,8.702346980791322e+44
basic http,8.694605264177778e+44
integrate functionality,8.62399825046341e+44
mark,8.614645770435214e+44
for accessing,8.610298095163305e+44
domain availability,8.525323059521383e+44
that will,8.42210434761182e+44
lending,8.251366715781847e+44
robot,8.207610666772828e+44
come,8.198134817162178e+44
record of,8.184065597269248e+44
platform using,7.979719945708344e+44
automatic,7.83265176455696e+44
get post,7.718268066607478e+44
automotive,7.685352950419727e+44
language api,7.681370169152991e+44
only api,7.39649094640022e+44
such component,7.385947570424874e+44
provides create,7.294042289657323e+44
online marketplace,7.210843327636842e+44
rating,7.195137892959578e+44
teaching,7.122573287060868e+44
choose from,7.095564153336639e+44
task management,7.04496363946689e+44
guarantee,7.0279927440817046e+44
via restful,6.900458135582494e+44
marker,6.799183886365961e+44
washington,6.2465846485260365e+44
also offer,6.161291992258615e+44
sample,6.0996149166594846e+44
that other,6.002472356260136e+44
server it,5.8525410673635724e+44
fetch,5.83975616486747e+44
egnyte provides,5.801258301369081e+44
resource that,5.683446165623525e+44
international,5.6579970745767574e+44
with built,5.627012402145093e+44
site from,5.6028754059521545e+44
that want,5.3827047069815764e+44
xml rpc,5.278588197961351e+44
with our,5.050439898035497e+44
price information,4.834951621323908e+44
consisting of,4.804357166368044e+44
understanding,4.783567757742565e+44
be found,4.749955741262172e+44
search access,4.4825983841875406e+44
with service,4.411520425659571e+44
api give,4.37856400354316e+44
schedule,4.30473011948328e+44
is offered,4.2963845702527544e+44
id,4.22907234397532e+44
we offer,4.211565137916172e+44
taxonomy,3.869569380786061e+44
place,3.841804956160833e+44
remote api,3.762180717094455e+44
provider their,3.751018072914026e+44
provides complete,3.739614033438981e+44
array,3.68566069850521e+44
that offer,3.3363490914470324e+44
access api,3.29983742470065e+44
provided solely,3.2330594680150735e+44
referral,3.1046012638454663e+44
easy use,3.0894778316887443e+44
of rest,2.871746260891431e+44
protocol with,2.8360244562005422e+44
matter,2.789899184745432e+44
web portal,2.7203838488692066e+44
way build,2.6520114765787803e+44
own site,2.6346878698445816e+44
known,2.5012487482477426e+44
use it,2.384177779390806e+44
time access,2.3410492466250065e+44
free of,2.331520626603168e+44
of trading,2.2964972396466715e+44
featuring directory,2.2525207691373445e+44
video video,2.1845882761042977e+44
aerial,2.161639601704445e+44
enhances,2.1572504582821365e+44
promotes,2.1372355639321747e+44
though,2.0454426480820776e+44
repository for,2.0449521540428944e+44
configured,2.0442376612643236e+44
efficient,2.0151330632547523e+44
institution,1.9955483292654354e+44
question,1.994933990427599e+44
is especially,1.982313023155492e+44
updating of,1.9430434472854063e+44
loading,1.940992353867535e+44
can cloud,1.8775566534620166e+44
genome,1.872472978059731e+44
return result,1.869751627984226e+44
of file,1.8662363104642863e+44
can build,1.8452529544945016e+44
creating testing,1.8380921256503356e+44
sm marketing,1.819151206059193e+44
video from,1.780641409677676e+44
book information,1.7804872532587376e+44
is api,1.74567757307975e+44
create maintain,1.7441199196878393e+44
strength,1.7400230293778904e+44
end user,1.726891428180006e+44
service are,1.710301015719645e+44
of money,1.6934649518352463e+44
programmer,1.693345052490908e+44
subset,1.6852206522306217e+44
webrtc,1.6688871151588083e+44
cropping,1.655288968627453e+44
identify,1.6419850575318692e+44
software is,1.6416281319730952e+44
running,1.6341730593528758e+44
dutch,1.6278321497666161e+44
transfer,1.5849668583307844e+44
adjusted price,1.5818871732717778e+44
wa developed,1.580638070327685e+44
application by,1.5751340870736387e+44
primarily,1.5604962952364756e+44
deleting,1.5555139837385493e+44
ship,1.5546249163781288e+44
from developer,1.5320403138837352e+44
name of,1.5124246699944565e+44
probability,1.50286183963758e+44
onboard,1.4671249798311122e+44
much of,1.4592988834116404e+44
civic,1.4436433634754112e+44
gb,1.4411891951249328e+44
oversea chinese,1.4243721280161148e+44
photo sharing,1.4124334492142535e+44
integration of,1.4039473197486765e+44
second,1.3789306880222782e+44
engage,1.367653345872625e+44
interested developer,1.3613513333281791e+44
framework,1.3555828543090597e+44
receives,1.2893255403172535e+44
technology is,1.277710210099283e+44
occurrence,1.2617092049816975e+44
via mobile,1.252391253602804e+44
item from,1.1893205254197053e+44
they provide,1.1635376175625393e+44
help user,1.1399547488189248e+44
responds,1.1347725948308219e+44
repository api,1.1181004222972201e+44
per page,1.080394368988461e+44
selected meteorological,1.0448724443042478e+44
developer account,1.0303363894024662e+44
customize,1.0029035503637129e+44
dashboard,9.387633646105467e+43
trafiklab is,9.20755484019035e+43
engage with,8.96135555243316e+43
phylogenetic,8.814285984747212e+43
be viewed,8.709140090490073e+43
scholarly,8.667267310790309e+43
delivering,8.648019891692114e+43
spot,8.636826387685619e+43
can test,8.533407559577789e+43
application us,8.466536927058555e+43
debit,8.278338760905532e+43
parameter that,8.147447097278408e+43
it includes,8.112717342880098e+43
trading platform,7.96635802342684e+43
watson,7.889509486014344e+43
date api,7.879730373672327e+43
showing,7.828117621669021e+43
no authentication,7.528643865591588e+43
json developer,7.380153826748151e+43
access their,7.377818668410047e+43
api restful,7.322988671330201e+43
have,7.320197376518629e+43
standardized,7.18539882314725e+43
of city,6.998866125802378e+43
data into,6.778093941456571e+43
is internet,6.691640126979629e+43
liveperson is,6.64662772792892e+43
banking industry,6.619854316176472e+43
downtime,6.579711794677831e+43
be built,6.436747169438446e+43
ondemand,6.347594013292881e+43
imaging,6.343019430350964e+43
of that,6.274305699079608e+43
provide developer,5.890764403982256e+43
development of,5.723702992967147e+43
database of,5.709625912220216e+43
post request,5.706890995183347e+43
available through,5.682305214705971e+43
predefined,5.517052357608207e+43
of match,5.510186134779104e+43
user track,5.346739520036882e+43
feature into,5.052440485985828e+43
search against,4.955117640314651e+43
developer application,4.603976653555378e+43
browse,4.594713494427838e+43
growing,4.546059069266247e+43
shape,4.527550845041845e+43
for tracking,4.499977220353004e+43
one more,4.474566438613622e+43
mobile platform,4.359911283719053e+43
luxury,4.359911256877777e+43
marketing solution,4.1359233373927967e+43
identified by,4.1180245761123503e+43
this functionality,4.091439335156002e+43
data feature,3.9735298508605125e+43
sql,3.9573126986308456e+43
for specific,3.9206785603480105e+43
provider,3.830631870284687e+43
behalf,3.79079878146378e+43
of user,3.783866914040438e+43
behind,3.7828506501702084e+43
website into,3.553885569465537e+43
defined,3.528659168600216e+43
for further,3.399501453470731e+43
is company,3.3888395073723306e+43
aggregate,3.187924261160195e+43
traditional,3.170257570486266e+43
historically,3.0944347218579216e+43
for particular,2.982675895885739e+43
function include,2.95817130647797e+43
edit delete,2.8193990724427895e+43
aggregation,2.7967699039455697e+43
marketing tool,2.7912785190172463e+43
life,2.7477530140784205e+43
programmatically via,2.711021419607892e+43
license,2.6786922355656525e+43
is exposed,2.669861487280105e+43
management more,2.6236071160106447e+43
of customer,2.619659268705011e+43
consistent,2.592759425532777e+43
io android,2.577094551285827e+43
governance,2.5395585003526464e+43
video of,2.5119060720637125e+43
developer upload,2.5093216249113935e+43
api you,2.5062581629272353e+43
research project,2.476863237288277e+43
pay per,2.460989727267945e+43
request api,2.445550438721663e+43
spree,2.4262256846726645e+43
latency,2.4195632221670753e+43
developer manage,2.418219705449066e+43
scalability,2.380460736666482e+43
via rest,2.3772643268654013e+43
available from,2.3531937704789603e+43
nz post,2.3382768023346725e+43
xml data,2.3200980609565636e+43
is big,2.2328233614871195e+43
other people,2.227443262015931e+43
for handling,2.2189280825810505e+43
application this,2.1951788357816853e+43
you have,2.187136839596312e+43
order api,2.1761130024514405e+43
file folder,2.154793431769511e+43
anything,2.1383461719240203e+43
developer fantasy,2.1190854685532686e+43
mission,2.0933393163701424e+43
looking,2.061277925513081e+43
ups,2.0386909036506503e+43
address diversity,2.012130230230811e+43
tracking project,1.9940393742802842e+43
manage share,1.9221353629490607e+43
gather data,1.905150516380648e+43
own application,1.8404178523551315e+43
phrase,1.8031652519583246e+43
build their,1.7984214475104057e+43
small business,1.7502463016994242e+43
provides free,1.746482071083733e+43
level,1.729520013140778e+43
collaborative,1.6723206149230952e+43
detects,1.6466437343823013e+43
cloud storage,1.62368897024859e+43
fee,1.588348346613929e+43
zone,1.5872021041405654e+43
bash league,1.5801941442300015e+43
application using,1.5625816662985962e+43
of record,1.5611021144073702e+43
with your,1.5465134977331545e+43
file can,1.5277049304468935e+43
customize their,1.5156408944701622e+43
efficiently,1.4814348810684505e+43
competitive,1.4430590082918222e+43
accessible via,1.4169124603435677e+43
calculation,1.4146062232898423e+43
event are,1.3529871245864532e+43
cloud solution,1.3243831857877047e+43
image processing,1.3103003228101145e+43
data include,1.3031968089235674e+43
system it,1.2874420258254623e+43
facebook messenger,1.282364183322494e+43
create their,1.2781732630680944e+43
smaller,1.2762605642563502e+43
use user,1.2746354409603455e+43
finding,1.2596172177418048e+43
directly,1.2423721738241132e+43
functionality into,1.2373308237086176e+43
photograph,1.2192913608228476e+43
layer,1.2120640215321268e+43
authentication method,1.208487657608041e+43
is all,1.2052230475217866e+43
hospital,1.1864803604896493e+43
user view,1.1790047330235094e+43
delivery option,1.1634316014085098e+43
your photo,1.1606655969032584e+43
available site,1.1571059333510179e+43
that include,1.1540907199561396e+43
function with,1.135134677334908e+43
tutorial,1.120799581215714e+43
zip file,1.1007175985671936e+43
rd party,1.0943750475444376e+43
scorer,1.0871699479092163e+43
software provider,1.0634450233301959e+43
account with,1.0594959604526718e+43
tourism,1.0364512957965915e+43
stats season,1.0351390977747865e+43
related service,1.0344025407983167e+43
amadeus,1.0319878283642186e+43
drawing,1.0225057488554143e+43
bookmark,1.0150858991074996e+43
gsma,9.537238824768569e+42
call return,9.394091912447323e+42
user search,9.308098920468373e+42
selected weather,9.151026910513495e+42
service well,8.970512958081752e+42
solution with,8.858896594936205e+42
their data,8.764377518950667e+42
developer you,8.575546242384889e+42
day exchange,8.456281331965538e+42
xeround,8.302689767808858e+42
mashape,8.224373715444965e+42
application web,8.16684130931373e+42
proof,8.165340402407923e+42
panel,8.16084015579177e+42
authentication json,8.123426489657335e+42
launch,7.715332273673458e+42
wikipedia,7.684801850557664e+42
transparent,7.683260048985305e+42
carrier service,7.366155023567084e+42
equivalent,7.159866937207355e+42
your account,6.988717759517859e+42
mobile phone,6.868216334340967e+42
is official,6.831890355815456e+42
publicly,6.747025542338269e+42
contribution,6.721943482921301e+42
can from,6.6930994825191e+42
via json,6.686146203739006e+42
vector,6.605976097054112e+42
api image,6.591982223337554e+42
assistance,6.548301819101655e+42
check their,6.525347678639721e+42
provides web,6.463810602123137e+42
generic,6.402884498287397e+42
developer make,6.367563010536662e+42
principle,6.348552343956375e+42
feature such,6.042843886483111e+42
zoho,6.006052042212967e+42
act web,6.005649070499499e+42
partner,5.5634337144098566e+42
speed,5.511444883182564e+42
identification engagement,5.481300041461033e+42
send bulk,5.4188196153108835e+42
effect,5.410182764552907e+42
are available,5.376444719829627e+42
management system,5.371419033438791e+42
solid,5.35787882455036e+42
image rest,5.226849637048173e+42
of interest,5.2078813829966814e+42
use of,5.126240449833855e+42
adhere,5.0469252154582765e+42
themed,4.9689806112127386e+42
music api,4.960916134851169e+42
exist,4.944488609225997e+42
out of,4.9303399026455127e+42
government website,4.750825424549562e+42
through api,4.606634428395107e+42
exposing,4.563175944055217e+42
grant,4.3379277904362767e+42
difficulty,4.2662943412551655e+42
call api,4.2037629612606576e+42
player api,4.184688857572403e+42
offering,4.111554679377852e+42
of site,4.063281309431875e+42
icc,4.0415307072550804e+42
application can,4.0341873974627783e+42
creation,3.915319669076167e+42
summary,3.832294262302116e+42
soa semantic,3.798051980308318e+42
high,3.7855386899638835e+42
supplier,3.763094772499263e+42
geojson,3.7574381811171535e+42
amazon web,3.741260527408428e+42
user are,3.690433968658123e+42
gathering,3.680460709848891e+42
innovation,3.674640503379909e+42
readable,3.641836694273647e+42
bring,3.6259617793791403e+42
innovative,3.5677340254439076e+42
rest soap,3.5591484009641234e+42
user account,3.5357917043546147e+42
zero,3.529412979784713e+42
for api,3.523006102098343e+42
offer data,3.521749567465704e+42
their access,3.5157038307095335e+42
job,3.501866181711047e+42
that user,3.4950187735907314e+42
all of,3.486517032174037e+42
po,3.4721901356250455e+42
major,3.3763014119188e+42
library of,3.350423054984459e+42
publicly available,3.347239330778353e+42
can submit,3.329723915494072e+42
is mobile,3.3236521119847754e+42
their location,3.3062647865283034e+42
developer include,3.289227180731684e+42
shephertz app,3.2744150749471274e+42
service this,3.260422744659556e+42
head,3.234944958913846e+42
adwords,3.230741566526391e+42
keywords,3.222754690966694e+42
provides apis,3.219923814319314e+42
entry data,3.201369125925743e+42
access call,3.177706979055912e+42
mode,3.145165157854963e+42
use api,3.127172043540908e+42
their method,3.108643735025662e+42
application website,3.094580596614984e+42
compatibility,3.076331817778533e+42
communication with,3.066186849808966e+42
create send,2.9402097449798445e+42
preferred format,2.815255953204337e+42
rate for,2.631798815321578e+42
data solution,2.6145431128023e+42
search capability,2.5829938806237537e+42
natural,2.498249235199173e+42
initiative,2.4854754448788542e+42
define,2.4844353027295146e+42
updating deleting,2.3285855352903644e+42
site api,2.197599707469856e+42
that access,2.1432045399911604e+42
battery,2.0772630935096205e+42
session,2.0524302029419077e+42
other function,2.0377089737613817e+42
related live,2.0050784814241124e+42
specifically,1.988497041004064e+42
chinese,1.9766747133381954e+42
are rest,1.9624844197280855e+42
peer peer,1.9293365842866713e+42
technology provides,1.8601748129280036e+42
related,1.810570956623113e+42
mass,1.7962771270428592e+42
offered by,1.760094086130597e+42
provides developer,1.7587947448944988e+42
self,1.7545774321182723e+42
for storing,1.7461322278639878e+42
integrating application,1.7396693294121043e+42
user save,1.6747423185372594e+42
hard,1.6473399090596777e+42
broken,1.6415325332481153e+42
forex,1.638474873630827e+42
identifies,1.633583514859007e+42
genre,1.616832197287979e+42
developer ability,1.5960567788706744e+42
is currently,1.5904895310764733e+42
displaying,1.588018214815188e+42
controlling,1.5633050996161215e+42
manual,1.485218596702529e+42
adp,1.4787818502934324e+42
offer developer,1.4173480815612227e+42
updated,1.3639438197901037e+42
search by,1.3501032512232656e+42
age,1.3327575101328786e+42
default,1.2519510170148372e+42
response can,1.2095055033634595e+42
inside,1.1759859271376949e+42
it easier,1.1734566205026308e+42
cisco,1.1724652076862877e+42
order access,1.1710641323912379e+42
with secure,1.1655674401418835e+42
permanent,1.1572029712016889e+42
price are,1.140362315845045e+42
of communication,1.127372411074841e+42
czech republic,1.0355690013840962e+42
workflow,9.721802177287417e+41
from rest,9.680669484236857e+41
can provides,9.634914649584737e+41
multiple device,9.232529196601498e+41
communication solution,8.997317980487167e+41
support submitting,8.342820859665761e+41
integrated with,8.274268147889769e+41
dedicated,7.999658346816211e+41
satisfaction,7.884363307285503e+41
all available,7.481423744572937e+41
guidance,7.124459584914971e+41
metadata api,6.998948053072371e+41
for global,6.941285943054905e+41
add update,6.825569768816217e+41
used integrate,6.59937094646594e+41
capable,6.3937068510531685e+41
under,6.020556506069776e+41
restricted,5.911133752995822e+41
for implementing,5.905452890694545e+41
thethings io,5.817578973342772e+41
interaction,5.707587741197242e+41
of available,5.663838317305552e+41
business individual,5.651075778088347e+41
sized,5.638405368471682e+41
meteorological solution,5.535027674592808e+41
yahoo,5.451643159301144e+41
interface user,5.435143947501505e+41
client application,5.355030794332621e+41
website with,5.335828556656391e+41
user xml,5.285143965266532e+41
mainly,5.228066585077181e+41
ensuring that,5.11744916419053e+41
climate,4.867785439241529e+41
online community,4.841723887026955e+41
that business,4.8239723305079065e+41
integrate with,4.822382504412848e+41
user interact,4.685131636667914e+41
develops,4.6758298171527e+41
lot of,4.6689373677300465e+41
json are,4.631459547077146e+41
user data,4.614062645269988e+41
sdks,4.5577037620420266e+41
promoting,4.557009555309618e+41
relationship management,4.5521462003300995e+41
capable of,4.544323891278939e+41
available access,4.523916025114548e+41
mobile web,4.5163006039758974e+41
api through,4.474408403694258e+41
keyword,4.462237080709852e+41
which user,4.434270951053347e+41
management software,4.41757997690098e+41
format us,4.4158892353850385e+41
hold,4.389038373691687e+41
bridge,4.3704447374937764e+41
stock quote,4.338763629798093e+41
for location,4.33849351105534e+41
unified,4.33006812972293e+41
agricultural,4.2754578563048044e+41
personal,4.2716903503302825e+41
functional,4.255469956980295e+41
is full,4.2455273206404e+41
alpha,4.238587491944847e+41
immediately,4.23757919633171e+41
criterion,4.227425383416454e+41
scan,4.1607816805785444e+41
stamp,4.144645940957719e+41
spell,4.135533893857073e+41
send sm,4.1106679801847e+41
virtual machine,4.096912498365578e+41
hardware,4.085277167890675e+41
be obtained,4.067380235213317e+41
written,4.062765757950008e+41
application integration,4.061534463322708e+41
of list,4.019642994900863e+41
bird,4.013393438992782e+41
single api,3.960195378697808e+41
subset of,3.956883539904122e+41
hosting platform,3.955796562318405e+41
location it,3.920413820035194e+41
disruption,3.8996049977179966e+41
encoded data,3.892429323462226e+41
complex,3.890245208256704e+41
status of,3.8812458686672e+41
owner of,3.879895150080262e+41
career,3.8563125504968896e+41
downloads,3.835233696578733e+41
site is,3.833670199150477e+41
relevance,3.832879492797509e+41
family,3.7535527714474875e+41
database service,3.752631508248633e+41
matching,3.74178002683691e+41
minimum,3.739084483833176e+41
developer list,3.709570462993309e+41
chinese banking,3.700769590865469e+41
interval,3.6934517581949555e+41
open api,3.678720709001869e+41
simple http,3.6720308319548724e+41
query for,3.639573177049447e+41
guideline,3.6391795638745084e+41
data storage,3.6367133429826616e+41
api retrieve,3.619131536327141e+41
seamlessly,3.5789105959400724e+41
company can,3.52743924980301e+41
implementing,3.521310224505873e+41
json allows,3.518021178551688e+41
control over,3.513632109799784e+41
since,3.506997684487944e+41
adherence,3.485081840513811e+41
that ha,3.4799788244649044e+41
partner api,3.4792397143859034e+41
json csv,3.4568688964222404e+41
consolidated,3.4348197336544758e+41
both english,3.419222587026839e+41
arrival time,3.4076439587173054e+41
virtual contact,3.379588056835781e+41
functionality data,3.3731092650802027e+41
provides restful,3.3109644374140925e+41
map image,3.306498275939977e+41
if they,3.2928796357051357e+41
card payment,3.284428193892083e+41
sourced,3.2356021342427712e+41
their audience,3.2294356377829348e+41
make call,3.222973942057233e+41
main web,3.2196029024529902e+41
application is,3.2127284122646514e+41
vendor,3.1916966909800696e+41
is allows,3.188773908387071e+41
us soap,3.177812652940474e+41
image search,3.1741179766606127e+41
their current,3.108497130591303e+41
large,3.0363872108741716e+41
content that,3.0035972903854077e+41
are free,3.003284102355903e+41
based web,2.9277612309235663e+41
framework for,2.8899348269130693e+41
your business,2.8657769486254612e+41
of charge,2.8650157310930397e+41
ready,2.862364769175715e+41
secured by,2.8613104308032533e+41
relative,2.822733611301573e+41
upcoming event,2.8197725989327112e+41
strategic,2.79632461188479e+41
http method,2.7897359311193385e+41
with each,2.733533513271763e+41
expression,2.7113045676630548e+41
for merchant,2.680643241229586e+41
alert,2.579011794055567e+41
corporation limited,2.5474468799918176e+41
user bridge,2.5048495588430138e+41
sedo,2.4865274306563016e+41
product portfolio,2.472216732176782e+41
of soap,2.4548952664309844e+41
various data,2.4185437676508605e+41
social network,2.2928598117990397e+41
api may,2.2828290724641093e+41
vacation,2.2647533308354926e+41
doing,2.2527135255335767e+41
flight data,2.2484312873971754e+41
integration some,2.2461604183396785e+41
return information,2.1585151543527755e+41
estimated,2.1253569976707915e+41
available their,2.1045035726899138e+41
stay,2.0968652518930505e+41
config,2.0938473434046087e+41
together,2.0727381613046016e+41
fully,2.0588091428303132e+41
messaging service,2.050973564035927e+41
provider offering,2.045185601227349e+41
worldcat,2.011215176234458e+41
that facilitates,1.9781559756361895e+41
mac,1.9619071453076247e+41
data cloud,1.961031691776331e+41
geocode,1.889995804461553e+41
exact,1.8745454775683316e+41
data management,1.841938396588123e+41
across all,1.8355205123015878e+41
geospatial,1.7672372041820227e+41
interest,1.761936251584576e+41
sapo,1.7487647883654463e+41
spent,1.6945490771252126e+41
method accept,1.6873796900945906e+41
indian,1.6832176366323172e+41
clip,1.6826753357032855e+41
enrollment,1.647121799645698e+41
their content,1.6408288804222003e+41
big data,1.5894731908187149e+41
online provides,1.5730268173118373e+41
source platform,1.5555868523784344e+41
mod,1.5466570040032519e+41
distribute,1.5422608184391812e+41
nyc,1.5385418431651656e+41
control panel,1.5320103422241902e+41
charged,1.531962613765756e+41
can handle,1.5206478334960638e+41
api order,1.518784670608277e+41
non profit,1.4853973682550065e+41
event such,1.4757502004252324e+41
of bitcoin,1.473330892028181e+41
that integrates,1.4631938241929338e+41
engineering,1.4555666138403596e+41
for current,1.4496216855491317e+41
few,1.4442338225552285e+41
cloud computing,1.4419749692677605e+41
economy,1.4386141661365467e+41
from access,1.4234711687972924e+41
for available,1.4155459632829594e+41
walk,1.4146137486030237e+41
is compatible,1.4124787618996954e+41
of financial,1.4053910103936293e+41
reliability,1.3827703052376882e+41
automation with,1.3492542075684023e+41
with response,1.309147329284618e+41
regional,1.304867943883899e+41
by open,1.285593391545859e+41
raw,1.2823562457914755e+41
ownership,1.2702262033275e+41
support access,1.2662735509096517e+41
management application,1.266177773589395e+41
subject,1.2062521074449093e+41
cross platform,1.195684867141135e+41
web search,1.1903835075529951e+41
may be,1.1688487327650109e+41
establishes,1.1457936095380871e+41
account data,1.1452529890516164e+41
search provides,1.1393366307170495e+41
through simple,1.1348288402914445e+41
primary,1.1330294261610766e+41
top,1.129172783721568e+41
helping,1.124865237341654e+41
message can,1.123449721705228e+41
make model,1.0991103050731764e+41
issued json,1.0505093808714564e+41
platform developer,1.0303578222945509e+41
capacity,9.587711705484635e+40
workday,9.484335962887653e+40
user control,8.983747974705567e+40
that are,8.9401941955257e+40
web access,8.671133202681291e+40
access from,8.667350041789109e+40
for application,8.641605181046828e+40
over http,8.50882615245944e+40
advertisement,8.46005917802237e+40
royalty free,8.438868266967464e+40
regularly,8.332211672321589e+40
provides it,8.256487606489198e+40
site that,8.254217818498386e+40
refund,8.068054404235009e+40
desktop,8.060400663276265e+40
principal,7.997526984509186e+40
api connects,7.994676108706336e+40
subway,7.98763517031166e+40
format that,7.957078539452009e+40
search content,7.9245652117593425e+40
downloading,7.805714555558942e+40
creating updating,7.71482295336333e+40
for professional,7.699310207587638e+40
group chat,7.6879482670093025e+40
credential,7.64494976614134e+40
language processing,7.609872817966507e+40
insurance,7.602793434749221e+40
ai,7.592613093188148e+40
is platform,7.572296271352707e+40
string crud,7.425120958456859e+40
computing,7.286644396162004e+40
execution,7.208443672852129e+40
integrate sm,7.202821730752599e+40
mobile developer,7.064095409798749e+40
of up,6.960968126943115e+40
uploading,6.938694278607679e+40
into third,6.930391294559691e+40
centered,6.650996289917048e+40
sdk,6.556766116410412e+40
format api,6.531912421869281e+40
us both,6.506885640341816e+40
user upload,6.483453010213835e+40
country api,6.4623363987350365e+40
is provided,6.456792774080416e+40
according,6.442840692207964e+40
are file,6.268448430611629e+40
already,6.224220983995033e+40
for address,6.192295415994489e+40
for stock,6.089962658944847e+40
of local,6.056630733963676e+40
acid sequence,6.055271205842607e+40
scoring,6.011457415970983e+40
data xml,5.922736695664951e+40
file api,5.883739745561148e+40
for developer,5.875694369830947e+40
are only,5.840753312240665e+40
analytics data,5.782844801062238e+40
gbdx,5.731699657281234e+40
response return,5.698260384117163e+40
recommendation,5.64435353345245e+40
of game,5.643368425936299e+40
are restful,5.629296977286397e+40
signed,5.609351032086198e+40
for service,5.573935643880397e+40
via api,5.475335176613164e+40
through web,5.430785837306635e+40
is nigerian,5.37638871066446e+40
map data,5.373754386671837e+40
ranking,5.314556119970323e+40
also return,5.300021655302533e+40
com live,5.279978940043838e+40
these service,5.119905864619232e+40
total,5.079597238494434e+40
consists,4.98093867772644e+40
completed,4.978480023404233e+40
singapore api,4.9495088685881e+40
offer suite,4.942896126044106e+40
consists of,4.89699489321389e+40
store file,4.826795741510976e+40
used with,4.723231506727838e+40
prior,4.704786029798304e+40
data api,4.701783282527019e+40
idea into,4.659825978828847e+40
away,4.61380950015526e+40
copy,4.599632604851237e+40
maiana,4.431547954474493e+40
one click,4.402123246907546e+40
pokmon,4.3206027757920273e+40
allows customer,4.2708893726276723e+40
that defines,4.2377785084506125e+40
crypto currency,4.1984274645455513e+40
doi,4.1107552051632983e+40
with social,3.9832500512438187e+40
processing of,3.9513660517318677e+40
device internet,3.9045037950634323e+40
more roanuz,3.900973769210517e+40
non commercial,3.888292097161812e+40
pass,3.8684511431424196e+40
can method,3.8402765048421183e+40
accessibility,3.756933972535276e+40
pressure,3.6993779550517323e+40
access private,3.6387353363812113e+40
event by,3.6284141147352934e+40
through their,3.6228788629075437e+40
limited ocbc,3.6174288115735422e+40
coast,3.535899673546534e+40
information exchange,3.5303427552882707e+40
video content,3.4640169398319026e+40
wind,3.4586611889048147e+40
deploy api,3.381712707973434e+40
amino acid,3.291954072720134e+40
access developer,3.288579093267964e+40
of tax,3.2408516759889785e+40
landmark,3.2366472236466487e+40
produce,3.234099663669634e+40
cancer,3.233145923843847e+40
for other,3.232863832905792e+40
this us,3.2262255790463575e+40
google service,3.160530360465898e+40
retrieve data,3.03490610619958e+40
for future,3.020051239469796e+40
key authentication,3.0053596825728683e+40
result with,2.997018517216523e+40
maximum,2.9386798419942975e+40
user check,2.827099340155599e+40
that aim,2.781886163762195e+40
offer restful,2.7452052740814243e+40
developer automate,2.7095332608192736e+40
statistical data,2.667278467424306e+40
embedded,2.6197604803460533e+40
offer historical,2.5767239655104154e+40
testing,2.542735540229437e+40
using rest,2.529518577564192e+40
are offered,2.50493539186931e+40
data of,2.4804498438042556e+40
with specific,2.4646757508565586e+40
claim,2.453126343127932e+40
leading provider,2.364310392428746e+40
their information,2.3598370256693623e+40
database application,2.3150455782760606e+40
privacy,2.311116084756146e+40
alter,2.30697910043665e+40
search retrieve,2.299973284714842e+40
younity,2.2583949953211474e+40
allowing you,2.248192027681325e+40
symbol,2.243060625971883e+40
inbound,2.1925383382715184e+40
ruby,2.1752473903120362e+40
offer feature,2.1555722637621863e+40
click,2.1279515335501397e+40
of javascript,2.0923986399302672e+40
image file,2.0777607969753263e+40
mobile user,2.0589827877195143e+40
method allows,2.05845499670795e+40
developer build,2.0283994753751498e+40
link,2.01895909993991e+40
used search,1.9646925378616513e+40
data includes,1.9336844382488193e+40
apis including,1.9267402325260297e+40
meta,1.925575059470805e+40
video api,1.9196327349816978e+40
gallery,1.8854231429296324e+40
code for,1.8797567070256805e+40
feature for,1.853706803853205e+40
they are,1.814800211431074e+40
integrate video,1.8076206509703904e+40
geographical,1.7729233942954859e+40
rally,1.7459420314992406e+40
portfolio feature,1.7116338993019615e+40
have access,1.6943802172012768e+40
renewable,1.6728199704122283e+40
more with,1.6647897320561039e+40
user of,1.660938461964617e+40
with medium,1.623134097011798e+40
driverless,1.5967853858461848e+40
suited,1.5919512928517455e+40
image access,1.5856846484754172e+40
use web,1.551365746451922e+40
distribution,1.5440438862111993e+40
biodiversity,1.5126616407525604e+40
every day,1.5102968399437844e+40
service support,1.5011306029029847e+40
request per,1.494900504505221e+40
support xml,1.4886859349470474e+40
based software,1.484500197171044e+40
method with,1.4683242845933048e+40
focused commercial,1.432492454479721e+40
side,1.4210488211154578e+40
bound,1.4018064025791918e+40
can contact,1.3759781387813357e+40
access most,1.3724539676291997e+40
for integration,1.3418190641633759e+40
administrative,1.32899700731791e+40
more this,1.297610292015595e+40
enter,1.2925481026718507e+40
community that,1.2914302387183262e+40
service application,1.2753442107023992e+40
for enterprise,1.2676063247894822e+40
register their,1.2612455058281892e+40
episode,1.2028963253418184e+40
available rest,1.2020836893341355e+40
facility deposit,1.181196878244544e+40
by godaddy,1.1780932416981195e+40
easier for,1.1227318404557836e+40
thousand,1.1198163664596026e+40
associated with,1.109476751870068e+40
over million,1.103456612949285e+40
send email,1.093959429066879e+40
best,1.0887068845489533e+40
certificate,1.0886626372752957e+40
documentation of,1.0879669120339795e+40
created,1.0455319048748862e+40
of new,1.0432104037955255e+40
board,1.0326605027081622e+40
protocol for,1.023609366346299e+40
application via,1.0120483593132657e+40
network that,1.007699499855575e+40
expressed,1.0057557632858429e+40
meaning,9.954277960169107e+39
file service,9.903647351474089e+39
library for,9.83239032622794e+39
setting,9.787701979212962e+39
zealand,9.527098381238331e+39
goal of,9.468894259445655e+39
pubmed,9.455458081339877e+39
helpful,9.297753822517194e+39
api application,9.271177988051473e+39
can access,9.19878899764245e+39
checklist,9.114098501061609e+39
is first,9.071562037571276e+39
from over,8.993009422112251e+39
encrypted,8.934963642726946e+39
history of,8.87728330715353e+39
info,8.871525041362303e+39
player game,8.718084022196841e+39
that api,8.69728979581908e+39
more that,8.69591929404375e+39
result from,8.572345337027609e+39
each of,8.492962182670364e+39
facilitate,8.454502616713378e+39
allows them,8.410071128708539e+39
creation date,8.333193704126852e+39
individual user,8.32906976555225e+39
league ipl,8.241974111679747e+39
is stored,8.226712393819603e+39
javascript api,8.226522581008491e+39
basic authentication,8.190678532345796e+39
budget,8.12236148411148e+39
italian,8.083070675645101e+39
set up,8.068889019279031e+39
nh,8.056124590328813e+39
helper,8.04804911537182e+39
using api,7.977487224039325e+39
service such,7.910109500714118e+39
authentication api,7.870011496233764e+39
across multiple,7.860369260341994e+39
analysis indexing,7.84885692480594e+39
is tool,7.787645072530164e+39
attraction,7.773650522829282e+39
you manage,7.708920730907039e+39
news coverage,7.69759044936992e+39
functionality such,7.695681528182745e+39
can filter,7.68759574089197e+39
extra,7.681955588410543e+39
is digital,7.666737486213644e+39
user manage,7.577989523605822e+39
manager api,7.556092099645385e+39
builder,7.54334208293502e+39
api integration,7.496799190096249e+39
from that,7.476930466565457e+39
html email,7.438920741108152e+39
advice,7.42050715579223e+39
power,7.358152820228128e+39
smartphones,7.326618078398445e+39
user interface,7.28832268010051e+39
pathway,7.197036851612883e+39
developer are,7.143242584325051e+39
optimize,7.129755027838195e+39
data about,7.097158975736334e+39
api search,7.093701160778489e+39
relating,7.027078990959495e+39
brightcove,7.024732990501053e+39
feature like,6.999602571681725e+39
by individual,6.996609676850873e+39
database allows,6.963668764420884e+39
sub,6.820848851390336e+39
community medium,6.780133117866961e+39
your site,6.779297884723447e+39
extensive,6.763143310397063e+39
content such,6.751393818881082e+39
conform,6.750074469683591e+39
online platform,6.734045249541236e+39
grow,6.708532375825008e+39
chart,6.701294116218055e+39
api facilitates,6.670053036107301e+39
searching by,6.58838529514285e+39
json application,6.566997294708678e+39
system api,6.56353911074333e+39
data share,6.554472229305469e+39
categorized,6.536810015403098e+39
all other,6.523220848396115e+39
location data,6.490372120232266e+39
application include,6.490083014817473e+39
example of,6.47679854977069e+39
offer variety,6.413821909716754e+39
below,6.354775081129318e+39
access more,6.318953034844742e+39
perform,6.302256358614985e+39
locally,6.276155989923441e+39
payment money,6.22325613477448e+39
provides you,6.206463161214295e+39
database that,6.197432789728604e+39
wsdl,6.192163373469342e+39
transaction history,6.16783088082815e+39
bbva api,6.163420022592659e+39
is made,6.147074345446566e+39
their web,6.128114628490901e+39
developer create,6.091697935404135e+39
reach,6.082035609498786e+39
discovery,5.999431265332322e+39
information using,5.91137715340281e+39
collaboration tool,5.835167696427614e+39
authentication developer,5.715808634753249e+39
provides service,5.694391928370609e+39
big,5.656937802121875e+39
engine api,5.614625417854633e+39
based us,5.563277492576732e+39
cloud server,5.516573680810843e+39
this by,5.505142852897617e+39
api make,5.459140623913701e+39
evvnt,5.455721271995743e+39
is communication,5.430016783834949e+39
with different,5.3454109758216036e+39
of vehicle,5.331624662594708e+39
tool with,5.3120133271755125e+39
can connect,5.171267995983498e+39
purchased,5.1219135802150305e+39
filter,5.113412558493203e+39
people that,5.094743853965819e+39
project service,5.0511126586860246e+39
ban,4.9515905216558695e+39
project information,4.9491802723484135e+39
onboard informatics,4.94628834642449e+39
viral,4.938148551881114e+39
their medium,4.88434947564083e+39
historical data,4.8493526960849244e+39
method method,4.8407690011574984e+39
for generating,4.831071791264211e+39
for analysis,4.820600307646969e+39
mid,4.8003455171218394e+39
for mobile,4.7965775790731884e+39
buying selling,4.796371839996453e+39
you upload,4.786541028761328e+39
is complete,4.750828200552432e+39
for specified,4.736045655502664e+39
now,4.697943583736156e+39
username,4.665697626160936e+39
maintains,4.661929462958161e+39
get started,4.6144835894086754e+39
tv listing,4.5751809061396314e+39
office user,4.557284948657534e+39
conveys request,4.5423405886288906e+39
client can,4.504445658203853e+39
transaction processing,4.4961957282345833e+39
think,4.4873946599878904e+39
next,4.482802425062282e+39
website main,4.474079620196667e+39
unified communication,4.47387892804675e+39
response formatted,4.433182489029921e+39
is preferred,4.40647891019446e+39
fleet,4.388056594368964e+39
monetization,4.38355026409124e+39
availability of,4.371531088869361e+39
of stock,4.329985586109698e+39
variable,4.3288332195963594e+39
recently,4.327804746254316e+39
kingdom,4.3268368019629424e+39
magazine,4.301020500694569e+39
confirm,4.290754035774863e+39
should email,4.225240818094797e+39
conveyance,4.219263410016296e+39
from more,4.166804004390173e+39
platform are,4.1396781263265935e+39
json this,4.081486987628965e+39
currency conversion,4.0799273695124406e+39
service site,4.0788554890492054e+39
event json,4.067536421445518e+39
their domain,3.9936058479912074e+39
it will,3.970485126907559e+39
dependency,3.954398264766815e+39
authority,3.928630492653774e+39
when user,3.912073384395483e+39
affect,3.8987834744421776e+39
page access,3.8958414396257064e+39
thing iot,3.874499597648934e+39
betting,3.857465273622639e+39
currently support,3.8395368273557515e+39
digital medium,3.837336828313018e+39
from provides,3.8097420197971205e+39
main api,3.789441551865129e+39
active directory,3.787349237616786e+39
for buying,3.782458154852067e+39
apps with,3.738877956167103e+39
functionality is,3.7122184289346037e+39
application data,3.679509989418907e+39
by this,3.65851540036996e+39
inc,3.65511419412557e+39
without need,3.6499016012959615e+39
express api,3.634923848141682e+39
bluetooth,3.586240723830694e+39
about their,3.57729834818389e+39
online project,3.574310208561812e+39
based application,3.570283878513373e+39
info api,3.56694841054035e+39
of feature,3.3912877082649515e+39
effectively,3.369372211574782e+39
mnubo,3.3653804497524193e+39
looking up,3.3396752426632246e+39
recognition api,3.324625068765752e+39
culture geography,3.309905608310937e+39
existing,3.295589117485818e+39
user information,3.294910966931856e+39
of online,3.276947772716812e+39
empowers,3.230255263237036e+39
pin,3.2176312702178806e+39
external application,3.2017724653168445e+39
measure,3.163911929755694e+39
for ad,3.154713504855325e+39
desk,3.1266609464627635e+39
hp,3.047195898958355e+39
stage,3.025839445322487e+39
charging,3.0229898214154383e+39
for variety,2.9490181825487404e+39
io provides,2.9213461705194817e+39
it product,2.912084725296483e+39
canada,2.907090894028791e+39
software for,2.897327259508956e+39
godaddy serve,2.896055940688951e+39
json protocol,2.873405633200154e+39
extend,2.826145762773958e+39
skill,2.812251957361896e+39
grammar,2.8038425640772936e+39
provides interface,2.7705871632214303e+39
support creation,2.7590286529149335e+39
activity of,2.729254750088497e+39
although,2.6806567650996825e+39
plain,2.6776573873604733e+39
programming language,2.6541014239550917e+39
access same,2.649321896335071e+39
rest format,2.598391028922025e+39
can return,2.554278345274565e+39
from information,2.5200197834118857e+39
this for,2.4672655449793006e+39
scanner,2.453530797239709e+39
data their,2.3953932924505437e+39
row,2.376384776492125e+39
provide real,2.3171419943510787e+39
user api,2.3104486646140755e+39
data driven,2.2998352987753093e+39
connect api,2.2888962461737936e+39
gadget,2.2691463639639202e+39
protein sequence,2.2684041894214207e+39
is global,2.2103104614834374e+39
control for,2.2044473112235437e+39
tool api,2.198419103525433e+39
not publicly,2.1972036521060334e+39
application developer,2.1579976795699686e+39
user query,2.138617015611327e+39
user retrieving,2.119183443104615e+39
for property,2.0934914077031254e+39
ipl big,2.0825171537292126e+39
connected,2.072111793521504e+39
it api,2.044973940220522e+39
expand,2.0356676094503778e+39
endorsed,2.0098629251590585e+39
brightcove is,2.0073538496215803e+39
of public,1.9870728896980058e+39
user method,1.9784027225018534e+39
including data,1.955070650890293e+39
automation of,1.9278797550437203e+39
security data,1.9110745409110083e+39
advance,1.864474368988411e+39
request data,1.743231092470725e+39
switch,1.742139948108605e+39
resource include,1.7013350203983745e+39
news story,1.6527377921784838e+39
into user,1.6503974123318014e+39
fit need,1.6212989461019516e+39
provides content,1.6064735403159237e+39
online access,1.509827423423193e+39
other allows,1.4814668047561805e+39
azure,1.4785527236167688e+39
managed,1.4099076323257454e+39
create unique,1.3942078097447514e+39
into your,1.3635794587122713e+39
manner,1.36059153295922e+39
user store,1.2807486125201558e+39
platform api,1.2630736004792178e+39
json for,1.260018826442449e+39
inspection,1.257676562172213e+39
service offered,1.2395163570169288e+39
platform can,1.2333973687423376e+39
good service,1.2301762267162945e+39
tl,1.229276001122749e+39
support both,1.216736972433642e+39
available user,1.2033627726020298e+39
from site,1.2018407701854153e+39
produced,1.1946369517478809e+39
over country,1.1858267309157693e+39
gracenote,1.1753239600954534e+39
their digital,1.1753239600954505e+39
web site,1.156844577101641e+39
public access,1.1391672492516016e+39
image that,1.1309183665906119e+39
park,1.1238186141291703e+39
file this,1.1050354545636627e+39
affiliate program,1.103371257728439e+39
citation,1.102859003637777e+39
time location,1.0979536037844349e+39
lifecycle,1.089921389959604e+39
oceanography,1.0707440789276594e+39
with public,1.0706245610251918e+39
cover all,1.0560140321837167e+39
electric,1.034418995197716e+39
propublica,1.0270176765817196e+39
advertising service,1.0047251512788664e+39
tipsgo platform,9.986723572096667e+38
downloaded,9.900478515520018e+38
tourist,9.853462286431068e+38
management function,9.741757194615804e+38
geography,9.651049592111703e+38
expertise,9.477831801760195e+38
classroom,9.474016385335051e+38
permission,9.462914491425449e+38
user may,9.404781976098257e+38
watermark,9.361905205149218e+38
interacting,9.306518868219948e+38
with more,9.164370142877022e+38
based file,9.073552462877198e+38
encourages,9.015534776740956e+38
using any,8.948549898711172e+38
api work,8.818521736131593e+38
community of,8.786200067813879e+38
bain,8.68558399900585e+38
that data,8.645374451393603e+38
content allows,8.640971731807292e+38
prevent,8.598735218125593e+38
mobile network,8.587101074100656e+38
construct,8.512448172743519e+38
organize their,8.38075487997385e+38
also that,8.328070342498201e+38
surf,8.27219644645244e+38
industrial,8.137672628886973e+38
operation of,8.0566783292479e+38
million product,8.020422447915026e+38
of offer,7.837488914903328e+38
aid,7.761812894930423e+38
us of,7.405928910162985e+38
tt,7.355183499736509e+38
jpeg png,7.352992524342985e+38
of word,7.251755374731614e+38
get request,7.156461694523506e+38
other feature,7.039745772914132e+38
application allowing,6.987472776053054e+38
can json,6.942618545049464e+38
information image,6.934163692150783e+38
experiment with,6.933998637309467e+38
france,6.927960860322873e+38
it up,6.741988006749373e+38
project is,6.722890214849245e+38
service functionality,6.560621375668034e+38
who are,6.5204352179817866e+38
ach,6.462665100996112e+38
verification of,6.442491694443245e+38
for company,6.413350705946198e+38
provide data,6.398267334065608e+38
code api,6.3483545559365726e+38
with all,6.2893909366662125e+38
voice video,6.177674632362794e+38
observation,6.152956395118917e+38
initial,6.127182311286003e+38
quality of,6.0898223638021825e+38
service work,6.081734353521449e+38
ecosystem,6.075484009945229e+38
request json,6.034062479415185e+38
provides can,5.99939657132964e+38
personality,5.931491566931961e+38
allows merchant,5.916286628956401e+38
will also,5.903451833150038e+38
involved,5.7699587155922454e+38
structural,5.725110598201654e+38
from one,5.6645898495456275e+38
for travel,5.643949267906736e+38
their account,5.630478870656006e+38
pricing,5.509968781366931e+38
much more,5.4948416001231624e+38
from all,5.453685689453471e+38
electrical,5.4385003956777935e+38
application support,5.4345061414250115e+38
allows website,5.407944898055946e+38
create that,5.3953500497429434e+38
that us,5.392930781373549e+38
these function,5.3929206980805065e+38
medium is,5.2522799743500275e+38
is website,5.244618567543794e+38
potentially,5.173031563548016e+38
api ha,5.1598311239530025e+38
language for,5.0982594134546204e+38
behavior,5.085431131387151e+38
safe,5.00725003127113e+38
shopper,4.972552259063087e+38
comprised,4.972507839258322e+38
easy,4.940625424856972e+38
well data,4.919173502164481e+38
from other,4.908008091449662e+38
public api,4.870659038438462e+38
platform functionality,4.754972654659209e+38
any user,4.7400645046538e+38
that it,4.64333236245637e+38
pc,4.5844980441490836e+38
packaging,4.461299874546971e+38
entrepreneur,4.4158684531316595e+38
design,4.3976079632112775e+38
range,4.343775257299012e+38
translated,4.2169971802662164e+38
solution handle,4.196862982756097e+38
provision,4.154789428359362e+38
provides way,3.924858873222848e+38
french,3.921240844004647e+38
using this,3.80823018980787e+38
allows third,3.586717090097177e+38
personal circumstance,3.521901020691116e+38
allows available,3.3417527244593755e+38
provides their,3.2522270062964723e+38
advantage,3.0853000403195333e+38
searchable,3.0757463071563267e+38
developer query,2.9918247460038993e+38
existing system,2.965052867471469e+38
overall,2.9144288985644337e+38
data by,2.8759079438717103e+38
you use,2.822235977178889e+38
republic,2.736385374512484e+38
service integrate,2.723080900349284e+38
pet,2.7074320839468122e+38
content existing,2.684988421135881e+38
json use,2.6500756398443017e+38
kml,2.640925871739406e+38
rdf,2.586181293697634e+38
that aggregate,2.5627764087321294e+38
from social,2.558029340783869e+38
data sharing,2.5148308728498797e+38
app that,2.495368770080676e+38
webservice,2.4948512707975246e+38
that platform,2.4631778273647854e+38
service it,2.4377936158657794e+38
interaction between,2.380764849200455e+38
for viewing,2.3768194687351065e+38
timeline,2.3539174664832023e+38
all platform,2.3118152168518953e+38
developer use,2.284402106065178e+38
which aim,2.2497656486040033e+38
call is,2.2420576230216112e+38
from different,2.1342630754821124e+38
simplify,2.087000209170539e+38
of specific,1.980490128110301e+38
give you,1.9676679618479272e+38
ip,1.8672164237525713e+38
provides cloud,1.8655784034868404e+38
medium web,1.8521062694243626e+38
service programmatically,1.849334575038192e+38
editing,1.8445039254396776e+38
focused,1.8416958422385146e+38
others,1.826335669977297e+38
printout,1.8200913741673608e+38
available via,1.7247496514109387e+38
both xml,1.6910227823532138e+38
token authentication,1.6853818244025286e+38
feature that,1.664755023490578e+38
rest architecture,1.6166065399062782e+38
always,1.6157712902335145e+38
blogger,1.6152761143838688e+38
hd,1.6077449043940767e+38
api response,1.6069497318264225e+38
audit,1.5952153516426934e+38
resource management,1.5846277274742854e+38
component of,1.5544013273518204e+38
esri,1.5379224074416795e+38
flightstats,1.535853197697353e+38
java node,1.5328324958793007e+38
for this,1.5317179386223673e+38
buying,1.5280553371004927e+38
device that,1.5239697215695664e+38
device with,1.5213227805489718e+38
care of,1.5082552198786243e+38
site other,1.498464214111281e+38
data get,1.4721217838669236e+38
usps,1.4690659928151124e+38
is well,1.4613442754559385e+38
allows data,1.4472409046742141e+38
two factor,1.4023324909159458e+38
benefit from,1.4000932950403673e+38
adventure,1.3955578367113668e+38
research data,1.3906444697660063e+38
charity,1.3898738795305626e+38
internet crypto,1.3492621174302621e+38
is payment,1.3433949390339885e+38
app for,1.338608601172087e+38
nation,1.2917215515234389e+38
api requires,1.2771551674391251e+38
format can,1.2660051205428036e+38
of washington,1.2522763511879714e+38
documented,1.223956951804246e+38
back,1.2176056247021215e+38
plain text,1.2127295714928186e+38
emojis,1.2085434693828745e+38
service their,1.203974503872557e+38
firm,1.2023294000564128e+38
sale lead,1.197964241143926e+38
also this,1.1922749914926307e+38
security solution,1.17045596843123e+38
information such,1.1612346727420663e+38
used access,1.1409181624620606e+38
performance of,1.1341860505022747e+38
enables integration,1.1235341140545523e+38
is ecommerce,1.1152632682256686e+38
example application,1.1125441217580875e+38
access web,1.1043373117914516e+38
managing user,1.0875530031666341e+38
get all,1.0871428364178413e+38
exchange data,1.0621567248964295e+38
access much,1.0520798139003402e+38
available api,1.0439893333247642e+38
can authenticate,1.0202092712427954e+38
census,1.0150301626659933e+38
representation of,1.013730471511204e+38
calculation of,1.0016820183839683e+38
qualified,9.858022523018743e+37
database is,9.839226746809133e+37
application use,9.78255178033946e+37
video service,9.638951113052048e+37
that allow,9.251920583872072e+37
mobile app,9.102856446398883e+37
it feature,8.988388965352818e+37
shipping service,8.97534266427283e+37
either json,8.96183687684203e+37
raster,8.805614986390488e+37
responsible,8.795480078933545e+37
can customize,8.600178920177204e+37
animal,8.58204904880628e+37
posting,8.366054242180908e+37
github user,8.33469003985548e+37
try,8.3199661111468225e+37
listen,8.295609457403056e+37
order data,8.147448398508429e+37
associate,8.117280811570794e+37
national library,8.077263868722588e+37
separate,8.015969474894637e+37
provided for,7.994784003929064e+37
functionality application,7.882546607007168e+37
data use,7.82819128580153e+37
engaging,7.638800234205192e+37
method application,7.534821406478114e+37
based apis,7.52128918327059e+37
efficiency,7.359116076163307e+37
specification for,7.152210819591148e+37
application well,7.1128134449103335e+37
can then,6.969869734911532e+37
ranked,6.664982382890842e+37
still,6.545238662188575e+37
challenge,6.519935583292194e+37
file file,6.312560374135659e+37
by multiple,6.182774520426685e+37
project for,6.084924563407507e+37
site visitor,5.9505276550382945e+37
travel ecosystem,5.937323253321497e+37
api generates,5.917235660502028e+37
feature include,5.826331417785872e+37
full text,5.769304224040868e+37
interchange,5.71733324514515e+37
date information,5.450279780380983e+37
data functionality,5.416409620437604e+37
adjusted for,5.34006884765297e+37
base,5.298833097451091e+37
notebook,5.285362659729531e+37
they use,5.262504650567516e+37
electronic,5.159205472974629e+37
musicbrainz,5.118665499713484e+37
hp cloud,5.086102459971835e+37
service image,4.912141433843053e+37
ubivox,4.83307407331595e+37
event for,4.737262772386555e+37
token,4.7221245717729935e+37
developer add,4.715790883459284e+37
division of,4.6168751313909e+37
web form,4.538105613834282e+37
data managing,4.517698933821369e+37
money by,4.431358526585249e+37
hmrc,4.40656395047113e+37
service call,4.29794951336817e+37
transparency,4.188726287807938e+37
interface allows,4.171863426479327e+37
sending receiving,4.1516914880301324e+37
per download,4.139210784212466e+37
provides functionality,4.0972297236960487e+37
of program,4.0305614294856675e+37
searching retrieving,3.9993539144844048e+37
developer store,3.9931498045152516e+37
id for,3.978278935293684e+37
access you,3.956147095124333e+37
monetize their,3.9155308389346824e+37
broad,3.851833724288237e+37
with token,3.8511724018723167e+37
designer,3.697908488476545e+37
through unique,3.649333012048872e+37
service request,3.5535693038110955e+37
variation,3.551242226455342e+37
football league,3.524075557361005e+37
cargo,3.4747825217708227e+37
api via,3.4470176063391785e+37
this data,3.421209353344712e+37
with various,3.3299762406720794e+37
our api,3.3096120352528268e+37
race,3.307266110904909e+37
love,3.2845670316807366e+37
exclusive,3.260762284853211e+37
connecting with,3.2594924741982594e+37
unicode,3.2519181171319407e+37
ssl for,3.225112020952885e+37
liability,3.171652959661974e+37
application providing,3.1263925537548084e+37
data can,2.998968893818351e+37
elevation,2.997337265065248e+37
by sending,2.996701914070193e+37
recognition technology,2.935766359884678e+37
direct access,2.9052832466407235e+37
also includes,2.6819387766242987e+37
storage api,2.6595263508312613e+37
bing map,2.5087202511357703e+37
bike,2.463410486575465e+37
stable,2.4464913537777973e+37
rocket,2.3735756529418917e+37
service also,2.300042186980069e+37
include searching,2.2831109149702416e+37
worker,2.272941478622427e+37
downloadable,2.23240595345239e+37
developer provides,2.2103217571416613e+37
solution provider,2.1968573473868265e+37
institute,2.1816887361307307e+37
outreach,2.1788830770307083e+37
user embed,2.1520362958507413e+37
you will,2.1340204972979483e+37
certain,2.0916165834978598e+37
plugins,2.0858399599319678e+37
desired,2.0648168162331027e+37
available web,2.0321474056659841e+37
lot,2.024500716545912e+37
telemetry,2.0201927231445576e+37
york city,2.0014763386313686e+37
http interface,1.995592098530827e+37
linux,1.9599754029128052e+37
by genre,1.9360983742281325e+37
api include,1.9199312615574405e+37
news article,1.9063984968653393e+37
all developer,1.9025114843585104e+37
service include,1.8737095836323588e+37
information json,1.847200321596826e+37
interface with,1.8378285898137884e+37
with web,1.8347743872646513e+37
is collection,1.829214166232663e+37
white label,1.754134543862502e+37
validated,1.743115441448704e+37
with support,1.7128644147184405e+37
customer api,1.6403017568559945e+37
api get,1.625312658340882e+37
learner,1.6228112238260493e+37
voicemail,1.6185315633746078e+37
administrator,1.609144808495238e+37
address data,1.5786259134943251e+37
critical,1.5768124381630476e+37
defense,1.5710978476167417e+37
messaging gateway,1.5482692301277837e+37
service social,1.5307181100874661e+37
use allows,1.5170831577310192e+37
available information,1.4894381968813614e+37
search function,1.4890115357815252e+37
data document,1.4864805276620791e+37
application available,1.483522101422459e+37
we have,1.4711155287493605e+37
provides cost,1.4583229728038326e+37
de,1.445043719222388e+37
invite,1.4264764416061055e+37
combined,1.3460343376720913e+37
button,1.3427607184060748e+37
retrieved,1.2306239024542918e+37
message from,1.221082009200828e+37
response type,1.220174913991306e+37
offer security,1.2127068692298068e+37
high quality,1.2124954713313502e+37
trying,1.2086641604952643e+37
time it,1.1879280251482828e+37
plugin,1.1811653272686533e+37
based authentication,1.156961029662177e+37
rest protocol,1.1510298639579916e+37
pipeline,1.1484741655014926e+37
of device,1.1152769415330425e+37
compatibility with,1.0773759117041138e+37
webpage,1.0674298778975654e+37
occur,1.0178855638728404e+37
is professional,9.79279648768875e+36
your application,9.751025377126518e+36
provides protocol,9.74962590971267e+36
everything,9.609299207958862e+36
access system,9.607074117775254e+36
ad serving,9.463235718911999e+36
feed database,9.043032443276482e+36
lab,9.010554359506304e+36
for automating,8.832176591582298e+36
developed by,8.737081982523855e+36
giving user,8.572779965463806e+36
video into,8.48738627599397e+36
included,8.421512109507197e+36
cycle,8.263167631105011e+36
documentation for,8.251968281166912e+36
integrate real,8.250072800494548e+36
access via,8.102180661255092e+36
api service,8.079688463288488e+36
growth,7.928928073532881e+36
video for,7.916884357455171e+36
management with,7.86048355455681e+36
functionality includes,7.570930605327836e+36
artificial,7.540139297755575e+36
are supported,7.474828879410203e+36
avoid,7.413375106643172e+36
measurement,7.409957126675967e+36
you that,7.409926410033303e+36
upc,7.290307714310728e+36
function for,7.27190162030281e+36
instruction,7.122623709299028e+36
more it,7.020994985526753e+36
window phone,6.776706240409225e+36
distributes,6.645689167124929e+36
updating,6.577377203574155e+36
commercial use,6.463028417149146e+36
adobe,6.339984533651755e+36
for large,6.33940160690122e+36
real world,6.237124994080117e+36
service enables,6.220334422483245e+36
typically,6.017669626610338e+36
life science,5.877047782414511e+36
it enables,5.832221091168603e+36
include creating,5.760156215383025e+36
yaml,5.721576646299885e+36
of website,5.71703543345407e+36
data available,5.454179618626679e+36
access create,5.419383973251204e+36
cs,5.413391861493798e+36
extended,5.409522590023654e+36
traffic data,5.366844683825694e+36
specializing,5.351953380184823e+36
customer search,5.304811090550809e+36
black,5.228195551652837e+36
huge,5.128657547431268e+36
theater,5.053392949745624e+36
however,5.004826925318787e+36
feature from,4.973290300231077e+36
secret,4.9429484198753564e+36
share with,4.9252426187510775e+36
binary,4.8851600133893524e+36
systematic,4.8493498531967207e+36
service database,4.564290074371254e+36
statistic for,4.5630312248898473e+36
integration with,4.538359116828175e+36
entered,4.491647477730765e+36
exactly,4.428894698662205e+36
are user,4.411495290187295e+36
specialist,4.269539066447873e+36
robust,4.039292892884427e+36
with http,4.0353135562131816e+36
service real,3.9802447236915714e+36
user integrate,3.930437857504185e+36
online service,3.767690966151506e+36
maker,3.711720940938162e+36
greater,3.7071525432706165e+36
incoming,3.645488495417717e+36
company information,3.549908851738575e+36
of client,3.414016096240334e+36
is visual,3.405100389491548e+36
not currently,3.382163385617076e+36
covering,3.376122068633331e+36
target,3.3550618498174064e+36
make use,3.273662235766682e+36
edge,3.21917462561346e+36
url that,3.132087871135064e+36
of player,3.129469504746433e+36
town,3.0773837791102815e+36
with application,3.021373820138231e+36
json html,3.0133830679001595e+36
broader,2.98620980170562e+36
developer other,2.970150871591205e+36
help people,2.955586488942613e+36
is french,2.9445816861338776e+36
web apps,2.89785857902962e+36
store data,2.789091050700346e+36
association,2.78493141538778e+36
maiana is,2.772265940605657e+36
their health,2.7110653542187954e+36
content functionality,2.659728036519019e+36
portal,2.4872959102534185e+36
thomson reuters,2.459190775820058e+36
terminology,2.454635929013558e+36
be json,2.443895609161833e+36
integrating with,2.4255955284223737e+36
digitalglobe,2.40822454817576e+36
they will,2.388310688074456e+36
application request,2.1143495759194987e+36
location of,2.097573764420737e+36
can sign,1.9637168405136806e+36
be xml,1.904996633226603e+36
started,1.903609543495681e+36
authorization,1.8836019670683673e+36
api by,1.8625388441475807e+36
virtual currency,1.8469790650858267e+36
of it,1.840634236738355e+36
hadoop,1.7520577516367054e+36
developer using,1.7471653129960307e+36
developer business,1.7349044643998027e+36
per minute,1.7234968850324472e+36
progress,1.7011737846347672e+36
company who,1.6838545980838508e+36
san,1.6516219336969158e+36
provides open,1.6251805120455926e+36
provides mobile,1.6160964407090228e+36
filtered,1.6045782728802445e+36
service us,1.5952123897614893e+36
beta release,1.495114201441819e+36
automates,1.4875184682868423e+36
api functionality,1.4574251195329882e+36
for authentication,1.4486817291530107e+36
subscribe,1.442373256231396e+36
platform provides,1.410304120050026e+36
of technology,1.371055058273558e+36
tracking of,1.2800468497583007e+36
express,1.2707679110072964e+36
business business,1.2390475560370904e+36
cd,1.2265861597778179e+36
application example,1.189452703709506e+36
adp apis,1.1887730188391882e+36
art,1.169475453890162e+36
is collaborative,1.1583003207273102e+36
build apps,1.1560486630114279e+36
later,1.1242075221342004e+36
time api,1.0714939770688238e+36
service json,1.0385529215489588e+36
spanning,1.0353521028445132e+36
determines,1.0198692284630916e+36
issued,9.883213687075803e+35
auto,9.613720327065556e+35
available that,9.492646273816074e+35
persistent,9.403919016878582e+35
data set,9.381664186570022e+35
party developer,9.016593306853023e+35
network of,9.0057728547187e+35
from mobile,8.617806461810278e+35
kind,8.465472429806717e+35
petition,7.983735098260727e+35
data all,7.874069009771215e+35
application it,7.26825790430422e+35
valuation,7.056712439919985e+35
xml response,7.04281191124748e+35
entire,6.936899352086143e+35
category of,6.844475568902255e+35
are into,6.286349758808796e+35
of any,6.103143788607899e+35
abstract,5.0434588957328995e+35
you your,4.981973702546938e+35
that expose,4.943309669590041e+35
affiliate marketing,4.9305691669139504e+35
web development,4.891999087698506e+35
user allows,4.817953018619857e+35
api supported,4.8139233450886616e+35
support listing,4.808066419323371e+35
for your,4.7370922685737456e+35
user friendly,4.730316686324953e+35
text it,4.5239184335413155e+35
for exchange,4.356485938019634e+35
ring,4.305184759942977e+35
can platform,4.0824299413416085e+35
response code,4.037088181842888e+35
similarity,4.034761888744404e+35
create share,4.0331262671337044e+35
of code,4.029062857306912e+35
proprietary,4.022706064791963e+35
android io,3.972110805811131e+35
by api,3.959457633112693e+35
simulation,3.959279942267395e+35
about data,3.9214871029467724e+35
of format,3.5985800458519235e+35
opportunity,3.484247052289242e+35
archive of,3.4516066869749824e+35
is powered,3.435765063282263e+35
user group,3.3026315153347626e+35
wordpress,3.266891877927863e+35
service accepts,3.1846419314133544e+35
address from,3.109547087292412e+35
local event,2.704837117711629e+35
xml other,2.617116784658093e+35
catalogue,2.394826794083722e+35
most of,2.2294461310540817e+35
xml is,1.9067055104603735e+35
expected be,1.8138431761273895e+35
of individual,1.8041259524319725e+35
of different,1.7906012785581643e+35
could,1.7594661502414852e+35
recommended,1.753593970356008e+35
medium client,1.7535483917550946e+35
use with,1.7282737933317996e+35
user through,1.7210406914972795e+35
service via,1.6668647486770696e+35
activity api,1.6058786422314651e+35
fast,1.5747233762965456e+35
controlled,1.5600041732638055e+35
based their,1.5257485291300392e+35
data returned,1.4431082062337233e+35
data well,1.4207826784673723e+35
platform application,1.3694998255876394e+35
api interface,1.3684126098927125e+35
offer complete,1.3538657166524846e+35
demo,1.3475674784368003e+35
api allowing,1.283022581069257e+35
analysis api,1.278291159862244e+35
is time,1.249961634971016e+35
partnership,1.2156770225046332e+35
data using,1.1839227400611441e+35
you create,1.1372187217375802e+35
offer user,1.1319791570878682e+35
composer,1.1223107674699144e+35
is your,1.0669097099914515e+35
potential,1.0646502468542618e+35
commerce platform,1.016296708377858e+35
for allows,9.993603777827482e+34
receiver,9.753289192615413e+34
atm,9.557583574774987e+34
rank,8.940639380947577e+34
for book,8.735187532731705e+34
is store,8.614313713177192e+34
all your,8.455666298294867e+34
notation,8.219470702134218e+34
simple api,8.173487320130929e+34
music video,7.887325651199898e+34
epa,7.821206399884028e+34
among,7.775494670042269e+34
high resolution,7.612612761257332e+34
search functionality,7.419547047701481e+34
user by,7.121641286086904e+34
company individual,7.04786852071526e+34
conjunction with,6.981430567004049e+34
exchange service,6.9396448363737595e+34
of item,6.46572992419114e+34
transfer api,6.300768974008759e+34
reward,6.294042335126081e+34
iot device,5.886814051453576e+34
whether,5.879856540774303e+34
uniform,5.799830813978197e+34
restful apis,5.795271591747193e+34
way create,5.669452249023057e+34
allows are,5.580238135451823e+34
file type,5.268254211239371e+34
build web,5.187550130307609e+34
is program,5.174474837594283e+34
api optimizes,5.08318882254537e+34
application information,5.078221979897081e+34
any kind,4.9592079895023735e+34
diagnosis,4.92046071903521e+34
access over,4.9130549394076735e+34
additional information,4.900851479612405e+34
functionality content,4.81950052036595e+34
workforce,4.7933801385208115e+34
option that,4.6594685874452955e+34
counter,4.584461296016724e+34
publisher developer,4.4994679624448e+34
independently,4.405348878948718e+34
film,4.293663508432855e+34
with easy,4.108642585683345e+34
st,3.934885161408163e+34
stored within,3.828780499496301e+34
user easily,3.6366992257704427e+34
summary of,3.632069690899966e+34
based storage,3.5345502140823254e+34
store service,3.320977500484453e+34
for sharing,3.3068897653826106e+34
trending,3.2559309061328187e+34
need be,3.104045883216409e+34
by developer,3.0570438487927925e+34
webhook,2.9793560656668855e+34
it aim,2.92692498897459e+34
recovery,2.7572617753164506e+34
format including,2.69012637468281e+34
is non,2.633950549143273e+34
you send,2.4475424627810377e+34
method return,2.445950924717869e+34
platform it,2.3843508201677524e+34
wayback,2.287844000201096e+34
request return,2.1022737214827995e+34
many feature,2.0852230627375057e+34
electricity,2.0385905473795048e+34
format for,1.9952390745545042e+34
certification,1.9337393459355858e+34
mechanism,1.882010267483836e+34
coin,1.8811135900197237e+34
json user,1.8545720476962532e+34
status api,1.8431233112170208e+34
broadcaster,1.7595336442739923e+34
file size,1.6762730745388836e+34
content into,1.6749299063847412e+34
answer question,1.6597077706406115e+34
access token,1.6330180428239817e+34
continually,1.5925681399270385e+34
mqtt,1.5905400509783903e+34
video sharing,1.5194916268209674e+34
aggregated,1.519087726362075e+34
emotion,1.4847736492219198e+34
validates,1.47062148625652e+34
external system,1.46651710646372e+34
designed make,1.4455997899768766e+34
economic,1.419380606971142e+34
json php,1.4002005330719084e+34
extracting,1.3812705068104144e+34
trade order,1.316922501147312e+34
larger,1.3149256140167106e+34
organizing,1.3123407225615524e+34
with json,1.297672049932473e+34
mongodb,1.295445048755161e+34
allow you,1.2627158185834022e+34
free use,1.25990848154599e+34
from this,1.2515514160138546e+34
setup,1.2407370937173488e+34
turn,1.2377032837984234e+34
into other,1.2250755077176846e+34
three,1.1787327274827089e+34
sector,1.1451617408300974e+34
finder api,1.130856419863528e+34
our,1.1220858551186368e+34
holding,1.104056711691964e+34
api this,1.1008035148333638e+34
access allows,1.0986263718300354e+34
format are,1.0709331721782457e+34
hand,1.0558925667203725e+34
broad range,1.0326614148317033e+34
checking,1.0243520618894778e+34
documentation is,1.023455927971844e+34
allows it,9.966456493411074e+33
chartbeat,9.922510028687585e+33
image for,9.885782833068373e+33
add ons,9.811379709842064e+33
free online,9.790539191040643e+33
api aim,9.763452765482614e+33
manipulating,9.416758163734537e+33
full access,9.21106045291866e+33
data it,9.164195930222664e+33
for image,9.149147324905226e+33
their project,8.996861391767366e+33
of simple,8.988605302672386e+33
web from,8.965363445529915e+33
function such,8.94351685686613e+33
of server,8.127268873414191e+33
salesforce com,8.065057684407028e+33
opera,7.994893519163793e+33
api without,7.836781926606392e+33
response is,7.546751285043335e+33
exploration,6.938248163869022e+33
timetable,6.683121447939399e+33
format is,6.554544417921146e+33
decide,6.547585928491806e+33
entirely,6.531876536774219e+33
fulfill,6.526550833692377e+33
callback,6.364159765767663e+33
mailing list,6.25214059147223e+33
other api,6.183454902090052e+33
price comparison,6.145751667977193e+33
norwegian,6.103611699513834e+33
information retrieving,6.096630627377345e+33
for client,5.795731141121276e+33
office of,5.661390621805035e+33
over time,5.61812544710352e+33
retrieving event,5.565059363379556e+33
application of,5.556382996007288e+33
call are,5.554087287519302e+33
upload their,5.427596836695983e+33
financial institution,5.39594371675132e+33
id api,5.384623968903218e+33
purpose of,5.368956787951283e+33
ensuring,5.358864395363493e+33
procedure,5.355818090219417e+33
provides database,5.279934994857388e+33
rest service,5.211569682774231e+33
is json,5.191735677223984e+33
spend,5.155423128449388e+33
that have,5.090540261917795e+33
is developer,5.086661108395088e+33
press,5.06308523575012e+33
bitcoin address,5.0519340520974797e+33
add it,5.044655184512856e+33
where it,5.0078244735763615e+33
user ha,4.9962866713324553e+33
offer rest,4.987069450218716e+33
attribution,4.974490903023578e+33
selling,4.948096201857311e+33
consumed,4.866769572342289e+33
ever,4.805472199842599e+33
cx,4.796742362790075e+33
renewal,4.7966814183691107e+33
are made,4.793957471795979e+33
of both,4.791455259578018e+33
can generate,4.71041261623124e+33
take advantage,4.60506149329828e+33
located,4.539115058815983e+33
offer tool,4.5198751372215326e+33
solely,4.461333729468225e+33
graphic,4.4527917975475235e+33
api wa,4.410323018492651e+33
listing user,4.3759194834499457e+33
llc,4.35218484949306e+33
their that,4.35206914974354e+33
possibility,4.3092847928938375e+33
mobile marketing,4.3088563960577726e+33
into website,4.283132016614062e+33
that information,4.2711864848066195e+33
data across,4.2559581033714004e+33
data is,4.2417830969091925e+33
other business,4.196395231241795e+33
offer free,4.1943630511573774e+33
upcoming,4.1467685610838806e+33
user json,4.1467685610832586e+33
conversion,4.0856341086900594e+33
front end,4.025373361048783e+33
sending email,3.945353615058134e+33
timezone,3.924499138493689e+33
functionality from,3.916208910101072e+33
tournament,3.8468558207765805e+33
portuguese internet,3.8138022541044756e+33
information their,3.807554495367786e+33
api operates,3.8006956322031807e+33
available all,3.7924891917912656e+33
trust,3.755668975889355e+33
data point,3.6756802579982925e+33
additional functionality,3.660102674394322e+33
for php,3.627632528216813e+33
file application,3.5697294049765263e+33
promotional,3.55582462584232e+33
available domain,3.505796030101945e+33
functionality api,3.4937718510931276e+33
cancellation,3.439551416977566e+33
their system,3.439413424156547e+33
open access,3.33031454141532e+33
access for,3.3088296529323417e+33
developer share,3.272304900617697e+33
storing,3.262863558944566e+33
interacting with,3.2519537544133093e+33
follow,3.245285828941788e+33
ping,3.243136846483328e+33
get api,3.227414912284601e+33
through http,3.222480301507854e+33
website it,3.2141196770854156e+33
sorted by,3.192867775482047e+33
trigger,3.139740764403189e+33
time service,3.121621758678202e+33
authorize,3.0181980180496985e+33
highwire,3.013798890066759e+33
proximity,3.0010519223180895e+33
higher,2.988640747656983e+33
youtube,2.957746994245786e+33
draw,2.9576765552691754e+33
json is,2.899450378379684e+33
developer their,2.861323728636508e+33
datastore,2.85847098557884e+33
norway,2.829133640218146e+33
user organization,2.7484015365569587e+33
application code,2.741008723764106e+33
city state,2.676976930292676e+33
vin,2.6735886050231214e+33
also provide,2.6482512729669e+33
creation management,2.621852209119617e+33
pull request,2.5989726117434775e+33
indoor,2.596563862703803e+33
flash,2.5670901099828076e+33
whatever,2.5475696212982242e+33
source project,2.509679328036468e+33
through soap,2.4288787238403622e+33
term of,2.4093689377470587e+33
raw data,2.3565623127250974e+33
high speed,2.34047944100997e+33
ha no,2.337370045578937e+33
european bioinformatics,2.321512768781855e+33
uri query,2.2422333883071107e+33
data provides,2.188537439197481e+33
subscription,2.1655731363859348e+33
relational database,2.158755102408824e+33
hsbc,2.1141026038726057e+33
service client,2.095372210320049e+33
monitored,2.0401977686149522e+33
firm based,2.0338052854771638e+33
of programming,2.0125024171775965e+33
sip,2.0112236137383602e+33
archived,1.9555049636422683e+33
analytics service,1.9348997758639204e+33
directly excel,1.8984649840966955e+33
their available,1.8903757923492792e+33
call per,1.882319168576372e+33
of card,1.88192443071535e+33
chat support,1.874358420854251e+33
is information,1.8721146491445535e+33
device is,1.8683700343877784e+33
code this,1.867226771489336e+33
information event,1.8635677162586027e+33
are required,1.8311642461079342e+33
user is,1.8248581483047597e+33
that specialize,1.806749759284633e+33
technique,1.7777391329424304e+33
vk,1.7484140647710395e+33
dynamic,1.6828191466644583e+33
data via,1.6006345026518606e+33
collection api,1.5927363828839053e+33
this bain,1.5288914177468867e+33
matrix,1.5258616645527276e+33
throughout,1.488498210066946e+33
service mobile,1.4849680042373885e+33
of property,1.464335481750613e+33
of access,1.4237541929409976e+33
one api,1.321675150587191e+33
cleansing,1.3071376025628853e+33
api allow,1.300198628643811e+33
information data,1.2701661702910779e+33
data service,1.1714449442419017e+33
if user,1.1522020661252335e+33
account holder,1.1387727827810315e+33
detail about,1.1346420238194195e+33
checker,1.1183722121157486e+33
freely,1.1047360730066662e+33
data developer,1.0928200785363697e+33
is cross,1.0785406363092268e+33
your existing,1.0720666146787307e+33
rather,1.0676517461586222e+33
you want,1.066874080263976e+33
can provide,1.0646920803714028e+33
docomo,1.0553106753397594e+33
developer is,1.0542627687631717e+33
perform callback,1.0432308820444196e+33
integrate their,1.0422507812482151e+33
their using,1.0119010059342884e+33
software development,1.0040905819841764e+33
method their,1.0017258933733453e+33
data such,9.868650125814163e+32
number for,9.337950137448934e+32
is world,9.304587686643514e+32
pay you,9.026644295151889e+32
is content,8.413554074867839e+32
dance,8.400318683045186e+32
are api,8.396061539780366e+32
provides xml,7.899333284381855e+32
api analyzes,7.712719418043304e+32
arcgis,7.705095666879647e+32
time provides,7.363369208337295e+32
must have,7.356569105746886e+32
that enable,7.335870615332553e+32
capability with,7.013070869529317e+32
ticketleap,6.878023543529347e+32
website that,6.87508499331063e+32
processed,6.874013636878706e+32
enough,6.80088752098676e+32
their computer,6.702297620745967e+32
integrate ability,6.570740700251897e+32
sort of,6.253374515454436e+32
lightweight,6.132326898068124e+32
frequently,6.013770355215597e+32
api implement,5.990443937310222e+32
analytics for,5.576871085555439e+32
achieve,5.5721722969762335e+32
for can,5.458438368762747e+32
email service,5.372671025470712e+32
business can,5.300386353538646e+32
data stored,5.265434351106564e+32
you user,5.06115479460997e+32
royal,4.9452291786194836e+32
day api,4.7912365470654004e+32
infrastructure for,4.705176343203174e+32
banking application,4.7051106213163265e+32
is new,4.538518791240622e+32
can share,4.306845345090083e+32
party website,4.271734362293088e+32
mix,4.244744223450961e+32
you allows,4.243229206168321e+32
predictive,4.126323710632559e+32
covered,4.096448253567303e+32
developer service,4.0783005938337734e+32
current location,4.014275619658542e+32
json account,3.962186726798661e+32
prevention,3.924803154333077e+32
account you,3.8389651405382436e+32
forward,3.776119298248419e+32
any web,3.760097167729012e+32
content service,3.725832829703727e+32
protect,3.627283603834934e+32
exchange developer,3.5036684760831704e+32
other metric,3.485033058402195e+32
token based,3.337781524888636e+32
trend analysis,3.313146747946409e+32
exporting,3.30275789265741e+32
transport sweden,3.177094363799718e+32
orientation,3.084949820345802e+32
management their,2.9230773828031438e+32
guest,2.9011010793289786e+32
api into,2.8408299217623674e+32
globally,2.786193739775222e+32
their money,2.6281080895574036e+32
issue tracking,2.494643629705885e+32
usually,2.4570669364163517e+32
desktop mobile,2.3662421073122143e+32
format user,2.3614539519782285e+32
api information,2.358007044112437e+32
can is,2.3511334453990318e+32
using soap,2.2870628676424813e+32
site act,2.2592143877135088e+32
asset management,2.2506534847529914e+32
inventory management,2.165215659782353e+32
of service,2.1557088409720493e+32
data json,2.1549888487012907e+32
hiv,2.1526378542883902e+32
digital currency,2.1260019777926198e+32
their online,2.111945215730854e+32
detecting,2.0401519297162615e+32
property api,2.0295271957840966e+32
with direct,1.8902511497267374e+32
copyright,1.8750116982216436e+32
call get,1.874788251284022e+32
amazon cloud,1.8678786550002752e+32
of database,1.81627501736085e+32
bioinformatics institute,1.8122194119792576e+32
wa designed,1.752253110571066e+32
distinctive,1.7240227208324067e+32
allows business,1.7222053753829973e+32
provides secure,1.709502881085837e+32
technical,1.6681426210311694e+32
send http,1.6611050242857083e+32
their their,1.6609952118289988e+32
per product,1.6104126040307321e+32
utilized,1.5784986193008451e+32
deploys,1.5643571082982006e+32
for bitcoin,1.5172154430292941e+32
you provide,1.4714666212887034e+32
edx,1.470378436519821e+32
voice message,1.437810132718517e+32
user creating,1.4044015838965146e+32
context,1.2801686742697208e+32
with user,1.2273294594432586e+32
time this,1.2046501098070057e+32
validating,1.1682512800568992e+32
tool including,1.1598453024620337e+32
system which,1.1493170606894154e+32
offer collection,1.1462782779863953e+32
without needing,1.1436432845750741e+32
service management,1.1296774225254523e+32
retrieving transaction,1.1016906257904407e+32
corresponding,1.1007358359133763e+32
image provides,1.0918993667463987e+32
can request,1.0725102178518067e+32
delay,1.0716251573072683e+32
pdfs,1.061166401161317e+32
roanuz cricket,1.0330766680360725e+32
append,1.0306926971968323e+32
webknox,1.019055391719767e+32
placed,1.0140053402048368e+32
information real,1.0127392038089122e+32
composed of,1.0064482867169208e+32
of existing,9.929906568552884e+31
benefit,9.923961400558103e+31
execute,9.604635456072175e+31
price eod,9.548393798901839e+31
be made,9.388115673634331e+31
plo,9.167322541359825e+31
automating,9.082468830985513e+31
javascript library,9.079678220801767e+31
with customer,8.812899706807893e+31
reviewing,8.703601024447415e+31
fusion,8.63869001400251e+31
uploading file,8.635883656448673e+31
tariff,8.5294733318514e+31
back office,8.521159413372043e+31
openstack,8.362295318029816e+31
are developer,8.320511174413084e+31
handling,8.289403156814515e+31
tab,8.220750565836513e+31
event management,8.115841179971795e+31
designated,7.875746957855769e+31
enhance,7.839757237698527e+31
accessible using,7.737574848076581e+31
offered,7.73519820979903e+31
them api,7.653016074645999e+31
consortium,7.573381310094549e+31
enabling them,7.415695897645078e+31
their customer,7.374515400017951e+31
location api,7.248420674257644e+31
front,7.206980520599965e+31
manipulate,7.201790798728161e+31
parse,7.1751625463568365e+31
api json,7.0643799826788925e+31
multimedia,7.048944776797328e+31
basic information,7.002396204287644e+31
allow for,6.959384200998061e+31
are using,6.846651421583428e+31
open apis,6.743638100807253e+31
data that,6.70132336506355e+31
also get,6.582669289695769e+31
more feature,6.577297235414602e+31
connect service,6.426687188317534e+31
is returned,6.285887818624015e+31
of delivery,6.262783921197608e+31
data create,6.21064204742767e+31
san francisco,6.17914975501659e+31
service sportradar,6.152822930932867e+31
state of,6.108168776915516e+31
public transportation,6.014630040717602e+31
api format,5.9600925640037025e+31
of http,5.873287101160096e+31
intranet,5.842953401107277e+31
manage your,5.743809509911635e+31
booking service,5.72102252808023e+31
software service,5.664998510221604e+31
support variety,5.58285925288897e+31
web mobile,5.554839173428637e+31
operates,5.547493881871713e+31
remotely,5.434171069831346e+31
of security,5.404742639368845e+31
restriction,5.068825394804259e+31
locate,4.856594571739272e+31
response format,4.841365475851838e+31
portugal,4.41262808536909e+31
talk,4.06218938150853e+31
apis enable,3.9944756343079856e+31
allow user,3.7998134864115683e+31
rest apis,3.64224177205437e+31
information retrieval,3.4506596415074932e+31
determined by,3.178384562677994e+31
based search,3.124455603343651e+31
still beta,2.8649964674382723e+31
prospective,2.6484586735457103e+31
exists,2.5565591122373534e+31
explorer,2.4692712803599094e+31
can look,2.41623422397674e+31
lighting,2.359206082881024e+31
then be,2.1871415069869603e+31
everymatrix,2.1274312756211917e+31
application service,2.123527338107415e+31
taking,2.062370785530231e+31
other system,2.008297699290881e+31
medium platform,1.9184720757142766e+31
user call,1.9093733604136298e+31
json rest,1.7319916337007598e+31
is it,1.7264858019640713e+31
directly from,1.7255309102719622e+31
application their,1.6915817352083637e+31
weather data,1.6840341264636202e+31
loan api,1.6545962449367606e+31
developer enterprise,1.654524739255926e+31
different type,1.6168754625909807e+31
thermostat,1.5904129791351532e+31
push api,1.564430829382914e+31
folio,1.559924631729674e+31
wrapper,1.557819270956798e+31
any device,1.5468721554605167e+31
registrar,1.5375670390764105e+31
revenue,1.495442417153281e+31
you must,1.4804737438223765e+31
provide access,1.4692681665265545e+31
transcript,1.3931344482669348e+31
sale system,1.3749414174263367e+31
with comprehensive,1.3438206608349567e+31
ha created,1.3273922344687373e+31
can track,1.322309856840666e+31
markup language,1.2639965646647392e+31
http post,1.2458198949077787e+31
connects,1.233264574215427e+31
insight,1.2316820649244988e+31
information this,1.2252155845240577e+31
booking engine,1.1241264406219324e+31
transformation,1.1223966649647322e+31
user support,1.0975383103155952e+31
provides support,1.091539222990345e+31
from variety,1.0395975090014081e+31
your user,1.0324254840308036e+31
sm from,1.0248582605792223e+31
access it,1.0191172034686577e+31
software that,9.93159894997343e+30
can interact,9.700704853467387e+30
that provide,9.490949660857151e+30
discovering,9.445780870681936e+30
allows account,9.443724697814073e+30
integrates data,9.32330010522209e+30
path,8.919683223284231e+30
that this,8.742665497688102e+30
themselves,8.72026943369025e+30
apps for,7.910058720525773e+30
database this,7.757063844384323e+30
standard http,7.719277876521797e+30
undagrid,7.617930663517417e+30
main site,7.578990770991171e+30
tape,7.339408044365872e+30
cloud is,7.243448275414263e+30
need for,7.070428377734197e+30
api consists,6.978267085839254e+30
formerly,6.925904925689607e+30
quick,6.808928803385665e+30
simultaneously,6.570500994640014e+30
easy access,6.459882647864928e+30
instance,6.387106572551119e+30
add remove,6.358610292600471e+30
integrate can,6.352788497652254e+30
static map,6.195979437559885e+30
communication channel,5.985615054734666e+30
that includes,5.91527717429102e+30
scribd,5.908692361812613e+30
user their,5.724465921824459e+30
freight,5.682230502563383e+30
get user,5.596688513940898e+30
is user,5.583356663383903e+30
data your,5.55886400395685e+30
cloud user,5.549806321086507e+30
detection api,5.446771581386106e+30
cost of,5.443621301056156e+30
across culture,5.413924750465489e+30
document management,5.25701174605713e+30
com api,5.245187414974333e+30
it let,5.01084374822206e+30
site allows,4.9191687609007575e+30
their apps,4.87123385149973e+30
appointment,4.819634984956645e+30
configuring,4.502588328624177e+30
from account,4.4044071488626605e+30
is search,4.349375184874952e+30
model of,4.2991492849020464e+30
exchange of,4.289231873085321e+30
for search,4.2883613316361355e+30
gm,4.2454619193604934e+30
shephertz technology,4.232202411300518e+30
implemented,4.199923634867322e+30
finder,4.176357852999844e+30
people who,4.155079653988735e+30
formatted data,4.127120499035221e+30
consulting,4.06697251605652e+30
generated content,4.023567680774739e+30
integration into,4.0166501529965995e+30
api software,3.9709509626047546e+30
message content,3.961666048568191e+30
ibm watson,3.9580795534989464e+30
meeting,3.8987142816253637e+30
platform designed,3.815584791383148e+30
platform of,3.7208808174849883e+30
handle data,3.334691475647173e+30
server developer,3.29885319515956e+30
basic auth,3.140160848950073e+30
mx,2.857293739536117e+30
fundraising,2.7944840469804e+30
interface response,2.7793586999210987e+30
into service,2.627473777202753e+30
platform account,2.5891124127368074e+30
is domain,2.558484529290095e+30
many other,2.5350941635820906e+30
with key,2.5120741167391422e+30
used send,2.48257150667023e+30
into online,2.4776562695835408e+30
open up,2.424616231726249e+30
border,2.4215030990068332e+30
are given,2.4034386650699728e+30
converting,2.360044340309629e+30
apache mesos,2.2833677140717983e+30
quality assurance,2.1515806222032323e+30
account transaction,2.1513688558776915e+30
it this,2.0961577136372738e+30
around web,2.0235946335029846e+30
via email,1.9821710440808501e+30
access resource,1.9623316685605295e+30
utilizes,1.932613115126321e+30
acceptance,1.916280978413091e+30
of one,1.9029635784849428e+30
registering,1.8907869509309006e+30
query string,1.877797478864756e+30
developer need,1.8641855260237312e+30
currently only,1.6105442654437448e+30
enables business,1.596643894938312e+30
ha developed,1.4547600857346048e+30
of health,1.41228850336911e+30
engagement with,1.4086109442361112e+30
app api,1.286213092019351e+30
this feature,1.2776272296927172e+30
provides end,1.2155326754328914e+30
weight,1.1498862121631112e+30
ogc,1.092260695016017e+30
viewed,1.0636524777613136e+30
needing,1.0609841162222849e+30
evaluation,9.518086459436969e+29
which return,8.930106565827701e+29
based access,8.883465611484493e+29
developer programmatic,8.856375779156623e+29
metadata about,8.847375794521392e+29
integration for,8.838283090266784e+29
ui,8.42433035831278e+29
schema,8.252765786045685e+29
access manage,7.630202031799261e+29
who want,7.574463055206211e+29
livebase,7.251395041200536e+29
make available,7.185208061120687e+29
account balance,7.054322505763667e+29
user service,6.930141320012823e+29
benefit of,6.904648828234091e+29
referenced,6.828717945694971e+29
about user,6.823120574498474e+29
bitfactura,6.76692257812803e+29
agenda,6.694108923811298e+29
you json,6.683081398681734e+29
establishment,6.592106629845842e+29
can manage,6.474833720558106e+29
web web,6.43395041967926e+29
impact,6.2034018206772575e+29
only available,6.169705656150126e+29
reason,6.168963164001536e+29
big bash,6.1018004394879864e+29
access real,6.0382269397483546e+29
you build,5.968006180183647e+29
game game,5.921703886564469e+29
licensing,5.846315703159815e+29
correction,5.84422779780294e+29
meta data,5.837941749996995e+29
image user,5.832143823150222e+29
json based,5.825729940390399e+29
api are,5.797560412302245e+29
information integrate,5.684138601642204e+29
adding editing,5.6038726375036645e+29
by business,5.580742787792122e+29
up date,5.469249710157e+29
they re,5.41430630554651e+29
result can,5.392721472031186e+29
include adding,5.364165668662816e+29
for communication,5.361557353845537e+29
polysync provides,5.338336573420033e+29
implement security,5.297627580917001e+29
digital library,5.291910706375632e+29
image from,5.253578769727683e+29
of topic,5.1709715870846516e+29
travel time,5.087488534785793e+29
apps can,5.067921873329046e+29
data validation,5.065076329166179e+29
brazil,4.9927701895008834e+29
goal is,4.870506888780802e+29
increasing,4.841019941443043e+29
over internet,4.838053434662825e+29
xml feed,4.6768907150817445e+29
from of,4.6761100073637385e+29
service rest,4.6650536902790046e+29
duration,4.438175915601176e+29
for payment,4.369294440203622e+29
majority of,4.3328209687529786e+29
value of,4.294560089192605e+29
comprehensive data,4.289936677331643e+29
physic,4.1985956715670995e+29
programmed,4.105709759525186e+29
curl,4.086045020417744e+29
deploying application,3.876575757541107e+29
outdoor,3.8037193207673684e+29
process payment,3.66412783646126e+29
is japanese,3.4421870085028616e+29
wearable,3.389037931689485e+29
filing,3.341424760414322e+29
are able,3.1670835339263524e+29
feature restful,3.132063837655379e+29
documentation are,3.110264055921437e+29
software data,3.0682772122992014e+29
implementation of,3.0601764689113936e+29
poll,3.0006965887511326e+29
of human,2.9664467491238567e+29
website web,2.8895320679982706e+29
application database,2.857202739596013e+29
chosen weather,2.8457334831676897e+29
provides comprehensive,2.832681906319848e+29
tracker,2.830624240211872e+29
of current,2.8144074506347565e+29
gift,2.795687214115691e+29
search that,2.6609267277261133e+29
for customer,2.6268655113043307e+29
account management,2.577768472436993e+29
communication between,2.5676240505221955e+29
experimental,2.3900036913724837e+29
other website,2.386941732505566e+29
dozen,2.378672513583887e+29
solution that,2.3593834469620444e+29
used create,2.3118397812249947e+29
bad,2.299607467659855e+29
predict,2.2827396422362684e+29
account user,2.2769888778695342e+29
available addition,2.2743842646847305e+29
long term,2.2742900146088767e+29
developer will,2.2681515473632147e+29
during,2.2620136087993585e+29
it database,2.2607859903532606e+29
politics,2.2594820323730564e+29
sheet api,2.2495331874926146e+29
formatted either,2.2232557447256408e+29
gold,2.11288860129008e+29
year of,2.1091626144673358e+29
traded,2.063501433882326e+29
image with,2.0493989298946157e+29
documentation api,1.994430400752522e+29
help with,1.9596916549189283e+29
convenient,1.956182200683698e+29
user image,1.94891729062382e+29
of which,1.9191117532498004e+29
from data,1.909472838439005e+29
syntax,1.8780808082534732e+29
live api,1.876826548023117e+29
investigation,1.8318161633776495e+29
data more,1.7810847753325915e+29
that also,1.760226114882541e+29
summary from,1.7556109850984688e+29
creator,1.718242652549545e+29
with listing,1.7040524572542965e+29
website is,1.70200860561565e+29
transactional email,1.6350714161981864e+29
data visualization,1.6267285145389768e+29
exchange format,1.6097808353479433e+29
calculator,1.594623731158669e+29
loan advance,1.5814280040936416e+29
can work,1.5755176206664938e+29
ly,1.5285600638293502e+29
bare,1.4919206498550806e+29
is software,1.4725890790970653e+29
service use,1.4722926465464105e+29
positioning,1.4249271060147005e+29
rich medium,1.399891882306605e+29
glimt com,1.336936676361792e+29
them with,1.3161153535936177e+29
this database,1.3136479298686791e+29
with no,1.3018575100494376e+29
provides email,1.2993576696830517e+29
change that,1.2912150106145306e+29
utilizing,1.2894286296259418e+29
track user,1.2699483058902809e+29
of art,1.2442142025637433e+29
enabled,1.2396793838074167e+29
width,1.2379316410364004e+29
their platform,1.20582293750133e+29
other call,1.1640558077750184e+29
signing up,1.1622979753057347e+29
functionality their,1.1464044915220615e+29
image data,1.1346512571563305e+29
apply,1.0928718888688409e+29
app service,1.0665817160268772e+29
function like,1.0301106647593437e+29
software tool,9.721206694158667e+28
php python,9.195340918826953e+28
api integrate,9.142015921920144e+28
application managing,9.138477214648047e+28
contact provider,9.125605666457927e+28
period of,8.942473666659176e+28
role,8.913160879912416e+28
wsdot,8.859328620046606e+28
can add,8.609173853565268e+28
identified,8.542425271632398e+28
is capable,7.976114639667743e+28
over soap,7.843247895330877e+28
notification of,7.561494318674276e+28
previous,7.391189798459445e+28
with xml,7.3727429682872995e+28
provides api,7.333046135713306e+28
planet,7.215108810450269e+28
toolkit,7.077612957141146e+28
storage for,7.062576332085621e+28
instantly,6.451226564327123e+28
resulting,6.431765807638654e+28
db free,6.350352474899958e+28
market is,6.271701242263424e+28
of call,6.243225619985536e+28
company with,6.148074624297857e+28
http basic,6.119961412721066e+28
accepted,5.733622308989197e+28
culture,5.663005702088975e+28
swedish,5.6377836468429045e+28
website service,5.6222697570836764e+28
retrieving information,5.6179592932858755e+28
dimension,5.527578028478232e+28
ly is,5.475493557833708e+28
data public,5.450489598798091e+28
led,5.442774006002484e+28
using javascript,5.432449872761019e+28
their are,5.428428231356777e+28
rather than,5.421174993662381e+28
is supported,5.4176590531083285e+28
user this,5.394212337669106e+28
be implemented,5.349763829871449e+28
is programming,5.302587039655803e+28
require,5.2811858963457845e+28
user record,5.275203483182734e+28
performance optimization,5.2681615042341455e+28
political,5.2636689333963115e+28
backed,5.237232128253702e+28
car hire,5.141937674292051e+28
appear,5.1177195368614824e+28
buyer,5.068316876999611e+28
globe,4.9766910736715425e+28
provider for,4.956819933319391e+28
gif,4.828852740022564e+28
offer their,4.6768809754515135e+28
user accept,4.65549399418605e+28
option for,4.595877953561284e+28
step,4.59286895658135e+28
native,4.568870403011409e+28
other json,4.404709636357439e+28
that method,4.269438460058213e+28
application you,4.013356396429372e+28
free trial,4.008004818931912e+28
of people,3.9656518423511885e+28
engine is,3.919856285856656e+28
visualizing,3.9049713935274987e+28
allows request,3.7057283433250977e+28
sharing platform,3.5269869111112636e+28
application system,3.5065080718266963e+28
capability of,3.463802786861836e+28
from for,3.4355589741195687e+28
provides several,3.4227013101540293e+28
level api,3.2674860178275825e+28
with open,3.2258917046640038e+28
particular,3.189682298818507e+28
access content,2.994261337897924e+28
information request,2.9842474080582384e+28
specification of,2.9422062727776386e+28
message api,2.864077297178861e+28
instructional,2.783394501059978e+28
web other,2.685701486313035e+28
for programmatic,2.63184351701409e+28
developer us,2.562654654794662e+28
ticker,2.560731118383141e+28
ean,2.547722789182286e+28
nature,2.5423997091816154e+28
with goal,2.4603425922325093e+28
signal,2.4564869652538374e+28
data offer,2.3999271702770404e+28
envoy,2.3706843887111834e+28
video that,2.355419291560213e+28
us provides,2.3146733258608077e+28
their existing,2.2821269461881257e+28
other that,2.2757113322014076e+28
pull data,2.273651382977691e+28
install,2.2106164758605683e+28
is built,2.1942946409318707e+28
address api,2.148724161315302e+28
counting,2.145484064115326e+28
benchmark,2.1168838764463248e+28
data quality,2.1088850343014504e+28
miscellaneous,2.0726079834685686e+28
your website,2.012881890405417e+28
can choose,1.9999929132613963e+28
oauth for,1.9845935706295516e+28
iphone,1.9739294862804477e+28
eventful,1.9561720851450328e+28
support over,1.8837163179511297e+28
current historical,1.8728604324628146e+28
user experience,1.8451560918813603e+28
msn com,1.7970889863937756e+28
representing,1.7879592462347233e+28
online customer,1.7701583006479417e+28
they want,1.752727099123031e+28
server application,1.737034995717645e+28
of functionality,1.7074774784057774e+28
support rest,1.7052594851863543e+28
back end,1.6875113605883894e+28
product category,1.6871691546208199e+28
stock market,1.6862718116071367e+28
reader,1.6843668788525954e+28
function can,1.6831566059528113e+28
their json,1.6821172326915076e+28
more user,1.6539691504246213e+28
user build,1.6415190381324443e+28
open order,1.623831590700836e+28
such information,1.6025097415831673e+28
functionality it,1.5412930659464087e+28
analysis service,1.505553927406694e+28
applying,1.479705725439005e+28
device api,1.4380670108353927e+28
period,1.4121129771145754e+28
consume,1.3673939492409386e+28
two way,1.356252390432385e+28
provides are,1.3387541264369288e+28
business process,1.3367383556570648e+28
site developer,1.3120774655559092e+28
debt,1.2887140729411787e+28
application manage,1.2568896698256947e+28
tracking system,1.2202737655995482e+28
personal data,1.2113642231167871e+28
smartphone,1.1910405522611628e+28
is cutting,1.1572461944437776e+28
accounting,1.108779552287931e+28
data collection,1.1060980184690134e+28
free open,1.1048731031706275e+28
value added,1.1014313196489375e+28
either xml,1.0826945302843145e+28
hub,1.0438530943529346e+28
free web,1.039723349175688e+28
ratio,1.0112703910645784e+28
call access,1.0045847662628023e+28
is community,9.898621905214743e+27
success,9.89245109788829e+27
optimizing,9.694041161562422e+27
of this,9.48071613995805e+27
offer for,9.393773953575384e+27
is public,9.356771251672637e+27
food,9.259373963789466e+27
with one,8.625228096750129e+27
syncing,8.2967990873359e+27
multi channel,8.164182199443303e+27
invalid,7.695575906167594e+27
elite,7.671533222343242e+27
customer of,7.474589163414742e+27
provides detailed,7.341148597885156e+27
acquisition,7.21438975850923e+27
can take,7.016639075001699e+27
decision making,6.98651844539392e+27
developer for,6.796646710541131e+27
are provides,6.583817646268977e+27
us are,6.34012091357706e+27
application through,6.227028526821776e+27
supplied,6.223577223403919e+27
contribute,6.196405075370856e+27
apartment,5.994750701086232e+27
be uploaded,5.864080421044832e+27
report for,5.758374172330119e+27
acquire,5.746245267176016e+27
any other,5.724178686714302e+27
integrate that,5.625609424215982e+27
gateway into,5.575806303671897e+27
well access,5.421913659348883e+27
document that,5.420430500514007e+27
discussion,4.7908243791165547e+27
analytics platform,4.778326215173713e+27
australia,4.7625831328604805e+27
suitable for,4.587331226600009e+27
can that,4.459930882489884e+27
that feature,4.2340036437903216e+27
data file,4.211180176339676e+27
apps service,4.133193788069154e+27
important,4.1162982324703845e+27
it deployment,4.1111384340700645e+27
of international,3.9220599176562246e+27
us json,3.889042151021036e+27
data event,3.86895976387569e+27
open standard,3.8398413965278503e+27
inbox,3.653314506540873e+27
zoom,3.648339079557334e+27
image content,3.5016117923648473e+27
website by,3.404539834340101e+27
series of,3.328933419659176e+27
letter,3.176627367404455e+27
by integrating,3.1357363769881786e+27
of developer,3.0367455808942515e+27
landline,2.906037045779527e+27
rpc protocol,2.557027785230478e+27
speech recognition,2.422837806617025e+27
fragment,2.4186199768395944e+27
fastest,2.4011816296631215e+27
application event,2.3734781794538113e+27
write application,2.275358516588425e+27
call can,2.0805749447810844e+27
developer that,2.0252009325759145e+27
position,2.003643518677034e+27
available both,1.9254450912810047e+27
service information,1.920318948977094e+27
other product,1.9080458691714004e+27
information web,1.9074394764076475e+27
api responds,1.8905449162041351e+27
application into,1.8585428466274734e+27
with return,1.8578682400776733e+27
specific data,1.7414438491693388e+27
must contact,1.7248750130955644e+27
other site,1.6846523599189174e+27
email delivery,1.602843018180462e+27
platform this,1.599540432213486e+27
provides soap,1.540706006778592e+27
using web,1.519465214171599e+27
are you,1.4188082225868277e+27
use json,1.3260180739187044e+27
you go,1.3254967391631327e+27
own system,1.2327811039011307e+27
departure,1.2209541342857592e+27
experience for,1.2170417572403365e+27
code it,1.1910165813546717e+27
markup,1.053981669136899e+27
documenting,9.563476917518394e+26
commodity,9.501912962949053e+26
multiple user,9.493175135114834e+26
centre,9.36917230732989e+26
create update,9.335770404299756e+26
format data,8.972234402336169e+26
mash,8.967304046956997e+26
upload data,8.888871950216948e+26
user business,8.83109181098127e+26
create information,8.821702438484317e+26
based information,8.812929407672833e+26
user generated,8.683950718257895e+26
metropolitan,8.474361823021156e+26
application from,8.389753313995742e+26
applicant,8.014680006105492e+26
with information,7.551279382499344e+26
access full,7.205728754603204e+26
me,7.126117806382233e+26
pre,6.98250893109688e+26
lookup api,6.591233862510355e+26
service web,6.472452460332656e+26
protection with,6.381037103897776e+26
parameter include,6.334970043867702e+26
also let,6.256673427636583e+26
customer for,6.232415168127044e+26
payload,6.175734521784764e+26
provides listing,5.9895426166902617e+26
also ha,5.927946202596521e+26
service return,5.92175275185227e+26
account this,5.9034913877300127e+26
integrate service,5.7439411477646085e+26
use their,5.731655314689654e+26
other video,5.73115077156663e+26
all feature,5.503044585791711e+26
it function,5.4675929406827976e+26
with content,5.050955410172847e+26
regardless,4.957356963942005e+26
driving,4.881727351977735e+26
product api,4.717979923341654e+26
wherever,4.298476217682943e+26
user connect,4.106854814883739e+26
is system,4.0835480522230825e+26
fix,4.048441907278898e+26
membership,3.874398673855831e+26
file transfer,3.837952513830683e+26
database developer,3.7758246243151996e+26
service available,3.7260930311113e+26
user run,3.721437294390692e+26
me is,3.5807671977990655e+26
need api,3.4249265397692096e+26
simple rest,3.38130990072135e+26
be available,3.332065388873069e+26
feature service,3.2300703881972905e+26
emotes,3.178629249027309e+26
be stored,3.0323380660214932e+26
urban,2.8312199745168074e+26
that account,2.820819907493711e+26
other data,2.807332344176624e+26
coming,2.7819922004097725e+26
user task,2.728559196463896e+26
api available,2.6847766310343644e+26
information directly,2.6604202595742193e+26
leader,2.561648439819596e+26
regarding,2.5183402451096324e+26
user automate,2.509957599308271e+26
determined,2.4400083369524216e+26
account developer,2.3773586996091726e+26
improvement,2.3422181588767865e+26
product that,2.335114365295301e+26
four,2.3114447770334982e+26
database api,2.3089282690030092e+26
piece,2.2658519040523456e+26
are information,2.2164462512669956e+26
data resource,2.1934914610201905e+26
additionally api,2.1921476081664782e+26
vocabulary,2.0447232838125976e+26
restaurant,2.0357652517816238e+26
open platform,1.886630591905506e+26
chrome,1.8839685384210213e+26
of metadata,1.8592545189606735e+26
available more,1.7406464766819727e+26
notify,1.701572800518868e+26
resellers,1.6471840700935416e+26
use soap,1.6358989122318303e+26
management solution,1.6314014670515632e+26
their friend,1.6303931029108887e+26
this other,1.4796320085053224e+26
allows us,1.3619363430396424e+26
online application,1.26610647355211e+26
application image,1.2443948969828811e+26
text analysis,1.2421637383153539e+26
using either,1.2206929923129665e+26
through use,1.2099193380037102e+26
beagle,1.1595653755656184e+26
hundred of,1.1413208954468805e+26
planner,1.0505305544198275e+26
video mobile,1.030936899594233e+26
made available,1.009973638793303e+26
enables you,1.006057138825065e+26
provides image,9.953890248753418e+25
access functionality,9.933660172999536e+25
creation of,9.881329815009048e+25
date range,9.770191473737132e+25
send request,9.397819126381437e+25
file developer,9.161686312289e+25
medlineplus,9.135582126608527e+25
by other,8.825603510212454e+25
announcement,8.429117034708944e+25
expose it,8.372287811099985e+25
into developer,7.652891566521093e+25
outbound,7.191474369529265e+25
nigerian,7.021185237022019e+25
data other,6.804744017162464e+25
method can,6.658917286035238e+25
student information,6.577004102147573e+25
update of,6.5759909619343105e+25
construction of,6.2927098295954745e+25
intent,6.078340363615636e+25
wi,6.005852642322731e+25
generation of,5.976379098067201e+25
up with,5.956870900032896e+25
developer easily,5.765388575734446e+25
continuously,5.6765208265088115e+25
search tool,5.581524349888626e+25
platform mobile,5.492381122339705e+25
can allows,5.482115411570633e+25
are currently,5.18104295040531e+25
data either,5.140356912708285e+25
public service,4.866701139270901e+25
organization manage,4.727508097557394e+25
provides set,4.537960814732768e+25
touch,4.3573091125855015e+25
use application,4.226252431935507e+25
json service,4.223340840987555e+25
heavy,4.214917813324327e+25
content via,4.102650706422627e+25
platform build,4.032831145194599e+25
universal,3.957269273020736e+25
breach,3.927030070361188e+25
suggest,3.81843503185987e+25
api their,3.657530443326694e+25
access customer,3.5033082443449264e+25
world of,3.4500839032117075e+25
method api,3.3830285376094975e+25
tier,3.372095588077029e+25
digitized,3.2966159102549074e+25
stand,3.260817651839865e+25
site data,3.212227213488122e+25
video medium,3.1437378681233423e+25
not require,3.126557508751922e+25
their this,3.122641106082069e+25
application allows,3.109494462548962e+25
access many,3.018432623549298e+25
image are,2.959873977171881e+25
xml web,2.8892979339905587e+25
analyst,2.837915175278312e+25
remain,2.8341057824231057e+25
apple,2.6710369380041783e+25
include listing,2.6391316731815247e+25
through series,2.5943771903817134e+25
that may,2.442477118221368e+25
noise,2.3674908869027983e+25
eight,2.2616200282133514e+25
named,2.2519912140036475e+25
governing,2.203093937963329e+25
developer get,2.1589505400875434e+25
verb,2.1076180546007085e+25
information with,2.0943638882794975e+25
xml based,2.0767758788459916e+25
fanart,2.071294468822704e+25
virtually,2.0021977346661488e+25
us include,1.9386582793606743e+25
for many,1.9286586476432249e+25
you integrate,1.9001157216896662e+25
of datasets,1.8322138592461006e+25
basketball,1.8068281486846736e+25
cloud for,1.7975335731095159e+25
ensure,1.770900274249194e+25
rest can,1.7558581198613382e+25
starting,1.721549721991729e+25
remove,1.7033109145545766e+25
blackberry,1.6966845400971613e+25
csv formatted,1.6952339600036225e+25
then use,1.6938851907264024e+25
other developer,1.6906310754358095e+25
middleware,1.6864227738794885e+25
their time,1.6763663627547337e+25
is independent,1.665931892645636e+25
rate api,1.6105582072688785e+25
connect their,1.6001826707301073e+25
support user,1.5842715421885658e+25
authorized,1.5759678811028253e+25
opened,1.562419913827471e+25
postal address,1.5605699770868465e+25
secure connection,1.5513126275405383e+25
most common,1.5438777010063641e+25
data you,1.5232709306107676e+25
access is,1.5229631502298868e+25
assignment,1.5015286337914655e+25
developer request,1.476101079346371e+25
your time,1.446389512597127e+25
offer several,1.4365427253891076e+25
queried,1.3948178604463e+25
service apis,1.3460392139842187e+25
merge,1.3416783840676206e+25
allows management,1.3378788187511114e+25
for domain,1.3142945455052395e+25
io with,1.2988256503852096e+25
technology service,1.2485480824073882e+25
access provides,1.2354550795594118e+25
least,1.2294293126044984e+25
optional,1.1861345287856311e+25
affiliated with,1.1295251982604507e+25
working with,1.11815947811146e+25
multiple sequence,1.0660211884138484e+25
reuse,1.065600873087953e+25
can implement,1.0471627311777571e+25
halo,1.031339651964251e+25
developer developer,9.732138844393414e+24
data capture,9.626207256160602e+24
via http,9.422044850685747e+24
information information,9.277514031196964e+24
is fully,9.20624474170327e+24
can see,9.077615047456651e+24
socket,8.940836527989081e+24
registered user,7.842627348796185e+24
sustainability,7.811160013597974e+24
of station,7.67410861376439e+24
using simple,7.505726504404002e+24
visual content,7.454932863463824e+24
database are,7.184851059916765e+24
help them,6.87228691189555e+24
of app,5.977285700609818e+24
friendly,5.7017439750414e+24
for authorization,5.68238252436154e+24
user get,5.61264270415119e+24
while,5.412335411492052e+24
evolution,5.386765122217041e+24
application which,5.212053426731692e+24
sensitive,5.194383568424484e+24
screenshots,5.13766055818341e+24
presented,5.10015212991382e+24
detail of,4.974856175103541e+24
shared with,4.956827467742397e+24
it own,4.900959319731493e+24
ll,4.882435015732776e+24
available apis,4.729432300001471e+24
for city,4.4294586290911847e+24
command line,4.302463498104581e+24
of national,4.2057671987974224e+24
other available,3.8369660297551537e+24
method json,3.80641192334315e+24
provides event,3.8059805704422904e+24
this user,3.7716149341613323e+24
device data,3.7215360069384977e+24
star,3.7182115700193896e+24
tracked,3.667179578009087e+24
plan for,3.6346318553111977e+24
with website,3.592421043485141e+24
platform other,3.4410203292812947e+24
report api,3.40371668887914e+24
ocbc,3.3048874042675946e+24
validation service,3.193789042677994e+24
key api,3.0328077544655945e+24
available application,2.8989722368001137e+24
software solution,2.842889787525238e+24
that connect,2.7805473693967047e+24
this search,2.777784863519106e+24
wholesale,2.6622650846891074e+24
bucket,2.631835456244027e+24
file for,2.61106360670278e+24
is german,2.461452010001486e+24
record for,2.4609143526411603e+24
address is,2.4176874859534528e+24
event with,2.4101151627893328e+24
average,2.3425774313981287e+24
exclusively,2.2887770169810207e+24
offer platform,2.2618636660670683e+24
it are,2.110478294391157e+24
data real,2.0632358928713196e+24
where user,2.004436628798661e+24
visualize,1.9171560385603572e+24
user from,1.8913714244866798e+24
sdks for,1.7826861591950766e+24
printed,1.7469544452879267e+24
trail,1.7275983433659722e+24
closed,1.6532676639319136e+24
api includes,1.6114826087459616e+24
interview,1.5879415104321772e+24
custom application,1.580281286734817e+24
view edit,1.5410564525894087e+24
is travel,1.4945916187417645e+24
travel provider,1.369117009883716e+24
ebay,1.3553033247488082e+24
site application,1.3275430509905935e+24
cross,1.2772841572604685e+24
that json,1.256358354903713e+24
minimize,1.1955973893818639e+24
chat service,1.1442763152162411e+24
create is,1.1213944994789075e+24
partial,1.111690249024012e+24
this soap,1.0996030794832733e+24
app developer,1.0988648835715582e+24
listener,1.0965047411457875e+24
can easily,1.0950193646451872e+24
tour activity,1.0845289050598532e+24
get their,1.0710172414627911e+24
include sending,1.0493455362795002e+24
account use,1.0302608952349067e+24
is retrieving,9.63707426668782e+23
access website,9.58493757637208e+23
built by,9.462845849224909e+23
having,9.200961357438552e+23
projected,9.158633101164618e+23
lower,8.536700713358345e+23
snapengage,8.095960334825916e+23
configuration for,7.92481693108057e+23
for different,7.575378472057259e+23
converted,7.500975063547029e+23
notice,7.105938079048541e+23
business intelligence,7.051719805431841e+23
full functionality,7.028456857180862e+23
provides method,6.795653844628402e+23
modular,6.564472240760753e+23
fraudulent,6.559671889796959e+23
nudity,6.48494631802949e+23
kubernetes,6.363017054895198e+23
quickly easily,6.334706394358287e+23
management of,6.303996089700696e+23
sparkleshare,6.119242600061118e+23
business owner,6.101740962864989e+23
incorporated,6.047027244120016e+23
device application,5.957106114898744e+23
location for,5.882894372638511e+23
user device,5.6864643699781265e+23
that their,5.610009468603833e+23
lift service,5.3536753187115015e+23
mind,5.310439987213797e+23
high volume,5.252536779848636e+23
category such,5.192066430851189e+23
is self,5.1683301095800476e+23
bridge feature,5.149881071638195e+23
from international,5.122886721442457e+23
ten,5.010811963419539e+23
usa,4.900113255068485e+23
currently available,4.74254729278953e+23
call service,4.702346006101582e+23
deploying,4.6236456498857644e+23
using standard,4.6227606267175804e+23
their cloud,4.57272628437775e+23
also enables,4.459265442543871e+23
allows information,4.458368640761556e+23
json method,4.393170125958399e+23
platform is,4.38095136600528e+23
dispatch,4.332082542145289e+23
vital,4.2900061786712074e+23
is limited,4.273942770353506e+23
can rest,4.272540108212167e+23
streamline,4.2710319262241487e+23
semantics,4.190978419519962e+23
audio video,4.175076474430257e+23
for complex,4.031097207802558e+23
reality,4.015940468716332e+23
personalize,3.9920770700946165e+23
are used,3.790504124728645e+23
website of,3.669666502649665e+23
participant,3.6218164841783894e+23
fill,3.591183076356107e+23
social service,3.548841594628055e+23
can order,3.4252712116852186e+23
their database,3.379494531006302e+23
interest rate,3.3129890650724205e+23
will need,3.2949521234104754e+23
server api,3.281179136241429e+23
are all,3.262366971836901e+23
one for,3.13175670119923e+23
website programmatically,3.1242685472246246e+23
data application,3.1036352407314875e+23
of allows,3.066264413917833e+23
power of,2.9724946930365896e+23
call xml,2.9605005282675455e+23
response this,2.9518710263869322e+23
more data,2.9484401277099933e+23
day stock,2.8658155511502602e+23
their mobile,2.8348110210154046e+23
gas,2.796420616771759e+23
your allows,2.6675924178807968e+23
characteristic of,2.6108737198332652e+23
geographic information,2.5825386482372176e+23
application are,2.5639815588207717e+23
website data,2.5399853430909145e+23
post pay,2.430866862449843e+23
software company,2.3549957900197938e+23
conveys,2.2976616710229368e+23
cloud this,2.2860220191760306e+23
parameter api,2.2704960024408347e+23
system this,2.147385163859806e+23
name api,2.142747053149674e+23
sony,2.0959140132440345e+23
any developer,2.030292228328187e+23
get method,1.962601572452455e+23
changing,1.920965360916737e+23
information provided,1.9093993524762017e+23
request uri,1.8865351684160224e+23
can store,1.7510341870277884e+23
integrating,1.7036748422437302e+23
contact information,1.6773696380826918e+23
performs,1.643627183567762e+23
begin,1.6401166434924354e+23
gsm,1.608383521863557e+23
should sign,1.5687721793334523e+23
may include,1.5581834927353575e+23
access application,1.54735646636383e+23
provides more,1.5229629229036745e+23
can other,1.5044364545522837e+23
looking for,1.4997788050996581e+23
originally,1.4103768883895888e+23
for request,1.3761358256544126e+23
machine readable,1.2769497851209382e+23
trace,1.2684869518278453e+23
content image,1.1946132668946697e+23
application around,1.1631176420743494e+23
built top,1.1142000662569853e+23
autocomplete,1.0724440713371634e+23
us data,1.0490548487764016e+23
consisting,1.026626123266162e+23
anti,1.0242286957943026e+23
create account,9.808490285131611e+22
see api,9.38379881612137e+22
create edit,9.038058520182276e+22
land,9.025371453921875e+22
conferencing,8.852608177682897e+22
user take,8.76249096937641e+22
of method,8.548499092939749e+22
service storage,8.514348555711219e+22
cell phone,8.413269085686586e+22
logic,8.166030771495505e+22
for development,7.892067869112497e+22
of protein,7.75685353458267e+22
kiosk,7.747191232632498e+22
us application,7.724545047221302e+22
nutrition,7.656694561759289e+22
movement of,7.6224004634876e+22
interface is,7.609891157146256e+22
resource including,7.44313505780036e+22
key are,7.356457343123273e+22
it help,7.23573442011119e+22
from available,7.170264313379637e+22
inquiry,7.103453669109007e+22
referred,7.06373887201319e+22
bitcoin cryptocurrency,6.9560723959199014e+22
producer,6.426098062253431e+22
keyword search,6.204711231999761e+22
request this,6.1477351161540706e+22
insight for,6.122876297122066e+22
make api,5.836066461189439e+22
aim improve,5.714997753816459e+22
any computer,5.433859256679708e+22
lifestyle,5.294181309323821e+22
by time,5.27324734963659e+22
reporting api,5.074166778573062e+22
taxonomic,4.92193970086475e+22
near real,4.503465380689555e+22
come from,4.259340640081639e+22
calculates,4.251881829953115e+22
application main,4.183824162654257e+22
is personal,4.122896790410179e+22
use http,4.0017131246801325e+22
image based,3.833133233773631e+22
weekly,3.7642488785294596e+22
completely,3.6223725799630627e+22
include managing,3.424488519154087e+22
unlimited number,3.0934167796146787e+22
country region,2.963987107946806e+22
application functionality,2.882144650844102e+22
document from,2.863484952785471e+22
internal system,2.787888398608122e+22
market price,2.7442327708356586e+22
this access,2.723161384924396e+22
help business,2.6836533597045415e+22
behavioral,2.631363026953788e+22
that work,2.5213833160495563e+22
transcription,2.449459180124463e+22
secure communication,2.3831335964810636e+22
api automates,2.3515981645975313e+22
offer high,2.320602699908259e+22
api feature,2.307981815240767e+22
time chat,2.296848873464886e+22
musician,2.2571848796123064e+22
livedrive,2.2108518794307882e+22
device management,2.2047274905102126e+22
blue,1.960768496884334e+22
user use,1.909023803206599e+22
constantly,1.8982464094638784e+22
from method,1.891970095429272e+22
handful,1.851499538988716e+22
call that,1.8490221358530953e+22
platform allows,1.8098267044100438e+22
are application,1.7972323215991493e+22
barcode,1.7765774877806821e+22
provider with,1.7651807053954146e+22
by request,1.7337536384062036e+22
their google,1.6367343599547316e+22
new user,1.592208175324689e+22
is still,1.5761475779186964e+22
seismic,1.5420556252701503e+22
json provides,1.5215313083029843e+22
pay for,1.5119872407029215e+22
height,1.4792186187477739e+22
serve open,1.4486040815856668e+22
of system,1.3849544229832953e+22
are service,1.3810373099229425e+22
use platform,1.3728216823759502e+22
different sport,1.3448903879481486e+22
include ability,1.324867672952963e+22
available you,1.2971988580895147e+22
allows integrate,1.2578314240681964e+22
event service,1.2367656404451762e+22
medium api,1.2206518624983842e+22
if it,1.2140119901661456e+22
method such,1.1639738437216242e+22
where they,1.1236532146960742e+22
for online,1.0797098560186558e+22
market information,1.0723954836519646e+22
can information,1.025912494381522e+22
allows of,1.0223466180273599e+22
more website,1.0152599090478136e+22
service format,1.0063516405423772e+22
search method,1.0017201085353025e+22
other platform,9.722781408445403e+21
information that,9.682679639737176e+21
business data,9.207758945179978e+21
deletion,9.206470500924947e+21
available database,9.087048234958215e+21
is document,9.05282263599131e+21
xml access,8.940797494673791e+21
offer cloud,8.907181390143716e+21
user us,8.626430757581109e+21
for file,8.532393319695712e+21
orderbook,8.298953205387848e+21
offer service,8.118799993775623e+21
database can,8.114554932299927e+21
promotion,7.893996523723566e+21
offer online,7.702208877593449e+21
account it,7.681743845358208e+21
customer data,7.658354613380665e+21
state government,7.495725814089961e+21
contributor,7.383065690771935e+21
platform json,7.280646508729919e+21
vacation rental,7.031062293723046e+21
create api,6.989335618591168e+21
rendering,6.670389767767811e+21
final,6.663452233136286e+21
online is,6.629717720155169e+21
individual organization,6.225838799704985e+21
are retrieving,6.008029554580568e+21
broker,5.976506524546898e+21
enrich,5.93743053307171e+21
service all,5.830467756510067e+21
user quickly,5.804495717283255e+21
for json,5.754265753307184e+21
of them,5.671420882172909e+21
allow retrieval,5.662368966613295e+21
of apps,5.593949470281688e+21
expose this,5.456864561814551e+21
offer from,5.449313811142937e+21
content search,5.416225292883813e+21
service platform,5.351361874422535e+21
actionable,5.321263609753484e+21
database access,5.251474063886412e+21
saving account,5.248702498117054e+21
locator,5.245012956095881e+21
api ensures,5.172452422082791e+21
portfolio of,5.128023479888999e+21
predictive analytics,5.048518250037982e+21
designed support,5.043911028565775e+21
social medium,4.811759996430272e+21
once,4.731309325802667e+21
golf,4.723295237979308e+21
system lm,4.6887049243885117e+21
retrieving managing,4.3865336106968893e+21
designed provide,4.385495502404118e+21
mtx,4.3157122392369974e+21
decorate,4.2360302424386605e+21
marketing email,4.2280734391518573e+21
application management,4.150970385631297e+21
access multiple,4.1308274658553307e+21
process of,4.083128811191592e+21
conversion rate,4.06586321009191e+21
protocol that,4.051934386448231e+21
breakdown of,3.9436236142259313e+21
information it,3.864287606008901e+21
feed that,3.818732880641183e+21
by id,3.797427493019076e+21
thousand of,3.737612111045824e+21
getting started,3.599968271265878e+21
email text,3.53744879470585e+21
resident,3.490111520199626e+21
respond,3.484813920946197e+21
mean that,3.430207328742975e+21
directly with,3.399422450598276e+21
irish,3.3745455112379223e+21
synchronization,3.257916139127459e+21
browse search,3.203334150265572e+21
spec,3.199481279601934e+21
platform data,3.124371712458961e+21
code that,3.1129771237568235e+21
mp,2.969091457844742e+21
property data,2.958922350532161e+21
rapidly,2.956332049043409e+21
user add,2.846063227312126e+21
modern,2.7794248593996875e+21
empower,2.6932779069216753e+21
render,2.68616281648568e+21
importing,2.6815026909756654e+21
england,2.667541578595794e+21
with google,2.6510380023909607e+21
information database,2.5898813541435614e+21
order get,2.5081936688456144e+21
other content,2.46080405479223e+21
migration,2.3674873537526267e+21
user share,2.2957092609947567e+21
with db,2.2248422404668038e+21
advantage of,2.208105871132215e+21
submitting,2.195579228578824e+21
ca,2.1852454318394646e+21
their app,2.1432364971782937e+21
approval,2.1230557363369324e+21
web for,2.1099562303154865e+21
trusted,2.1098118521388765e+21
support specification,2.0777769291580113e+21
metadata describing,2.062677556259565e+21
metric for,2.0566538350615365e+21
ongoing,1.956338057891414e+21
iban,1.9148871544570905e+21
source mapping,1.8930996527623976e+21
digital financial,1.8733607837399953e+21
get order,1.796785407068648e+21
piece of,1.7936004114405772e+21
allows that,1.7549073262528354e+21
data online,1.7410636487951222e+21
web server,1.7287101463676175e+21
is secure,1.7262722788307776e+21
round,1.7150132836966867e+21
avatar,1.6829987327787648e+21
it come,1.675921634580286e+21
distribution of,1.642318528604247e+21
development tool,1.637999828073355e+21
for place,1.599306649624288e+21
into data,1.5921436813302198e+21
beyond,1.4427515735557134e+21
contact list,1.4198924249403758e+21
into mobile,1.3891695042974924e+21
flow,1.372744574128344e+21
from from,1.322831158017567e+21
via xml,1.2925249624487098e+21
provides public,1.2566014427965164e+21
from api,1.1537604232280892e+21
clean,1.121468757857156e+21
crash,1.1146878610978379e+21
parameter for,1.1003935759122009e+21
catalog of,1.09033393582039e+21
xml full,1.0739741220100276e+21
xml are,1.0675928092943222e+21
user response,1.0329848556499028e+21
through website,1.0145469665566306e+21
with minimal,1.010302445307807e+21
tracking service,9.962188176903198e+20
asia,8.895596768299605e+20
easy for,8.895596746478918e+20
management allows,8.511258350379161e+20
parsed,7.694974926131182e+20
are your,7.465211432778811e+20
payment for,7.42540983288791e+20
of open,7.04346422994167e+20
address for,6.929840380812035e+20
http format,6.808651049923042e+20
text search,6.760587913286023e+20
by service,6.7092863842367e+20
depending,6.667708042094304e+20
from file,6.66503748218812e+20
json create,6.633675060908373e+20
popular,6.532369670835793e+20
managing account,6.472686370583393e+20
of detail,6.303350338872375e+20
viewer,6.219422740516902e+20
based user,6.206571850139033e+20
provides all,6.173291942581232e+20
large amount,6.168166102841414e+20
is end,6.148910885691223e+20
offer information,6.102578214465161e+20
syndication,5.676129464751427e+20
developer of,5.649188028450306e+20
allows apps,5.647586371772888e+20
get your,5.567915709390176e+20
estate agent,5.35914725986822e+20
unique identifier,5.3342675078397795e+20
provides function,5.322055691197013e+20
available is,5.1662774312042666e+20
your app,5.131965368327487e+20
nosql,5.0004315871285975e+20
can pull,4.909594760042522e+20
emoticon,4.866641299438825e+20
summarizes,4.58841029505952e+20
allows can,4.478038476891742e+20
spanish,4.2977282552091954e+20
personal information,4.211449450249398e+20
this cloud,4.146837682781342e+20
result of,4.049335772324586e+20
client side,3.64249208416513e+20
can get,3.5023591009252055e+20
api utilizes,3.2783258000879105e+20
data integrate,3.2489902022594245e+20
your that,3.179411059541793e+20
developer from,3.170206309526766e+20
administer,3.14693199474065e+20
result for,3.1419250829606565e+20
paste,2.9973616777214466e+20
with continuous,2.974995834637226e+20
crime,2.9058643750071756e+20
pool,2.872787150301829e+20
are online,2.8046371771919604e+20
site it,2.7092095666800145e+20
data analytics,2.4924383567806507e+20
available method,2.4920177945136798e+20
resource for,2.4488386331859508e+20
friend family,2.4042835493896965e+20
be application,2.3898660786784918e+20
based can,2.364705931582301e+20
of more,2.3586772843026206e+20
protocol return,2.3546473599383113e+20
is automated,2.3200375525670912e+20
individually,2.2762088449787966e+20
for publisher,2.274852966697155e+20
backend service,2.2629337262626236e+20
offer web,2.2589343487820995e+20
msn,2.2495523428598812e+20
for digital,2.22032221831673e+20
other access,2.1982998047950134e+20
cultural,2.123084937563687e+20
postal code,2.0752776613965332e+20
you with,2.0676240184902025e+20
site content,2.056647327098232e+20
order information,1.971323276399156e+20
by customer,1.9641907064451835e+20
for testing,1.8992919352523633e+20
business user,1.887754345500021e+20
francisco,1.8283315387485114e+20
it application,1.8134367509483015e+20
iso,1.7202188875652596e+20
api simplifies,1.6862545721380395e+20
wms,1.5930480039901105e+20
that service,1.5881341838457225e+20
record api,1.5370253774986435e+20
verisign,1.5156459790948807e+20
video encoding,1.5102491581045424e+20
by user,1.5089793006709185e+20
based bitcoin,1.5065439079326394e+20
service other,1.4565120075703293e+20
query api,1.4362207886002402e+20
response api,1.413326026187697e+20
profit organization,1.3661759066808862e+20
network for,1.3566059499212205e+20
access site,1.3484271899196619e+20
expanding,1.3268845114678028e+20
domain api,1.2920515028048218e+20
gosquared,1.2917417604814109e+20
allows company,1.2222211067303361e+20
request method,1.2059312368617995e+20
nascar,1.1974782120348598e+20
financial market,1.1897785488801836e+20
use your,1.0889379458492023e+20
use developer,1.0674159980454556e+20
user google,1.02858379093697e+20
message with,1.020600371295679e+20
more can,1.0123608496321044e+20
information more,1.0033677338220821e+20
look up,1.0006966014886758e+20
method that,9.927638477332986e+19
medium site,9.69077092671647e+19
for curl,9.360266407284716e+19
user engagement,9.130374692698006e+19
user mobile,8.785494286045589e+19
with email,8.703092458365288e+19
basis of,8.652149542491908e+19
delivery status,8.326857982368339e+19
bitcoin litecoin,8.312719908478829e+19
business organization,8.205381164127419e+19
king,7.92571850841953e+19
when they,7.833198000452765e+19
service they,7.690387965915275e+19
network api,7.616462590842182e+19
exposed resource,7.578584657881658e+19
size of,7.518804349568383e+19
plus,7.466603432359073e+19
information content,7.447540133954204e+19
by title,7.447054448574148e+19
iaa,7.322720528970784e+19
exceptional,7.167540542531759e+19
abn,7.0993164754822816e+19
protocol help,6.4950102586211885e+19
system of,6.252248832565759e+19
deal with,6.250997494492681e+19
provider can,5.949389495918613e+19
integrate information,5.941370304316166e+19
search information,5.761444328497581e+19
video audio,5.463637483475922e+19
access domain,5.3986225094370345e+19
before they,5.306930228653424e+19
api currently,5.1706681865355805e+19
ground,5.157708220043273e+19
information search,5.0314275237606556e+19
numerous,5.012853069208996e+19
access property,4.979832207270419e+19
today,4.971846385435398e+19
provides for,4.900771474531732e+19
update delete,4.871047395002965e+19
non bank,4.8507614325575295e+19
available other,4.6955543065033e+19
content user,4.658048026055957e+19
asynchronous,4.514481139426811e+19
provider whose,4.513984456966955e+19
value from,4.508818861009592e+19
health user,4.263376051147121e+19
rest authentication,4.211294045103487e+19
mashups,4.1508124710028616e+19
platform platform,4.150060195803887e+19
data retrieval,4.050981684744176e+19
sprint,4.037192058456136e+19
api accepts,3.802386900190905e+19
global travel,3.755563632121965e+19
provides provides,3.6819891556167602e+19
emergency,3.6228734152559133e+19
document are,3.583993853901976e+19
more more,3.564727876793851e+19
historic,3.343603694725452e+19
help desk,3.280477870008836e+19
format request,3.2578802959935513e+19
with amazon,3.2078850609546514e+19
available online,3.200815169301433e+19
with file,3.198899284677631e+19
event more,3.195580264140972e+19
outcome,3.186193240097309e+19
request retrieve,3.180367457398101e+19
distributor,3.1221286514312876e+19
all information,3.111659612858867e+19
textual,3.0575029518036287e+19
television,2.9485988968087364e+19
british,2.8946722159042384e+19
also are,2.7596804360333144e+19
capability into,2.7522404468353323e+19
access platform,2.6781189351907766e+19
google apps,2.667430888162594e+19
file that,2.665442558687048e+19
website access,2.639342402384884e+19
recorded,2.612642174751183e+19
of request,2.6067874345638277e+19
receive message,2.5974020898788123e+19
collection data,2.4786038582490395e+19
these tool,2.4193696987690676e+19
classification,2.3870602843875295e+19
data allows,2.337247673580682e+19
this system,2.3285029633015575e+19
healthtap,2.313285511907442e+19
washington state,2.23969710530053e+19
of language,2.2198599305368244e+19
buy sell,2.2034255550814433e+19
seat,2.1619269161401475e+19
user via,2.10463922086121e+19
correspondence,1.5335310451482448e+19
email with,1.5321987211258114e+19
reserve,1.4786622103238332e+19
restful service,1.4783459646407567e+19
global flight,1.4297166328377575e+19
moment,1.3896938425856227e+19
soap xml,1.3541951139273066e+19
depth,1.3382364147795343e+19
of supported,1.296619278760285e+19
service search,1.2844464121420626e+19
application cloud,1.2838957648292665e+19
report from,1.261065733405591e+19
resource such,1.2486118109099055e+19
low open,1.239488533210364e+19
azure ad,1.1925007346219012e+19
mention,1.1880192090563664e+19
york time,1.1363525695175133e+19
authentication github,1.1312517815218676e+19
outstanding,1.1261094991181605e+19
request with,1.1229059042433325e+19
access search,1.1212112725705535e+19
supply chain,1.1053320726797986e+19
it wa,1.0551620197093579e+19
service allowing,1.0335315444227265e+19
management collaboration,1.027437734394595e+19
web image,1.016730633003084e+19
data report,1.0083809325631484e+19
solution it,9.808900642491361e+18
xml file,9.775496387095273e+18
information allows,9.69453707839057e+18
function programmatically,9.580158566254137e+18
aka,9.525223612730833e+18
failure,9.458624863867752e+18
integrate this,9.376023330677119e+18
where you,9.002518937029306e+18
decrease,8.962869978543736e+18
railway,8.776522295695417e+18
seasonal,8.710427698736123e+18
well other,8.494601755472411e+18
group api,8.296951144067679e+18
developer information,8.191861127701231e+18
integrate allows,7.833993951225434e+18
investment,7.741226536251686e+18
personnel,7.735848935778638e+18
restful web,7.652098533357903e+18
of internet,7.544517323417686e+18
interface api,7.509048060145855e+18
use access,7.498164508508709e+18
whenever,7.451708793041598e+18
business api,7.235539606869565e+18
provides full,7.077835014395865e+18
api account,7.074436934416457e+18
of can,7.052324577085849e+18
system designed,6.813859525697681e+18
is most,6.74118355904324e+18
we re,6.696439502040195e+18
collected from,6.689490285892744e+18
manufacturer,6.624826337255835e+18
poster,6.59231809207853e+18
include accessing,6.540540794599596e+18
developer tool,6.500598721591299e+18
switzerland,6.456209413126348e+18
can developer,6.424735416507758e+18
letting,6.413027122334158e+18
apis use,6.070035984506514e+18
format service,6.010819687978468e+18
live streaming,5.892403609937251e+18
expose functionality,5.884850831575535e+18
germany,5.78241827803022e+18
interacts,5.711379184471032e+18
with some,5.402978152768445e+18
integrates video,5.281324874085581e+18
allows provides,5.243543510328273e+18
could be,4.762587938552561e+18
prospect,4.757005487526032e+18
into api,4.637487081768207e+18
api management,4.608921005083485e+18
document data,4.6037976884566845e+18
data access,4.5981663151107374e+18
network is,4.59747069855132e+18
developer it,4.4303727901381755e+18
functionality for,4.397054389683457e+18
information via,4.3614823660655693e+18
with developer,4.3152419813913436e+18
facet,4.185786292716794e+18
proximus is,4.062783071395662e+18
contains information,3.9716479210734766e+18
full control,3.947533815613862e+18
english spanish,3.8799042394654126e+18
aim provide,3.865128675633003e+18
car rental,3.828279448730243e+18
create service,3.8268748337272335e+18
upgrade,3.7020105509267543e+18
are released,3.6716177670752635e+18
projection,3.5823805908063145e+18
for local,3.544998293711754e+18
sensor data,3.4302526265543977e+18
content is,3.3893009930152484e+18
any platform,3.3300133172161807e+18
integrate platform,3.25342014804996e+18
are platform,3.1997489661747855e+18
netherlands,3.0833269993135524e+18
testing service,3.0006373057510697e+18
using xml,2.913442962424285e+18
user develop,2.715663446363998e+18
includes event,2.597796867004246e+18
put delete,2.578509793187586e+18
response include,2.5514089737879086e+18
commitment,2.479937870719432e+18
with provides,2.443066342443641e+18
us javascript,2.3890804195868723e+18
keeping,2.348563137320082e+18
breakdown,2.3200485345292826e+18
content application,2.2370210300612667e+18
mobile is,2.1665201154979018e+18
database provides,2.1555149123234847e+18
specified location,2.1419377028095112e+18
post get,2.0133307741763436e+18
for website,1.9076014529524652e+18
delivery network,1.8999115651382666e+18
oversea,1.8995105296244042e+18
asp,1.8117582946775954e+18
other other,1.7697323470796308e+18
crucial,1.6876471571433562e+18
authentication is,1.6085166226329585e+18
pause,1.5421520525294116e+18
business application,1.532305409608182e+18
appliance,1.501956253410313e+18
isaacloud,1.4989255729318095e+18
behalf of,1.4736760194544614e+18
let them,1.4676395554937577e+18
access historical,1.457132138724931e+18
image can,1.4557614755296302e+18
product image,1.4410139278755428e+18
updated daily,1.4132895652922957e+18
user video,1.411692810163015e+18
secured,1.370351162145747e+18
include json,1.3288806549596529e+18
improved,1.297469137522058e+18
accepting,1.2951222502352975e+18
user enter,1.2737865544548055e+18
contextual,1.2458563611140475e+18
project user,1.233813978898741e+18
public health,1.2104137334618373e+18
developer search,1.180686574994488e+18
that delivers,1.175501496671842e+18
by provider,1.1753958858243604e+18
map with,1.174597478725387e+18
ensure that,1.1344923613638423e+18
adjust,1.1077921471090172e+18
performance management,1.0976610898371284e+18
image recognition,1.0925112787835776e+18
user pull,1.0839843653466476e+18
formatted request,1.0836180728790081e+18
all type,1.063725409603113e+18
api add,1.0454697794400484e+18
us service,1.0369172208325115e+18
equipped with,1.0239682184541496e+18
csv json,9.894183029031228e+17
pharmaceutical,9.592661866758218e+17
for team,9.484436820953129e+17
developer configure,9.238685642637782e+17
tune,9.178132698996631e+17
low latency,8.951314340814684e+17
using cloud,8.918790121968019e+17
transcription service,8.915381569436323e+17
of each,8.865257143513071e+17
quiz,8.68591694502954e+17
data be,8.538528153255153e+17
torrent,8.439387758519245e+17
time series,8.280634476832014e+17
securely,8.180048959851841e+17
streaming service,8.13909755916308e+17
web this,8.089707761305249e+17
transfer service,8.079424514151108e+17
web data,8.061040779946275e+17
verifying,8.050425113789491e+17
delivery of,7.956326342385699e+17
within other,7.901723350101981e+17
which are,7.705945539544403e+17
function are,7.616521194422769e+17
toy,7.608111764899727e+17
oracle,7.233274341553005e+17
feedback,7.070788250522484e+17
about any,6.783257299179585e+17
door,6.545226144848884e+17
name for,6.380805398047526e+17
client library,6.320852846743085e+17
such service,6.239436613796187e+17
apps api,6.206612618047037e+17
allowing user,6.156965158908047e+17
user id,6.140247173563469e+17
information user,5.942509873136033e+17
helsinki,5.863407266461537e+17
software application,5.635347928758664e+17
publicly accessible,5.591783360242791e+17
immediate,5.3197577185964256e+17
ckan api,5.2305554648471034e+17
developer data,5.2146070655576275e+17
into json,5.1847673741373466e+17
integrate access,5.0797431399053165e+17
simple syntax,4.6668760134279616e+17
creative common,4.435107325362983e+17
displayed,4.3665977157947834e+17
completion,4.322238406546873e+17
composed,4.3027808378991354e+17
cyber,4.142295178814063e+17
service access,4.0941401690655686e+17
large scale,4.0676728127966803e+17
management us,4.036038086274476e+17
online other,4.0224335122696915e+17
check balance,3.8545183366283155e+17
by location,3.7402692943952026e+17
online that,3.7248699059872774e+17
more allows,3.5986302036682074e+17
ifsc,3.542098359876822e+17
video can,3.3766019931874234e+17
provides rest,3.338898490669479e+17
accessed from,3.219433423577767e+17
area of,3.136921545795926e+17
data collected,2.9871010603805997e+17
cat fact,2.9055484656702784e+17
cache,2.8913245595347923e+17
clinical trial,2.7679958526719485e+17
freely available,2.6891552084138186e+17
payment instruction,2.4477309324220976e+17
developer content,2.3962692007497024e+17
software designed,2.277705678946806e+17
player statistic,2.2176007417904218e+17
desktop application,2.1730185882495574e+17
reporter,2.158482650663692e+17
can benefit,2.1364952755413494e+17
volume of,2.0391662148015914e+17
you you,1.973162718594248e+17
interoperability,1.7637733665027264e+17
evidence,1.7604370365457222e+17
mobile messaging,1.672553773649967e+17
pv,1.5568547514995158e+17
runtime,1.5273470893956307e+17
image detection,1.5187590477963904e+17
user behavior,1.4664769017069648e+17
allows rd,1.3568778738285434e+17
website developer,1.3299666465324154e+17
this their,1.2811632503895419e+17
targeting,1.2678638864439963e+17
programming interface,1.2648891483177925e+17
enable user,1.1980224191991398e+17
reporting tool,1.1955257748899195e+17
database for,1.1833250711562539e+17
rest is,1.1383079517908234e+17
can support,1.1352417894352824e+17
for project,1.106236078030968e+17
of cancer,1.0704071242260752e+17
china,1.0683347358664307e+17
create other,1.0639207909558006e+17
legislative,1.0511584587746618e+17
site user,1.028321993652541e+17
is very,1.0058993461262234e+17
via web,9.937238166348326e+16
allows from,9.823430575126237e+16
middle,9.81997212836145e+16
account account,9.579054946374675e+16
can for,9.407560268743979e+16
time for,9.348488776587302e+16
solution is,9.08663884594725e+16
cast,8.987488258514406e+16
of over,8.954811756597651e+16
information regarding,8.174907197248536e+16
developer embed,8.14505934670286e+16
any programming,8.117509811389362e+16
by making,8.046447800326246e+16
follower,7.790834317355091e+16
call account,7.700506071172243e+16
developer send,7.682717103324386e+16
access documentation,7.518817991136208e+16
user site,7.509650402989086e+16
donation,7.370338816066955e+16
program that,7.365403707485894e+16
contemporary,7.32439678923909e+16
this restful,7.26254105179601e+16
us xml,7.188899077455708e+16
other web,7.023152377923957e+16
data between,6.997620590598272e+16
ad campaign,6.883546505898591e+16
with project,6.876428053809749e+16
customizing,6.85555275868871e+16
cricket api,6.842550236251568e+16
service integration,6.735940025235983e+16
be authenticated,6.69645697329246e+16
data data,6.663813379476395e+16
oembed,6.6367888801998984e+16
currently api,6.627583005648852e+16
journalist,6.506701904708145e+16
meter,6.327225330392202e+16
format using,5.837719176051098e+16
version control,5.8129877399822696e+16
them send,5.761708724505234e+16
application method,5.251742276187978e+16
precise,5.182550946665102e+16
factor authentication,4.963365614030127e+16
api all,4.935311424198558e+16
content api,4.878500706011118e+16
create can,4.7550143276640024e+16
thethings,4.719850841959203e+16
provides feature,4.571160821643478e+16
us token,4.550169330541041e+16
available service,4.5080192844288136e+16
respectively,4.4107892880994024e+16
revision,4.2771535889620024e+16
database contains,4.222192821064684e+16
own data,4.16749286272782e+16
erp,4.091046686105314e+16
also retrieve,3.97834646265071e+16
wealth,3.921041732394905e+16
provider based,3.876420464568008e+16
leaving,3.847964223613662e+16
integrate into,3.727083550372492e+16
message delivery,3.5201127921170244e+16
ftp,3.435816972638654e+16
that customer,3.418249294869318e+16
structured data,3.4099426729410784e+16
online database,3.3324450738924228e+16
of project,3.3044346432788172e+16
comprised of,3.2877032530311332e+16
divided,3.2550601259925304e+16
of revenue,3.2534150864616252e+16
highlighting,3.2205424568193084e+16
hidden,2.9451230891886452e+16
from application,2.8061043258193e+16
rest provides,2.8012991873688856e+16
mobile operator,2.6760248017238788e+16
about specific,2.4716789252141316e+16
contacting,2.457196296034683e+16
by default,2.4360381405107572e+16
recharge,2.405027719721269e+16
that create,2.2898189635659244e+16
way for,2.2888898681218188e+16
bank customer,2.2826296734482932e+16
web is,2.2519754859613964e+16
parsing,2.242441926894094e+16
database web,2.177968144210745e+16
data catalog,2.1375111568657724e+16
upload download,2.050914356542985e+16
are access,2.0471566049356976e+16
information managing,2.0411105586164148e+16
score for,1.9444753075577796e+16
developer interested,1.9257475124513332e+16
local search,1.7920408710057224e+16
support system,1.6816403108025746e+16
be displayed,1.6341941224683628e+16
video player,1.5592141492255144e+16
available are,1.5315499255239366e+16
api such,1.524682323811657e+16
call data,1.4846857554814848e+16
developer communicate,1.4458968311642404e+16
ball,1.4325783648021274e+16
web json,1.427845698107891e+16
spotify,1.4159039257072176e+16
insight into,1.4069396515207614e+16
device using,1.3796788760094296e+16
messaging api,1.3261536266026114e+16
data site,1.2982765435781614e+16
early,1.268283495190738e+16
image service,1.2168593251601446e+16
holder,1.204989676626233e+16
developer feature,1.1262628018448428e+16
authenticates,1.0920056705904622e+16
result is,1.0657201454338698e+16
api function,1.0409340651635774e+16
engine that,9665212503665318.0
dealer,9535052251009832.0
seed,9270691341267228.0
also create,9234358379670200.0
way access,8986377292587848.0
retrieving data,8847338218263059.0
application json,8796845184960065.0
is stock,8719259618799881.0
service which,8708536259421189.0
is integrated,8574922229665769.0
partner with,8261760152464993.0
informed,8181921942774149.0
user cloud,7496821865593389.0
played,7403302820872316.0
alliance,7192754285368680.0
must register,6925028758907777.0
ass,6608048509448932.0
substitute,6444968624166141.0
by google,6284245134854679.0
connect protocol,6127700638769879.0
for android,6106796393116756.0
directly into,6023569581745359.0
bitcoin with,5817350147677819.0
developer platform,5733068226228888.0
xml search,5589774669545619.0
user agent,5183242082054425.0
information management,5119796794136964.0
next big,4994011594191299.0
are from,4807462931866009.0
earthquake,4725860198884250.0
wistia,4708110449798071.0
represented,4678407221661467.0
offer can,4470873136083954.5
online portal,4427633539794779.5
commerce api,4361393823413852.0
that that,4324235519864820.0
order management,4123144567348942.0
application app,3938356139849291.5
csv format,3745395944114425.5
are for,3738142368506343.5
polling,3725381812937233.5
security stock,3548312628247411.0
bind,3542557507098784.0
insert,3527349329879106.0
of several,3467836625441901.5
domain hosting,3436590381064916.0
rest search,3306563249618278.0
for querying,3273003536736027.5
for every,3224979365489666.5
name registration,3214456326817550.5
project that,3178945530959106.5
passport,3112172221002663.0
with range,3057682966379094.0
us get,3043033834782377.0
offline,3004109667662804.5
date time,2913179465131478.5
this enables,2851816425641851.5
belgium,2731858860774383.0
program api,2713580790917445.5
search developer,2656543108085851.0
for internet,2572579303990214.0
user real,2562734076680584.0
function into,2524555790041285.0
popularity,2487675964815953.0
nigeria,2361514636089333.0
used manage,2347470154150729.5
user platform,2065882734153619.2
for email,2053100226225415.8
web content,2032240724682628.8
email list,2015657156779425.0
dissemination,1883192400496665.0
into this,1857968260531623.0
only access,1840212601125384.0
above,1833532228873702.8
reported,1812467344556927.8
into platform,1727148562448854.0
online information,1677010975175876.5
provides direct,1660730174262327.0
online learning,1570328198038405.8
mood,1569849094629802.2
management web,1530879909916883.2
high level,1528379879653066.2
with live,1516329429083530.5
sandbox environment,1515831063189896.8
list create,1502192278543237.8
can your,1499978956257504.8
are integrate,1484921665075664.0
eparcels,1452575466167775.2
video application,1451606187321729.2
developer database,1445800121237430.8
photo from,1431692797030926.0
information provides,1382385409992039.0
taking place,1372801284431966.2
based company,1334521583749229.2
capturing,1255346089368812.8
can write,1233863781771512.8
is other,1225495881145058.2
mlb,1221313266042742.2
digital asset,1189546605986310.0
user database,1182905942371487.2
source for,1174838386738560.8
pure,1174789340181549.0
that contains,1137030493337549.2
customer information,1070724986965741.5
call retrieve,1049672052199466.8
user that,1045968463913781.6
kit,1032933178864640.5
league more,994022484357833.1
is access,986440847158971.0
server that,894773446926486.9
composition,890409271732138.8
service let,889296468298907.2
scenario,818211383930465.6
artwork,805983933305072.0
with available,767286068963240.5
be created,712304493231364.0
of free,704449958747235.8
create mobile,696497402837848.0
oauth token,662154510174309.5
receive json,659951015732154.1
offer is,647961347870145.5
provides is,646951813472190.4
of document,619226486279753.0
access with,581186144798474.5
api specification,562645108700010.75
information like,555847174140630.3
storage platform,554444516263412.2
synchronize,539722832331413.2
px,529582487433621.6
which contains,528107025074656.2
from online,510996761168794.25
for small,467248574008858.94
search user,454270834139905.8
their event,451657027354565.5
offer mobile,439049983047266.0
dial,430569464423202.4
realtime,427351258215100.2
ag,425200441130786.4
with friend,392372614632206.2
contact center,388751050469214.06
five,380811820953584.3
ticket for,378134570313615.6
message user,362244959284231.75
ability access,358830099759688.1
for high,358089330297676.75
banckle,337780721009826.94
it developer,332087670683267.5
access that,330058444029217.9
lead generation,323776005462525.4
register for,318729194210043.7
system from,303008903117601.06
internet connection,290881972160153.75
are of,290725380943867.56
provides of,290366069406890.5
by email,287279455880035.6
toronto,286475213834225.75
allows search,285639867689979.94
their for,285448255557208.3
of movie,283945890803228.4
po daac,282903710336539.9
ec,279911702964546.25
can do,278578958443677.03
data platform,276939074467559.56
it available,273645881059305.53
easily integrate,272432282353353.03
management other,258650577853774.03
sophisticated,255127981873794.88
of account,246466291780320.88
mb,244660171014215.62
continent,239807678147203.84
search database,231276270810844.03
online music,231116572209964.38
determining,220804382315063.03
is app,213967518351076.0
of are,213163014443729.97
instant messaging,206852378390549.16
qualifying,201604197533719.53
may access,200553341668104.97
profile for,200547533618039.3
make payment,184040209020065.53
stored with,179123573926036.16
manage customer,171789134115997.03
search data,170571768563778.1
source of,164503247097897.88
collaborate,163243792499797.4
image more,154269284742611.12
for new,151198747637992.47
bitcoin payment,149728144973817.8
kill,142447714733418.7
customer support,137338732505040.64
way of,130275532957612.69
aws,130265530409374.55
format conversion,129896362629000.52
interactive voice,128244286985557.1
marketo,127535141859531.22
that cover,127289764688660.23
solution api,123752947635431.05
for course,121201307652748.08
json call,121186247596552.92
by medium,121113269864890.56
perfect,120606854633512.0
through application,118624614527018.77
are can,113661163963441.88
that rest,107215305588179.6
service more,104898385057505.06
user format,103534497350352.28
data provided,101308109160936.42
file management,98724263316892.16
integrate provides,94262073911575.56
combining,93976389525908.42
jpg,93576389051869.64
port,92781766657008.38
with new,92753289584232.22
com for,91692048640460.08
nationwide,91423934291377.8
passage,91154332942850.78
scene,90615045640337.88
their travel,86703145520799.56
website information,85968515860104.7
management data,85745874831105.6
am,85182636051324.47
be included,83803190189969.08
information you,83040234714142.4
each other,79873297017666.83
can of,79776682854623.38
tv is,79614666529080.92
integrate from,79520024100875.84
detected,77645237363831.55
from us,77496986850014.53
digit,77203262153405.69
sharing site,77188367372342.4
converter,77135502119494.6
analytics about,76126928447395.02
draft,75724928320409.83
file storage,74108255525027.53
email api,73826767309503.45
recognized,71588696456345.58
of daily,71528629480988.67
it information,59390791271863.18
via their,58255399707368.04
access can,56628747387813.66
odata,55075337150754.95
firm that,54655753682542.95
catbot,54617749796645.71
more for,53334481822457.36
video offer,53087813483053.01
payment information,49918486588864.43
localytics,47461446771724.18
can scale,46657489776432.05
blob,46328616118537.19
walking,45363158261127.98
open close,43663952316035.32
vantiv,42951705934423.81
online api,42515285088982.484
contained,41562280149015.32
such api,41053539919709.94
percentage,40766342912397.35
platform available,39391606360428.03
accessible from,35796001640048.77
online user,34980595670445.09
is marketing,33393418317491.273
ad into,33039888125961.746
up here,32517763490041.895
access of,32254800349194.97
provides high,31874224027134.305
that interact,30632580648101.496
your company,30177871638975.32
financial information,30082397768245.605
feed from,29501101257435.51
about individual,29365615021526.566
world user,29152759927096.336
search other,28595595574520.645
evaluate,28533772892760.33
managing data,28421764870245.676
platform from,28059334107523.21
functionality access,26760374996218.785
scope,24952590477695.62
optimal,24234267249710.27
shipping capability,23547247600268.82
logistics handle,22241696000236.965
with enterprise,20401552309496.453
that event,20246002581096.51
function including,20024420203364.17
is this,19202464476676.547
it for,18178257939497.39
other more,17618775000171.156
highest,16249346158977.787
file are,16242195014098.623
cable,15620118526304.355
refill,15582270534509.16
website all,14522220544892.29
share data,14482859730363.652
fingerprint,14086963616862.625
allows your,13930585286696.164
of product,12721143070918.0
acquia lift,11988787555255.242
activetag,11582885954718.035
learning algorithm,11244594690717.525
web database,11203615105409.775
xml service,11169614238710.182
icloud,10540471730333.383
feature api,10272354166102.664
ranging,10148489580683.545
event use,9725681317615.957
provides location,9682713789918.11
access online,9325454535525.082
environment with,9194971553051.049
database data,9089770095773.762
nearby,9054824047481.467
this platform,8671306757944.599
platform their,8641393381162.403
pressjack,8585244678967.11
user event,8295449090442.103
user website,7948219283883.229
any data,7688797596595.841
of ocbc,7532589816092.544
elastic,7517888843340.193
of concept,7500206888043.043
mobile their,7491508200441.595
free access,7471355783555.128
resize,7422826230524.548
which turn,7330682683778.232
loss,7017361227268.669
with client,7001617434520.111
with research,6993066594077.746
ten of,6872616955509.827
integrate document,6589234850128.407
you their,6559353774937.251
developer web,6466842935451.841
are allows,6322185146779.315
information based,6061888541221.531
searched,6053282296374.475
of task,5740353830602.946
for google,5690302653725.786
this available,5685535873298.46
aware,5638141462610.528
cloud that,5433213716368.95
web app,5350973909242.311
web are,5314422950321.268
cellular,5101596680953.857
tool can,5089669933787.178
eye,4776707586707.956
fanart tv,4610491314429.472
amenity,4453051464323.721
against database,4449214310900.194
vast,4380792470700.922
can browse,4305975034767.24
search can,4228159187642.5767
restful us,4146876594260.496
upload photo,3966945438588.483
management management,3789566681578.712
cloud with,3756603808912.9434
provides infrastructure,3694108605898.044
placement,3618955067966.8613
customer product,3618519833310.574
metadata from,3431034464622.735
from third,3361825048055.0483
imdb,3290874450152.088
developer also,3153815533428.0474
consolidates,3149482945166.65
nse,3113874765308.5117
support real,2985569676714.358
spending,2960040860473.4136
pagination,2778672303456.303
headquartered,2772849796197.369
optimized for,2724084051618.1167
affiliated,2599680635312.872
accessing data,2515397505568.802
information application,2452763755751.477
api other,2434892517458.418
rest that,2387189135082.9146
register with,2232336101604.6123
web browser,2230135862517.9067
using single,2228010006268.3813
for full,2153120006847.3174
provides live,1895795475503.1472
about service,1864279065784.7256
option api,1862569301726.1765
search application,1859343351147.2764
with existing,1831462651390.9856
be queried,1826860175349.7366
missing,1814171246490.7935
provides two,1797766469320.3418
for security,1770351593158.682
provides this,1749688667044.326
maintained by,1738457394335.9785
sorted,1736729692215.032
web provides,1723461338215.7578
api token,1678493529386.8271
system service,1632384156952.1897
privately,1630593671658.6619
developer may,1606357292274.915
allowing for,1559805962328.5593
email client,1528888384412.3027
customer engagement,1517698174681.7415
visible,1494220253103.0193
business it,1449878882288.9902
includes access,1430354221956.9602
established,1429816426642.3167
of contact,1421907230544.5806
provides analytics,1414055714706.16
mashup,1368927574054.3066
presence of,1303194143295.9368
their provides,1292509307915.929
yearly,1284489270256.049
bid,1205129584121.6729
provides easy,1091578589901.2087
last,1072680026970.5211
file format,1059414979787.5387
is health,1047289264514.852
of query,1041202412765.6594
weather forecasting,1036828863191.3035
postcode lookup,1011594697077.9027
platform user,998909379804.1233
yesmail,997299432633.4937
all api,977743121698.093
are accessible,976676982605.2418
other from,968908350108.7489
of fantasy,937279507105.4795
called,928447030403.7053
would,886551705987.0593
query against,870041822570.441
api rest,830873509418.6255
search web,828301789414.8025
uptime,808191285003.8478
available of,797513602423.9146
google play,796990295516.7906
of accessing,796555717636.8411
estimate of,795765788781.4078
server can,793686866130.6534
developer available,762754544093.4985
valuable,758084103950.3041
crowd,751187762044.5535
data database,733562787907.8547
hire,725792426569.4781
you provides,722379496937.0239
function api,718693218751.3129
various parameter,716331105521.9714
data exchange,710117954505.4102
platform integrate,692691404875.4248
overlay,669840409112.7144
conduct,651812158744.3788
online marketing,650522749781.1614
retrieving slideshows,650521157560.9835
is from,646838625946.1067
workspace,638063884717.5112
json architecture,637423730161.4899
create user,636967994593.588
data metadata,622655195911.7147
back up,619082767477.7134
json access,613603951083.2987
of most,612672404064.2325
data open,598180559499.8302
localized,598160207214.9146
classic,594500685172.9801
review of,580102380939.1243
aggregator,552900659023.2585
other tool,542870978443.4888
it create,542394023122.9822
bitcoin transaction,536061427317.2615
of biological,513436515836.59143
using variety,502796675781.6197
managing contact,495744180507.0285
integrate developer,475357702533.0047
your video,464631252860.50146
otherwise,463644715796.3488
your service,457902274060.0491
authentication via,442334103937.6397
network service,440795438608.094
is their,438398578118.72577
server for,417048217749.5549
metric api,402169420152.89294
app user,399440746810.6602
use this,393476766095.52783
that power,389275440618.96344
library is,376826633671.0941
ability search,364618855608.93774
available image,356945618538.3105
from image,354681006030.28375
be useful,349685452229.4525
of end,347879777662.7061
route for,342573444828.6248
caribbean,333458977995.09296
fun,329588070406.4268
help keep,320415151096.34485
shipping management,312366001067.6605
data manage,301518358309.95276
return either,299237216751.8536
application content,295545894866.0056
tomtom,294320921529.6838
hook,292527152547.36945
website visitor,289409373025.64056
layout,284837595054.5855
geographic location,281795311247.5234
etc api,274872536486.42722
xml allows,274116640748.16473
world with,273241820806.6788
user also,270935009438.57812
access management,266563769137.12094
also user,261774500147.0025
it customer,252562104965.6769
online integrate,249185407629.6272
user specific,242509861253.79395
application more,242332885787.93375
online file,236166905903.1632
more other,229383905799.78152
provides customer,226734130523.91675
include data,226288327704.14273
database containing,221186961986.6116
are are,212230569073.89594
join,204988841175.3197
confirmation,203039406368.72125
that for,202187897298.53015
encourage,196641618706.1392
verifies,196036768505.4399
movie database,194757875726.34225
refer,194138278872.26633
can now,183728723731.48383
information includes,181503111271.50772
user authentication,170202664722.84607
their is,166775183662.08835
use one,163093710496.00156
of parameter,158091451198.78183
view of,157635490881.57272
software api,155997315382.29407
represent,150985597519.5575
of song,148673321176.94812
be shared,144572006754.9867
operate,140898344660.72037
their create,138558310434.75653
more provides,137734345127.9664
manufacturing,135440157598.02226
accept payment,130349241991.08199
allows allows,129957207066.68779
use rest,127882872635.63344
information all,126662789716.87701
studio,119446731359.81522
can management,109695975869.26591
their code,107733066612.59102
issued xml,106603303961.4061
all through,105452173194.5438
user management,105125299710.11467
web user,104403745619.8292
are other,101351151026.17654
price from,99866669457.02573
for creation,99366439485.97552
add new,99285191688.55757
user you,98551882684.39622
resort,94789252285.5388
private cloud,93185360821.44086
feature including,92136714187.5576
provides json,91087674859.6185
handled,90139376316.35754
access current,87621429875.28026
exposed by,86425139030.44823
using application,80921772604.99477
beach,73690066608.48795
simplified,72313405080.62843
are included,67924910722.630554
from specified,66639021193.048874
yodlee,65468806547.9426
platform image,64223534760.54551
website using,64104348464.50526
add edit,57638514546.08559
application including,53863423464.52256
for movie,53318138710.49978
their more,52124156211.8661
user all,51913930759.53295
your organization,51480921336.65507
marketing automation,50527282723.40099
of every,50095142040.9128
app development,49701493396.00297
likely,48182256478.80679
their client,47978650316.56613
data search,47817413150.940384
information platform,47187607272.042366
bandwidth,44697435905.76842
setting up,44424383736.15537
developer this,43236776069.82391
data center,43154011623.114334
map tile,43047037574.50908
allows any,42854561455.89402
site provides,42356171056.83931
chat with,42348463948.51593
service you,42131168038.437004
commerce solution,41402126532.70759
city country,40698874603.26343
cut,37731788279.58567
more developer,37115258820.92876
thing network,36390558281.53662
high performance,35354618366.44656
allows is,34723615748.24393
feature are,33985777137.526127
open new,33819150440.612637
especially,33798684168.71306
request http,33584193676.174084
overdrive,33213591892.654293
health service,33148956076.044388
backed by,31710067320.120026
video web,31299339911.903675
infinite,31177615879.774223
build new,26984552792.537247
information xml,26859632744.20342
that focus,26743044928.635853
web desktop,25596734823.9089
operation for,25445516826.967125
access code,24771809524.408512
reporting function,23961743459.932587
amazon ec,23503148932.68427
is provides,23457063741.517323
with platform,23166214285.148766
reputation,22406706780.859608
specific user,22258447850.70845
via oauth,21972190935.101036
red,21856066811.544952
forte,21850070219.99089
utilization,21110916589.785946
with device,21001011505.10394
cross channel,20922918729.160797
user managing,20372658581.268654
api your,20081979358.467926
platform access,20000291380.271637
api event,19405084643.73443
account detail,19385502474.8838
other device,19349283177.273827
enable developer,18194952075.07511
create provides,17504812091.76284
provides delivery,16908027245.376019
centralizes,16732206530.585318
clothing,16621716840.700571
standardize,15914745163.789967
carmalink,15709365107.483433
region of,15383099067.228176
developer your,14187214793.841158
grouping,13345260786.073137
your email,13197344135.6529
watching,13190132985.699974
http json,12324552994.774853
qr code,12148927309.36548
with both,10797905113.238968
allows rest,10732261239.89571
can into,10719542566.813105
json json,10461030619.40738
such user,10238196086.908073
with basic,9847926983.439726
can download,9843544222.653166
user rest,9835194323.402206
of marketing,9668653083.41308
disaster,9645885436.55265
indexed,9570193489.772907
using data,9423952415.05239
virool,9390115852.941887
search platform,9362237302.090826
developer connect,9256598462.187006
with real,8622735195.620712
user content,8239973023.392386
database user,8020858977.009884
flurry,7887280169.240582
xml user,7407522118.447444
island,6897741490.438452
information are,6862357739.143629
of other,6350289434.849902
rest json,6235325207.084722
sell their,6123689236.521351
ordering,6098168716.560809
communication service,6075736899.768385
doe this,5833758950.787934
data back,5283295032.352164
delivery report,5222843809.493773
over world,5186625545.11779
increased,5115983097.0639925
all user,5073150612.358435
order order,5024204745.197994
asterank,5018403341.254179
json of,5012384035.589877
available provides,4976030954.445678
include uploading,4935971872.838482
file access,4931376232.454735
type include,4850091037.996809
reminder,4837457397.022953
data method,4803931823.333472
result xml,4752466731.529862
premise,4717757085.808338
of json,4680424993.016735
allowing them,4677764296.340375
can are,4550485673.443901
reaction,4300821042.936997
andritz,4106305122.853352
business developer,4071088032.8408313
any type,3977942067.9891815
json it,3888841905.0789404
hybrid,3680482127.558822
grocery,3446863382.662644
also use,3421342266.0435805
result json,3396487945.597516
data describing,3308206947.9886827
player stats,3089891441.3683643
provides your,2995300286.3942723
reporting service,2864646957.1396427
from specific,2811896396.355877
web developer,2809683393.071687
handful of,2746083520.4769006
provides from,2697748575.1100216
labor,2642555466.4946
includes information,2623429565.8239512
agency that,2529000039.3789506
for provides,2479595571.7055945
json platform,2423983576.894169
access use,2400216965.6703506
ad api,2374012073.6294475
instructure,2365262805.670647
office management,2329702717.3703585
accepts http,2293617630.55113
management tool,2223212888.404486
tailored,2142191209.7247565
integrates with,2134326990.0176656
customer that,2120044134.9453936
allows json,2118455269.7677927
integrate api,2044320104.2767682
from is,2036609257.835735
educator,2024762334.4798803
offer it,1876678506.0332105
obtaining,1864622913.7855227
integrate your,1799781655.215115
event access,1775218663.5246432
for others,1758697172.5482764
for processing,1701360805.1480074
video streaming,1695451203.2418976
for office,1671856914.7356164
provided with,1636015791.0799549
access are,1611192429.5246398
tick,1594922419.8258982
business with,1519567070.8524523
for response,1505931664.7521148
account managing,1414775237.7796514
can only,1403287984.6356554
with which,1379266737.3412867
social interaction,1357495033.7122788
access database,1353254592.6796606
you service,1340267154.0030563
extensive database,1337882031.4802837
directly through,1332169240.1384993
offer payment,1281024638.6124773
api provided,1253766136.9574392
provides unified,1253240655.2658296
service listing,1228709103.3940363
spark,1197038774.2619886
can image,1186452932.5030854
per second,1144763990.6770718
integrate cloud,1110719623.4813132
various league,1087708239.346376
event application,1035064852.2247949
for ecommerce,979193961.4608035
majority,977849080.1016307
data web,977579357.7447206
event developer,962548987.6126637
prototype,943000886.8056253
format provides,930486781.3860072
integrate us,897633745.3825063
housing,892614056.7538805
cardholder,861623774.3016028
data request,848714567.001545
php java,813356142.27224
each day,799581264.1480275
access json,780290220.8398368
hoc,663478447.5917573
youth,661262862.0133159
shephertz,652774808.5629405
timeframe,629688525.6153966
access get,590905684.7629461
free text,558260595.6125811
travel search,530230017.80554885
providing user,529551238.378479
service interface,528500544.1257395
development firm,517010827.2289262
file with,507010267.09185827
security measure,492709730.86156845
application map,468461536.81975603
customer using,455299584.25248796
api video,453056800.23937017
for developing,425846190.2693435
provides summary,405283591.5247137
compliant with,402452296.4013842
with oauth,396197175.7335532
other this,393018420.6522532
sport event,387456331.07762057
public transit,378994210.08688736
operates over,377658239.0561076
estate company,375630184.04955256
internet for,368491704.1329589
for account,366014736.0314838
that use,356117554.68195647
united kingdom,353408662.9986382
support use,348892820.94074625
appearance of,336065497.8866165
group of,315620555.7306413
analysis for,309839541.06232864
within specified,309578462.36443734
based platform,296732462.3931597
rest javascript,292759112.0448892
can xml,291104048.7301489
time messaging,276943023.9431327
certified,272035270.26162267
json can,261279206.70663545
nutritional,239507487.94632015
provides video,238945297.00632766
redbox,236063163.4757016
application online,233707522.32534313
service website,228179273.57325822
ncaa football,227692012.5355795
authentic,226262090.1767812
available can,223485874.1599463
app is,215040558.5350129
more platform,210737488.81641915
provides into,202840422.19698307
event website,198443083.27531043
user your,192395247.0690482
payment account,189739418.2867522
curl java,189005520.89027622
video other,185666386.20746404
email sm,184945799.8542249
with integrated,182938389.04774815
medium service,181922737.6310833
moderation,180553641.83828312
time of,180225562.93353158
requires user,180000996.45670274
service create,178994460.378446
sporting,171461995.11643666
that available,170987650.7906869
order account,170549383.2862974
access event,169380596.21677798
prepaid,165817229.6673875
file information,165343287.2194745
by name,154491612.78176516
for order,150282781.52933282
rest access,143766679.9789015
related information,141794072.24547532
event database,141096678.42129636
other player,140177929.41460115
categorized by,139516692.3557934
payment with,139279336.42194098
provides solution,138299607.60897428
other online,134137623.52159536
you rest,132217365.69407532
also developer,126058462.93607233
information project,125941616.82386045
we are,125840299.23611483
folder file,124375242.54944354
lineup,123446230.71648495
create from,121003449.79317337
alerting,119782837.61506301
place api,111471630.13034207
data entry,111288115.71469328
heritage,109204374.37217882
social data,108896397.59221207
method access,103705299.66088384
integrate them,103619620.28567456
of standard,102212700.75876305
their of,101693964.49354057
secure payment,101676960.86860955
service method,99324232.73077969
informatics,94736529.03284077
api of,93184387.81645435
content available,92017206.40700673
configurable,91463771.80661578
providing access,88615855.29100546
messaging voice,88262587.60585764
over ssl,88022623.33618623
create json,85361867.1857539
click call,85191565.08196837
champion,80411649.11960179
internet data,78099752.72002448
other provides,77421449.86421192
used build,73018050.53110951
showtime,64626789.882066086
are with,64217585.27738152
json their,63995228.57623114
cloud cloud,61516143.44578535
service cloud,61402704.18752125
emphasis,61322784.936873764
celebrity,58579250.850021794
thomson,56948471.86271681
detail such,56272244.20474478
is use,55661221.82933207
is live,54573913.09422275
mobile service,53553014.057967655
inspiration,52770363.924999714
nearest,50782501.130281575
search from,49736859.37507401
apis available,48611052.13278593
engine for,48577200.66784691
integrity,46896882.21384617
lowest,46758443.16794818
this you,46528627.60185684
method provides,46245839.02143031
spain,45501845.693323545
can can,45216749.91703337
content other,44513016.460175574
keep up,43488909.3683334
endpoint for,42518086.04196285
create are,41553799.43829533
served,41297997.447697185
additional feature,40324492.463569425
rent,40109382.461636715
of those,39596832.24822289
released after,38559382.13232642
message that,38284075.56162525
can user,36406518.47983371
granted,35339550.123272516
image your,35283320.38560572
service some,34009064.78114722
write access,32594761.806819133
their from,32068566.210881967
method user,32032789.180782642
platform such,30226076.444230385
into can,30095782.57897029
don,29699596.434036225
access public,29396669.170360975
ability create,28895614.08708389
sm voice,26758715.570359692
higher education,26335821.440415945
for which,26226312.701000113
software can,26116442.839767657
by offering,26102117.160093337
specifically for,25985646.512790732
cloud from,25570940.212489944
intends,25326520.345925797
their integrate,24571166.255760483
any mobile,24026681.699104473
marketing software,23597797.185106944
user perform,23417839.682800245
file online,22971059.552684903
semantic search,22785686.36986232
them available,21698246.568896513
any application,21406148.090928625
analytic,21362602.16885879
system can,20820777.5049347
snippet,19674233.683576763
criminal,19497541.071057573
also data,19412898.328743353
create web,18937386.58832818
available english,18787336.210837413
provides by,18535381.713236533
are create,18024513.53390503
amro,17933976.767992936
more search,16958894.88619857
about event,16849864.886966087
gemini,16782115.0758072
allows anyone,16138271.53160324
using our,15810991.825672727
more application,15325620.898796286
are their,15188236.737578565
streamlined,14309542.755494775
represents,13714935.827138383
participate,13424805.227327473
service these,13131920.31923783
provider access,12705941.813436676
player is,12182384.684869742
mine,12029411.088135904
method available,11658429.132341927
time event,11054046.153639385
order trade,10927089.082388336
commonly,10808013.718604524
reconciliation,10271434.441884197
separately,10217183.174452953
developer network,10209221.252115048
cta,10135946.259714216
product is,9922230.356885644
socialvideobytes,9750504.939717062
instead of,9743869.393319748
service directly,9388865.190725062
json authentication,9013783.099120956
broadband,8989724.737009441
personalization,8803172.983404694
email validation,8765146.132326426
software allows,8562364.562624956
product are,8361977.248236672
that file,7791382.4417412765
you this,7759199.935348798
vat,7408703.166537719
accessible with,6996840.343264129
akamai,6869049.559376275
document create,6576802.072693077
result based,6467186.874453608
venture,6465788.61284208
platform into,5873470.297092336
flickr,5577905.358964276
north america,5023417.246077049
you is,4928088.0756304795
application top,4850386.99563545
customization of,4174524.1023961366
time developer,4073325.1050045006
for monitoring,3808506.5763472277
information by,3673424.859611032
reseller,3613202.310391331
any given,3540767.4463982224
that from,3465276.15851177
programmable,3368363.7173444186
defining,3340665.287151947
that get,3213203.088521055
search are,3195153.0707757487
of source,3168587.8254605816
also search,3128400.618480938
transaction through,2935778.585661211
integrate other,2909386.8629103494
get developer,2765815.356409192
their can,2761717.615202794
russian,2468902.4951563575
other information,2406404.7864704714
with internet,2369959.6763664763
response data,2277486.609795111
their xml,2109106.8812494953
use can,2066804.3422955915
api database,2057529.7803344748
lego,1998489.1294209436
trade data,1983602.3665556472
cleaning,1939364.9023273846
developer worldwide,1762064.2131416958
account including,1757100.0954442767
image manipulation,1715072.5783587648
user property,1575939.637867163
used retrieve,1565591.91730821
read update,1541836.9584014032
developer device,1537326.328571093
various type,1501490.68569667
management from,1450395.0707478959
data content,1449441.2586026012
information site,1440774.246328025
deleted,1402324.053284841
value for,1299386.1164882588
with are,1293179.918353699
application game,1253862.5432498017
allows mobile,1244364.8703850473
is financial,1243948.1759962484
laptop,1226820.7556076967
landscape,1200778.1200559519
this this,1197767.1548108896
refine,1182851.3136135598
bbc,1110421.2289413393
platform focused,1088667.7476722095
geocoding api,1037308.1095004188
assurance,1024058.0468025483
allocation,1002697.060166338
payment from,964358.4169038663
manage track,936415.5815282279
by zip,882954.1013566639
coinbase,843661.7519287596
advertising marketing,816330.4691867047
auction,813752.473905734
code from,800144.160100412
ai powered,790646.2926948647
rest application,757646.1673145838
posted,756932.9057756318
circumstance,714080.5058673754
kloudless,711775.1622258392
can database,624548.6677654149
access method,613310.0870875469
information other,590948.7828617193
provides file,580857.6211339473
equipped,575443.5342300419
management it,567743.7893235558
branch,547584.0240731622
application other,541952.1249934123
data programmatically,539764.8506411519
iot platform,511336.526761436
time price,490589.9614142412
achievement,489227.25344623683
such name,480910.1774925251
storage application,477892.63819337497
group that,473954.32522988826
offer that,424907.04968728335
simple interface,418671.12124629266
operational,415566.4770417956
can online,411081.22431061
api they,393206.0188037513
xml that,388520.4308966608
littlebits,370227.2389624317
is saas,362721.93230880005
intuitive,349749.8911853882
visual search,344305.73361692025
create access,312247.88670131186
need with,307530.36614935054
organized by,306703.60659383354
with business,298439.8419041184
event probability,283535.2507145942
withdrawal,282690.57232658484
their you,263489.08703153895
integrating it,251493.91573114888
is given,250414.6794159875
search this,248149.60882620118
world bank,243233.3630074
it their,241883.06899385696
service event,240486.77530382774
median,238814.9685078951
registry of,229947.10908581174
file share,228184.47032796682
business that,222347.03644684076
measuring,216005.54804528967
app with,211144.32275975108
texting,210881.06545413582
query language,210436.97358043335
going,204399.10638235373
are database,202766.20303896203
buddy,179294.0471789467
management for,177227.98028818434
others api,174846.89770816884
json web,169998.08844300284
reflect,167852.36492119025
available platform,165051.96062294717
their property,159569.13374192876
content including,155319.40526295657
cloud account,154137.81428550798
apis this,143653.15394818672
site service,143319.4310708808
us you,142717.84840188426
cancel,139039.59318572612
allows project,137367.91091825758
both web,134556.51077351245
http protocol,130660.1964828722
advocacy,129862.06870834896
us access,125093.26712878696
filter out,121033.45890421432
account can,116028.99825647539
use data,110724.82463336283
hub api,109642.20444425703
restful soap,108727.78517557053
method web,107917.04031797813
share them,99640.34541109596
website are,94769.557021225
for marketing,89809.82382253579
listing api,84067.17244962275
sender id,83877.0774034316
web can,78987.43357767908
application send,78712.30924990273
api provider,78319.33439524936
all call,77938.88122933597
hotel car,71758.31418881097
with others,67896.44378819766
feed api,66453.06187871956
other it,65389.33350171172
database into,63988.61366142602
data provide,62921.92850812791
duty,62509.60489320346
make request,62185.09208054504
comparative,58977.2893399124
box api,57178.491675094905
website provides,57115.86264588803
eparcel,56608.82041683222
xml can,56336.34059716222
user into,52536.55614511593
with that,52260.4102792437
customer user,48887.67160752881
provides that,48115.93554246273
of two,46866.893041466334
platform device,45641.71042547883
can data,45000.75735977818
exchange with,42944.910260620585
their business,42305.91368578123
custom report,41712.128467823175
varying,40685.682650305775
social security,38993.06151011588
trustworthy,38058.89264890355
auditing,37932.570134737696
grabyo,37911.24927060695
us user,36272.560139764246
metal,36207.08384271707
heroku,34902.40187940724
allows online,33311.835382888
that document,31585.372482309696
can with,30169.666296344196
protocol api,29534.748555239144
from single,28511.30779791174
view all,28455.83681746419
australian,27164.56709819064
with rest,27000.00036058393
cloud provides,26370.6076460958
image allows,25837.63365613269
by company,23784.65074260551
statistic api,23694.59896068169
from can,22599.166461039535
payment transaction,20878.46839512139
cloud drive,20654.255832977124
us can,20420.982314560322
value pair,20136.47748919065
from many,18700.170413170777
programmatically access,18381.991100780324
functionality exposed,18300.18245701181
is technology,18038.827927904265
json other,18029.36676706235
demographic information,16726.79410031363
bitmovin,16275.38030599084
support data,15186.734937414578
is product,14721.511059132954
offer real,14173.747584636325
access statistic,13695.602503441398
content are,13548.04691008224
toll,12715.395241951634
you data,12589.097894422268
offer are,12349.574038261659
application xml,12242.746641820959
your project,12224.507476870976
orchestration,12139.819866917127
allows this,11776.941717683412
cryptocurrencies,11159.657084546516
paas,10933.630587756361
that your,10854.893291413937
this free,10752.072068116711
device user,10548.497688243273
alongside,9230.645134705403
of federal,8987.337744911913
create data,8862.717579436445
user activity,8677.232467338177
search is,8440.175492217604
integrate file,8345.761015601114
you application,8337.397211001771
awareness,8315.033868548824
doctor,7835.909344852267
programmatically api,7006.6639259890935
dive,6999.482254841638
json txt,6695.636228765682
admin,6660.263786249296
graphical,6582.980023324982
foundation,6561.620593151763
transmission of,6558.637802466763
allows other,6553.673204793994
account access,6496.770236485189
plivo,6348.632767434651
your from,6346.971300709166
safely,6211.396976752048
project from,6042.606622906063
poi,5987.814495816221
are designed,5983.028741676866
offer ability,5889.062694671569
plytix,5573.786205953887
user set,5483.9854447121115
your you,5331.490173602931
their other,5214.610200421881
enterprise intrinio,5163.375661647565
provides bulk,5032.312073900321
file cloud,4957.442693114081
business contact,4871.211070151622
for delivery,4762.340430714551
also access,4520.442589063781
from json,4419.539153139631
is group,4378.111762363595
platform content,4376.0957479925155
change api,4131.629435190116
establish,4086.313888323751
service includes,3961.856182359524
allows create,3854.0935414809633
with customizable,3739.6795191926585
support multiple,3711.2179678874686
for these,3693.501536718528
opt,3554.2580777030253
operation with,3442.6847107888398
method service,3280.7933235707565
into one,3114.4885332648987
this method,3010.5841104335414
effectiveness,2882.9852313476745
data integration,2836.7942060710207
developer into,2707.744629277087
this market,2686.493950098133
genomic,2647.3352894893324
access business,2600.352147020696
that web,2569.7573612091196
among other,2438.621232895199
can available,2427.5648821182012
call this,2285.134213473142
literature,2172.039167721465
management crm,2125.4917368090155
user offer,2077.621150510035
business their,1971.668508818812
access cloud,1953.9912849177022
trading api,1950.2561546107097
freedom,1929.6817481552719
low price,1862.7463298359996
email template,1773.2671322386761
account platform,1665.722196022403
rest user,1663.5251042611285
document online,1649.1001841189664
allows xml,1640.099216443924
transaction api,1608.6334959682752
changed,1597.6331458421525
xml provides,1479.3381237154163
surdoc,1432.0161104315757
you developer,1407.0859093867084
player team,1395.4024823809157
card processing,1281.344353730458
this account,1186.2941402672761
bid ask,1146.0776421084151
us for,1144.7990291610895
for site,1140.734695214879
btc,1138.9856011082097
conversion api,1129.8405791234827
with online,1087.824224765962
including international,1084.6999809905976
bare metal,1081.575875567918
content can,1080.3471029429002
create integrate,1066.047589612149
from it,1031.32514544512
with way,1015.8087005816753
platform more,971.7140390167759
showcase,966.9116506209215
message their,961.0649145004022
sent message,862.9867680911926
provides available,803.7635081130093
request must,803.2474135757508
relationship between,769.7186887074006
which they,768.9694443444725
service enabling,744.7731261443212
search allows,736.0101731894082
provides ability,734.9806774259171
bm,734.0189313130437
sendgrid,662.2909782134656
customer feedback,654.5173954729303
ocbc bank,653.2743229164188
superior,647.1798409872571
application be,611.5110648795381
whatsapp,528.5404830927298
burst,503.5150612556931
price data,497.2125928240142
grouped,491.92636258936466
you api,480.15330560161476
york state,425.32224891383044
provides automated,390.1659721191291
of our,380.0791936400039
for consumer,376.27135792100836
xml from,362.3977870905078
mastercard,356.75540539985127
their email,316.17077427531865
us developer,313.30715251619347
application build,306.8285221232528
customer via,302.90686325797816
other method,299.88842389892665
from platform,293.922932412457
paris,276.5569650267938
with aim,275.61217759425114
provides mean,265.7018847106519
wellness,262.9744985196603
function of,262.2418074136953
online ticket,257.44597806239983
by type,256.60097501647067
information of,249.62544770112328
data build,248.95514780991616
marketing application,241.79047832538848
can this,236.58934644895808
provides resource,235.47542648054204
into are,226.10478232802424
rest data,216.54136599816712
more from,215.5164944304001
data project,210.61949109228092
new data,208.17603400230655
carbon,207.70015989904124
aiming,202.9973854132321
workshop,202.0711414717622
account allows,201.5255960559775
by latitude,195.38662744298065
is flexible,194.16147416355653
such data,185.56230774765055
tf,182.7883043539775
from photo,178.37014120908628
use image,174.75251684326534
their into,166.40488626168246
image photo,163.3277197980195
domain domain,159.07629913675692
data mobile,147.91416751136492
account provides,147.67160277376792
from million,142.8767634520449
information method,134.60478880630546
with high,127.20776211749255
security exchange,127.0192464555601
payment data,126.41519679569369
award,119.88825539208085
also handle,95.02406225800566
javascript code,93.4229185548709
use case,84.68634277641284
access order,84.53813778226834
for later,79.33901577009082
image video,77.29795023557804
xml account,76.58657249843404
ha sandbox,76.35465886951783
monthly api,74.1561141914826
support management,69.54509989051714
topic map,68.64732798765712
organizer,64.8451437613613
all response,62.71196723002209
application document,61.50038813921858
definition for,61.03944628275663
movie trailer,54.25408661331113
for social,52.87282952371135
more json,51.876261876501864
parking,51.410223258355614
xml document,48.077576425547704
provides website,46.94814638459797
contact management,46.85241357905749
platform including,46.5179067467363
of currency,46.33437367357173
by application,45.789459923853755
content statistical,44.40475022907917
court,42.85264327095224
handle shipping,42.53615859383058
data rest,41.809612196854715
every minute,41.29346699080513
your friend,41.01645205039833
jurisdiction,40.368244978836536
access such,40.18884782972077
sm text,39.84012899114494
embeddable,38.10979434802723
voice sm,37.36823965212876
can list,36.544680696256506
online business,34.601814002285174
wap,34.56676434562575
exercise,33.40400990316397
from cloud,31.618964079681383
api well,30.655077944074307
application file,30.638231782859542
handle all,29.526597888272235
weather analysis,29.221724249715912
of audio,28.83787578711882
git,27.9949625192316
cloud can,24.14562513927591
file data,23.91748669576508
offer secure,23.47806910633899
content access,23.192037647751444
code sample,23.118489677350258
provides integrate,22.58929544663355
placing,21.8477708584999
provides read,20.8942552596978
bank that,20.716653646027495
more all,20.534398316075823
of variety,20.378703138667365
your are,17.21644223767959
broadcasting,16.50460903212219
used add,16.18916026112078
be returned,15.505800857606149
advertising network,14.745114960568605
provider information,14.69427660108415
vessel,14.420426521669015
connect with,14.022476594576908
apis can,13.716667497315632
option include,13.699785108042688
information cloud,13.258806785217864
excellence,12.426749452171373
api manage,12.2167638137798
mozu,12.09607695602368
user customer,10.755695336738368
comprehensive database,10.664667745058225
next generation,10.393635598604522
aim be,10.088690954735018
search their,10.066154048119408
virtual server,9.425855496200464
developer cloud,9.148829638790568
voice response,9.059221149875446
cloud data,8.800316187491637
more their,8.799217971998017
beta api,8.729453419817593
slide,8.286380084119665
video with,8.238473682280313
skyscanner,7.608316720069166
event provides,6.9716520954563235
can offer,6.862797302927042
market analysis,6.126062135993894
from you,6.04762577357312
service feature,5.807116406102474
website their,5.7703372878504435
site can,5.244246543366653
service get,5.143631266501102
registration is,5.07650191230555
comprehensive set,5.053955667402618
other use,4.799383057213498
service your,4.58980950560196
can deploy,4.303241130215857
this from,4.065039660092652
information product,3.934380245328887
with from,3.7792211166214535
functionality developer,3.648390934151662
industry architecture,3.600302951151932
integrate user,3.3283875117057535
for efficient,3.2737098654914614
are this,3.21055910651482
campground,2.9692842704534432
access account,2.906764114013603
place for,2.870987768641547
provides format,2.707004731782905
offer enterprise,2.603518587457454
that search,2.575930285168712
other trading,2.2787218231536768
integrate method,2.205037091652966
manage access,1.8110662715222656
finnish,1.8036472584426988
search term,1.7399897933463633
other can,1.727671545474294
management information,1.680384503246442
exchange information,1.6350733831658737
format response,1.5842410358481613
this make,1.5740658643399115
code is,1.527454747700327
listing information,1.4492897235505644
returning data,1.4330942687128116
marketing api,1.3443948439475897
brokerage,1.3221354307163795
json integrate,1.260864272165759
can follow,1.2099220985809875
caption,1.0199241346494845
anonymous,0.9054354938739719
across any,0.7961962484806222
customer their,0.7859914937238679
ibm api,0.7646479072892391
low cost,0.7645448501693991
other database,0.7591386990728527
call with,0.7490221180806675
visually,0.7459852787229779
leaseweb,0.690224694161484
com offer,0.6856867268195863
from create,0.667581016191553
which enables,0.6418763055621226
can web,0.6208683701241756
banner,0.5911430157487391
their order,0.5877046981965265
database other,0.5829560225614404
exchange is,0.5553257223088548
wave,0.5054586551701032
lifecycle management,0.5024009853120193
developer image,0.48629491014323833
provides sm,0.484022797902288
include integrating,0.4579435912872603
management cloud,0.45101488726824035
search xml,0.41652760053791754
look for,0.4143627599243293
also give,0.40178725185595243
account their,0.3918040384537412
that with,0.3539656857005621
service online,0.34491097068883575
of function,0.3358899626723535
format this,0.32483412237732373
day is,0.3120524964388453
individual business,0.30795328969774316
project of,0.30083701121593937
web platform,0.3006336164549381
wire,0.29909578678272497
of various,0.2948776553066216
baseball,0.289667401445139
xml information,0.2863329186537737
other search,0.2733841555060364
risk assessment,0.26773081557499656
account customer,0.2591391706343046
cause,0.2532340494599771
website well,0.24565329276232015
are search,0.23871937700933635
this of,0.2366517591354333
left,0.23081102125396305
local business,0.20721054238231434
party site,0.20381768631795283
payment solution,0.20179053051810225
access these,0.17430778724269186
such image,0.1684862322299227
json more,0.16007017354229258
mobile data,0.15908202302508576
of provides,0.15846265213367514
messaging with,0.15810128122556175
provides endpoint,0.15587665137731305
application call,0.1514497210364129
other their,0.14772490562514753
la,0.1467275369991176
postcard,0.14151339090786683
trip planning,0.1407161350088746
that cloud,0.13989723003016546
of from,0.13758089327177145
update with,0.11989695469212464
in,0.1151501727001431
can develop,0.10939526798928725
developer format,0.1068382555721033
viewdns,0.1065061427586527
illustration,0.09646219653393998
with allows,0.09571535115310778
integrate online,0.09266578334814154
information accessing,0.08775908454248203
soap service,0.08639952062755203
team of,0.08581003376921954
simulator,0.08388784000930104
documented this,0.0824290007740103
sharepoint,0.0818084785948801
of loan,0.07457682618674785
initiating,0.07438858623842248
bet,0.07413149452637045
font,0.07344876499425829
place order,0.07018500474630937
of category,0.06895371724774409
topical,0.06444367054680371
doubleclick,0.06303785490414736
provides with,0.06183659175268544
source data,0.05958895252414327
geographic coordinate,0.05760974209628187
access access,0.05649983785080461
web your,0.05162302468714579
from search,0.0508453699590223
your file,0.04739046174451372
us integrate,0.04733135711174146
related function,0.046408411357319296
coordination offer,0.045816731632134046
information functionality,0.04489077649457877
application search,0.04487786745521955
file user,0.044795729790540896
soundcloud,0.041330401977441256
you information,0.04060145979354449
number from,0.039269403202128975
example are,0.03728188875129075
integration api,0.03711565788815227
application get,0.03200289281738155
address phone,0.028465152109662585
object with,0.028334989329060624
travel industry,0.027938367481765192
for working,0.02622790188635427
application built,0.02603868039416881
api mobile,0.025330092058983
management offer,0.02387131337959268
designed allow,0.023845317506121545
access market,0.023511871326343216
from are,0.02322190875669914
with single,0.022447867322830484
method get,0.02183579504464034
flat,0.020541870284941557
developer management,0.02001553238658739
available integrate,0.0197617160302944
this application,0.018738211646061174
designed specifically,0.0176853362731499
query data,0.017602652067793993
journey,0.017324602482322815
xbox,0.016630302316085317
content their,0.015979417216568165
conservation,0.01526420514500492
per hour,0.01487959533708245
is us,0.014488854383487031
distributing,0.01384883215800522
medium company,0.013543989579215794
sharing application,0.013333879830116807
their use,0.012888724155893936
commuter,0.012506404584213275
arrayent,0.012338561114975806
atomic,0.012172812533271652
create create,0.011759597106936102
can start,0.011515911109926098
web integrate,0.011434474793658193
with personalized,0.010733482924143601
developer more,0.009850365881796701
iva,0.00964147602502093
roster,0.009607957770185638
information listing,0.009450467083668613
access video,0.009281133963743738
per request,0.00922906899131419
genuine,0.008432346552274112
marketing platform,0.007604408676440067
service customer,0.007578890264070621
image developer,0.007516884460541036
xml this,0.007289689938887558
method information,0.006925213534370392
user other,0.006841819772929001
online shopping,0.006488150219981756
standard protocol,0.006282710195652803
delivery coordination,0.005899704653044989
through it,0.0055023366878683535
integrate content,0.005163147030513075
device cloud,0.004798509812334558
sharing file,0.004720701617886944
medical record,0.004715911329034173
money movement,0.004547655973989855
based exchange,0.003965833302110064
blast,0.003793827632595062
invest,0.003482013680262948
merchant account,0.003404578975118909
allows video,0.0032995848526740363
rest developer,0.003239380942245221
provides money,0.003095469683178504
use integrate,0.0030614854309865087
customer create,0.002713956075199678
xml developer,0.0024912049533244466
are event,0.0023112653198130158
account retrieving,0.0021754303319528852
content data,0.0021656918647306195
over web,0.0021465666742832056
file web,0.0020468240997176678
square,0.0020404059343173304
trading exchange,0.0019809532718487607
provides allows,0.0019699505172173742
helpdesk,0.0019655337688956743
rest rest,0.0019473370189414887
atlasct,0.0019442875400391948
blocktrail,0.0019335232221705453
open government,0.0019166365744821678
exchange that,0.0018985607035521984
database search,0.0017908805035549368
price other,0.0015819669546139295
mountain,0.0014508524587441075
business account,0.0014423293592051283
that real,0.0013677837095727888
this are,0.0013387073761282045
response developer,0.0012985321934620938
us their,0.0012946904857570338
management provides,0.0011333472472297168
request over,0.0011177387064346977
access other,0.0010953415728980993
russia,0.0010920162799694664
using service,0.0010783165711007777
data price,0.0010666008805283527
opt out,0.0010658506450327355
pm,0.0009961271924579114
of recent,0.0009888276766068834
yourself,0.000981861056935658
integrate are,0.0009613795675438365
their search,0.0009425471317823976
of credit,0.0009038777089257219
it access,0.0008265318432319688
number api,0.0007647582095024052
stats api,0.0007486901610631243
that into,0.0007355655865491179
can application,0.00070919088581722
communication platform,0.0007042677241157498
responsive,0.000700247195859601
message service,0.0006694318846850096
mentorship,0.0006041997188647787
that integrate,0.0005329965831437093
available available,0.0004953432205046871
for content,0.00048292231428139306
application rest,0.0004666538088020312
into allows,0.00044309213743660156
json search,0.00043031227089110753
guaranteed,0.000374190123379556
data us,0.00033764024045015615
platform information,0.0002909881544542055
accredited,0.00026983643223727394
drive api,0.0002539926602322173
route planning,0.00023940754759136103
with latest,0.00023457041970071778
you search,0.00023415444114665066
openness,0.00023187908047977036
code provides,0.00022497144528626375
this that,0.0001984101489717683
mobile that,0.00019789738154567894
singapore is,0.00018346737439478377
event all,0.00017501238834203854
is can,0.00016485785679146113
from video,0.00016065316465521936
provides single,0.0001556317255717435
west,0.0001553572504315968
way that,0.00014958310543331205
your developer,0.00014778975704491537
format of,0.0001427103864008268
photo image,0.00013883378844631612
music content,0.00013073572715650579
provides variety,0.0001265051048873365
ticket event,0.00010994017673007199
integrate trade,0.00010601944924608122
of detecting,0.00010483008109499496
hubspot,0.00010218138300978439
resell,8.717556516677969e-05
player player,7.990940591110422e-05
file their,6.857796755476037e-05
integrate application,6.76355853320218e-05
from with,6.723749957416905e-05
post method,6.585205112276748e-05
military,6.153784009140305e-05
yay,6.029955887616875e-05
allows integration,5.988610627924675e-05
strong,5.735794836260422e-05
price high,5.647607303976192e-05
quantity,5.294219288782945e-05
sm mm,5.0658772288091484e-05
customer are,4.6860727618719123e-05
using user,4.1866633932044854e-05
platform web,4.019769758257965e-05
rig,3.9815175320378363e-05
format their,3.441502255608089e-05
day for,3.173266703414887e-05
reporting with,2.8770178952323582e-05
release end,2.8657983251950048e-05
storage user,2.674811850447851e-05
reference data,2.1368238486475745e-05
time content,1.9878487015975123e-05
access rest,1.921428194592893e-05
hierarchy,1.813603849603247e-05
online allows,1.7728937869189127e-05
lisbon,1.5357891560350556e-05
update user,1.498293362935282e-05
campaign api,1.429722388955969e-05
orange,1.3323493359367312e-05
for management,1.3159325898577046e-05
channel for,1.2738356689280882e-05
gov is,1.1714429074618705e-05
protocol including,1.1281938714861228e-05
application your,1.1126865154235416e-05
by date,1.0051917038187782e-05
create apps,9.72698552259359e-06
through single,9.581019857203564e-06
managing file,9.121098268113842e-06
also information,9.119435164929924e-06
with variety,8.73716590452541e-06
provides customizable,8.628464815375333e-06
also service,8.068334083307456e-06
ad build,7.145566586035759e-06
data also,6.718575871704246e-06
use restful,5.871463101398643e-06
into into,5.5478860052501405e-06
improving,5.205832495333927e-06
messaging application,5.014901408412817e-06
provides interactive,4.955462078025131e-06
you from,4.933493833180895e-06
offer allows,4.7534821898190825e-06
into rd,4.7409507636309195e-06
user online,4.593196217154959e-06
hellenic bank,4.454994269841456e-06
are is,4.443774754100644e-06
describe,4.2849778602170575e-06
stated,4.234846044859044e-06
fixture,4.179822314720311e-06
solution service,4.026578268621915e-06
fire,3.960721633865329e-06
arbitrary,3.7275852594151775e-06
fresh,3.520039405599208e-06
deluxe,3.4916709202572184e-06
meeti,3.4707691249629084e-06
bus stop,3.4409062264175892e-06
charge access,3.3333649768050114e-06
access feature,3.2113022911928906e-06
they also,3.1066152251072586e-06
your image,2.986099122851184e-06
api content,2.9083330811322957e-06
of singapore,2.729211176349608e-06
connection between,2.6385836752413034e-06
api cloud,2.5889390480176383e-06
fetch only,2.424070357650516e-06
ad hoc,2.3302676863964883e-06
method file,2.330163100123368e-06
comprehensive shipping,2.1775730759080824e-06
startup developer,2.140451399711985e-06
call call,2.045882856984175e-06
result schedule,1.9181698557621536e-06
your us,1.8899628017117349e-06
with image,1.8050101466959668e-06
organization with,1.7132498800153964e-06
these apis,1.6987144795648757e-06
json information,1.63023366657464e-06
using developer,1.5960407401676804e-06
fax,1.5697419073333647e-06
with international,1.5392963234534342e-06
holiday,1.4887213820852351e-06
executed,1.479699940436581e-06
integrate integrate,1.462863304750959e-06
reporting data,1.4129969538056121e-06
image this,1.391505023790187e-06
using access,1.3574220792898151e-06
burst sm,1.3161495379328552e-06
provides list,1.2529423823499151e-06
service sharing,1.2474891592001726e-06
provides account,1.2245537292711404e-06
service device,1.19543743387676e-06
access photo,1.1934946984815024e-06
that image,1.1868263461620104e-06
add feature,1.0874718793765798e-06
sample code,1.0001206030128015e-06
sonarqube,9.474250200049269e-07
video site,9.42949458741466e-07
more access,8.771389498450724e-07
account that,8.623253207765032e-07
information well,8.562452475671333e-07
way send,8.510536210885471e-07
centralized,8.48687848506362e-07
organization that,8.30423815054886e-07
other integrate,8.273471748033305e-07
offer shipping,8.237349255346729e-07
offer solution,8.166264671621957e-07
mobile can,8.150015887985855e-07
payment request,8.095760889305892e-07
advanced search,7.488146126088321e-07
information get,7.471043035175281e-07
bbva user,7.377802936087258e-07
data international,7.219671567377618e-07
more service,7.129336753318646e-07
us this,7.076445187395495e-07
workplace,6.95477667012024e-07
of social,6.306176749690217e-07
user available,6.194855978203346e-07
affordable,6.087408621192015e-07
is australian,5.633845032950036e-07
integrate search,5.496752405841243e-07
service file,5.239311199190618e-07
day eod,5.056452570576005e-07
using using,5.015761508276663e-07
sm communication,4.945498199239366e-07
management capability,4.941517250241312e-07
data domain,4.819658668039461e-07
historical financial,4.802521383878866e-07
live video,4.706656180448536e-07
ml,4.676125853806596e-07
other file,4.591596232923053e-07
tunefind,4.503818660305924e-07
logistics provides,4.4851873240248846e-07
platform create,4.4804205853788184e-07
travel technology,4.3179134589735267e-07
email message,4.1187524224161017e-07
rest platform,4.109440612439834e-07
realistic,4.021492445307117e-07
your access,3.728703470832071e-07
trade api,3.6426174467928737e-07
transaction request,3.6048731779439533e-07
rest account,3.553955621715238e-07
service through,3.5394469980033576e-07
api exchange,3.5208581887286104e-07
sm into,3.4375883495000405e-07
curl ruby,3.37687515394047e-07
is included,3.2947747793647e-07
service video,3.255795829319327e-07
using allows,3.2402960630233515e-07
ruby python,3.2308241990367827e-07
provides hosted,3.15554072433207e-07
daily update,3.1407823499293873e-07
function allow,3.1331378397507273e-07
your provides,3.047503758624891e-07
available programmatically,3.046841720828092e-07
event can,2.918952217111329e-07
their server,2.832435642980446e-07
manages shipping,2.7766289500886836e-07
from into,2.722203580712805e-07
your this,2.7075167315037095e-07
team collaboration,2.6381717045445683e-07
price exchange,2.625548254401084e-07
travel service,2.621717590892073e-07
ecommerce website,2.53988209939338e-07
com provides,2.527717881230352e-07
trading data,2.4900558574109523e-07
lone,2.4828173310748317e-07
automation application,2.44748804721394e-07
individual startup,2.3683967685179567e-07
this create,2.347357688669603e-07
sm is,2.334333213508067e-07
data standard,2.333775211750088e-07
of messaging,2.3332217366327396e-07
facebook twitter,2.3241728492833155e-07
provides exchange,2.3214281933579467e-07
sending message,2.285749145027596e-07
feed brings,2.283433913194032e-07
show user,2.2688449909489953e-07
customer allows,2.198722918151297e-07
content provides,2.197713630922602e-07
investigative,2.1470845826614372e-07
are more,2.1272652466036326e-07
is are,2.125805106920577e-07
feature can,2.1227835949952288e-07
from content,2.0974355190470307e-07
can call,2.0787872073465062e-07
excellent,2.0257499958064272e-07
message are,2.0001329100090453e-07
espn,1.9639908374655625e-07
allows more,1.8715326348369182e-07
stream of,1.853715446483768e-07
let customer,1.8519524396385964e-07
leaderboard,1.8457556460437625e-07
allows method,1.819826986069384e-07
close price,1.7865533888084668e-07
from open,1.7616476600198292e-07
emotional,1.738068945033355e-07
admission,1.7058383302953224e-07
into access,1.7044519855016526e-07
volume split,1.6694149956388915e-07
mobile number,1.6626545257369844e-07
service property,1.6358183575902866e-07
day of,1.626729382167479e-07
faculty,1.6233036088802437e-07
us other,1.6210501899226108e-07
accessing account,1.5833162189755004e-07
is done,1.5436876908208716e-07
cloud allows,1.5239202990480613e-07
data stats,1.518594939447563e-07
method developer,1.5177955906065078e-07
sm check,1.5120804281350318e-07
can file,1.4962186001595853e-07
ideal,1.4945219279844856e-07
method data,1.4927006899137543e-07
specializing ai,1.480508455214831e-07
that automatically,1.471629617762771e-07
database return,1.449558381836297e-07
pristine,1.445971796219247e-07
exchange making,1.4059655699580913e-07
user trade,1.403383337426423e-07
time based,1.399301757447145e-07
access provider,1.391485215896737e-07
yandex,1.385348799860155e-07
allows with,1.367635786647307e-07
dividend volume,1.3543334040456076e-07
hellenic,1.335048871168883e-07
mobile api,1.3268730609409318e-07
this more,1.3259788594358447e-07
call include,1.3184348207892372e-07
format requires,1.2918993058566846e-07
url request,1.2864594402713143e-07
residential,1.2694321470852237e-07
online developer,1.2694066404174284e-07
actionscript,1.2680300214033876e-07
magnificent,1.2607483789834958e-07
json cloud,1.2600586430248765e-07
with message,1.2487577865466923e-07
transaction for,1.241964136521765e-07
management access,1.240602486566565e-07
access exchange,1.2395325184867652e-07
transaction information,1.22605399823906e-07
force,1.222207855043877e-07
advertiser publisher,1.210652855617607e-07
json with,1.200145388001007e-07
primary feed,1.196604991678242e-07
travel information,1.1820819280216306e-07
mobile from,1.1820094768313679e-07
visearch,1.1609164226914521e-07
create allows,1.1592380754796156e-07
security monitoring,1.1471264580055001e-07
your your,1.1351423894116165e-07
online content,1.1265261303682201e-07
management user,1.1169871904706018e-07
data image,1.1111544778165636e-07
user file,1.1014179568605524e-07
create developer,1.0705920076047856e-07
your search,1.0548509827444892e-07
method from,1.0544512484724503e-07
cloud access,1.0486462659730024e-07
historically back,1.0309983836879895e-07
withdraw,1.0238291104129536e-07
with sportradar,1.0227756353762738e-07
allows image,1.01033375215002e-07
supreme,1.0043482494030972e-07
require api,1.0007453570220647e-07
rest from,9.966365072429071e-08
agency for,9.88500816335445e-08
are use,9.782240107342625e-08
flight hotel,9.729569741700317e-08
can you,9.661342330995338e-08
tripadvisor,9.600967649661368e-08
hit,9.517432685258654e-08
online from,9.474936990280737e-08
international is,9.386320358905725e-08
card information,9.329944040749907e-08
are content,9.313205238632858e-08
communication application,9.29129750588495e-08
adspeed,9.211630603070628e-08
so you,9.119115351774853e-08
application mashups,9.101736191801365e-08
nest,9.09477644652024e-08
your json,9.07770431206328e-08
functionality that,8.980054873860161e-08
feed provides,8.867112805998578e-08
search more,8.769351454335949e-08
application software,8.737120641110978e-08
sycamore,8.600390224247856e-08
request all,8.457287850256595e-08
for are,8.412238285989244e-08
this your,8.39157342287164e-08
intrinio data,8.385362367432527e-08
email it,8.372354346230353e-08
closing,8.332655663330517e-08
thread,8.296994467909283e-08
search search,8.21338317232689e-08
receiving sm,8.147143869500662e-08
note that,8.121293558481794e-08
sport web,8.007115809644583e-08
isp,7.887332341572498e-08
jira,7.105616505812164e-08
map location,6.913669979790002e-08
device other,6.900466497687419e-08
content create,6.723384980261425e-08
cab,6.687556909428691e-08
account financial,6.643201109920725e-08
create this,6.531945218858059e-08
their management,6.497138507604769e-08
impeccable,6.450284512894302e-08
event create,6.41802534999436e-08
cloud database,6.369159694152975e-08
city county,6.322834557394894e-08
minor,6.300711695640072e-08
use provides,6.186670693158491e-08
historical developer,6.127567495414292e-08
request provides,6.031238810254761e-08
length,5.839139755212729e-08
their rest,5.655647395266339e-08
device sensor,5.632973739236706e-08
spectacular,5.5978061526858625e-08
tutorial are,5.595620733586309e-08
finland,5.58206511773426e-08
bot api,5.57271005618499e-08
adapted,5.5481575362109285e-08
api file,5.544572391825753e-08
remarkable,5.409623315068392e-08
internet api,5.317885586663557e-08
webdam,5.14523043482898e-08
application video,5.068919922560866e-08
comindwork,5.0254481737032616e-08
group is,4.833959170372684e-08
th,4.722768227760659e-08
using can,4.704528216631524e-08
international validates,4.649343183847166e-08
concept map,4.396136105481166e-08
transit agency,4.366831809735728e-08
with external,4.34743009550852e-08
messagebird,4.328310046795264e-08
user pay,4.310873444714864e-08
tank,4.1754484758266694e-08
project developer,4.109863647681467e-08
functionality service,4.087517905642032e-08
idx,3.9495600059345706e-08
abn amro,3.877570973136019e-08
nhl,3.799299264570357e-08
software it,3.661297107550276e-08
xad,3.60976480428733e-08
international eod,3.5863916925260783e-08
after close,3.586003656956556e-08
making them,3.555565522948695e-08
payment page,3.531085766787834e-08
catch,3.498829219348964e-08
shipping with,3.449229985234516e-08
mogreet,3.3665037620568524e-08
view their,3.271585076693124e-08
client api,3.1276002024511766e-08
json available,3.120857460734362e-08
name domain,3.101644107094833e-08
resource api,3.078401115305608e-08
ge tt,3.069098267936259e-08
superb,3.046794245249605e-08
extraordinary,2.7734704266999633e-08
with capability,2.7160857623344213e-08
update their,2.6242237662677944e-08
order can,2.6159865226673406e-08
from integrate,2.539266291282371e-08
api xml,2.5157379331068095e-08
additional price,2.4906504763535255e-08
protocol connect,2.4171189332544906e-08
rets,2.3478392350614766e-08
dependable,2.2987964906535694e-08
is completed,2.266948073274003e-08
plex,2.2566844852632658e-08
available back,2.245972619714105e-08
addition adjusted,2.2273380165783216e-08
allows content,2.1219114023113623e-08
access into,2.0506774832107248e-08
match day,2.015720342038471e-08
access also,1.925691507495125e-08
brain,1.727354683189426e-08
oxygen,1.70521597180241e-08
exchange provides,1.6820111968408226e-08
hall,1.5828473661338275e-08
drive apis,1.556849469986681e-08
is bulk,1.5141629645243258e-08
method other,1.3671580556021305e-08
umano,1.3599604846750793e-08
banking api,1.3568821959854584e-08
provides order,1.2164414798489605e-08
get you,9.915571444383674e-09
offer end,9.38304103816733e-09
com with,9.139523303756584e-09
build house,8.668714418638328e-09
adjusted api,8.592153505301155e-09
netflix,8.222794798887913e-09
soa,6.919372823105968e-09
service name,6.5089887791621924e-09
their also,6.441871398665034e-09
ncaa,5.764623186892661e-09
management that,5.547398994447948e-09
split ratio,5.095196350803088e-09
name name,4.715228827796296e-09
trading day,3.811095968535596e-09
website automation,3.806050465178279e-09
unrestricted,3.6426016724399756e-09
teamwork,3.611423365308366e-09
match tournament,3.560288117229244e-09
data adjusted,2.6964736778979597e-09
brings end,2.424255326895788e-09
flawless,6.651725266543864e-10
up user,2.4221770319341167e-10
vimoc,0.0
analyst keep,0.0
box score,0.0
affordable track,0.0
feed wa,0.0
subtitle,0.0
guyana,0.0
google sheet,0.0
you started,0.0
your preferred,0.0
exchange using,0.0
songbird,0.0
information resource,0.0
feature variety,0.0
iq,0.0
ipl,0.0
registration pay,0.0
expiration,0.0
mondo,0.0
day chat,0.0
access format,0.0
banking corporation,0.0
support tutorial,0.0
include high,0.0
syntax investor,0.0
retrieving competitor,0.0
method sportradar,0.0
developer analyst,0.0
probability timeline,0.0
maestro,0.0
easy affordable,0.0
tournament standing,0.0
slideshows for,0.0
price adjusted,0.0
spreadsheet each,0.0
enable their,0.0
track entire,0.0
weekly seasonal,0.0
developer offer,0.0
provider such,0.0
phenomenal,0.0
trading historically,0.0
price additional,0.0
started this,0.0
api fantasydata,0.0
ecwid,0.0
available high,0.0
available get,0.0
el,0.0
dividend intrinio,0.0
game statistic,0.0
planetside,0.0
game stats,0.0
discipline it,0.0
checkout that,0.0
timeline tournament,0.0
ge,0.0
ispot tv,0.0
ispot,0.0
wolf,0.0
their spreadsheet,0.0
their us,0.0
head head,0.0
entire exchange,0.0
businessusa is,0.0
season sport,0.0
schedule daily,0.0
schedule head,0.0
exchange directly,0.0
pusher,0.0
us information,0.0
daily result,0.0
excel so,0.0
excel google,0.0
excel add,0.0
clickatell,0.0
player profile,0.0
glimt,0.0
daily schedule,0.0
of team,0.0
for student,0.0
trash,0.0
will update,0.0
data summary,0.0
payza,0.0
investor can,0.0
data software,0.0
okcoin,0.0
preferred access,0.0
lao,0.0
competitor result,0.0
earning with,0.0
all historical,0.0
data response,0.0
businessusa,0.0
through intrinio,0.0
bermuda,0.0
