{
  "50": {
    "LogisticRegression_tfidf": {
      "model_name": "LogisticRegression",
      "feature_type": "tfidf",
      "n_categories": 50,
      "accuracy": 0.8037156704361874,
      "top1_accuracy": 0.8037156704361874,
      "top3_accuracy": 0.9216478190630049,
      "top5_accuracy": 0.9466882067851373,
      "macro_precision": 0.8319146394036514,
      "macro_recall": 0.807118710918711,
      "macro_f1": 0.814130996665284,
      "micro_precision": 0.8037156704361874,
      "micro_recall": 0.8037156704361874,
      "micro_f1": 0.8037156704361873,
      "confusion_matrix_plot": "/workspace/axolotl/MAS-Web-Service-Classification/Phase-04/web_services_classification/results/ml/top_50_categories/LogisticRegression_TFIDF_top_50_categories_confusion_matrix.png",
      "classification_report_path": "/workspace/axolotl/MAS-Web-Service-Classification/Phase-04/web_services_classification/results/ml/top_50_categories/LogisticRegression_TFIDF_top_50_categories_classification_report.csv",
      "inference_time": 0.010247230529785156,
      "training_time": 9.428144454956055
    },
    "RandomForest_tfidf": {
      "model_name": "RandomForest",
      "feature_type": "tfidf",
      "n_categories": 50,
      "accuracy": 0.7617124394184168,
      "top1_accuracy": 0.7617124394184168,
      "top3_accuracy": 0.8990306946688207,
      "top5_accuracy": 0.931340872374798,
      "macro_precision": 0.7775590665793513,
      "macro_recall": 0.7712087542087541,
      "macro_f1": 0.7667327763797067,
      "micro_precision": 0.7617124394184168,
      "micro_recall": 0.7617124394184168,
      "micro_f1": 0.7617124394184168,
      "confusion_matrix_plot": "/workspace/axolotl/MAS-Web-Service-Classification/Phase-04/web_services_classification/results/ml/top_50_categories/RandomForest_TFIDF_top_50_categories_confusion_matrix.png",
      "classification_report_path": "/workspace/axolotl/MAS-Web-Service-Classification/Phase-04/web_services_classification/results/ml/top_50_categories/RandomForest_TFIDF_top_50_categories_classification_report.csv",
      "inference_time": 0.10465455055236816,
      "training_time": 2.6677868366241455
    },
    "XGBoost_tfidf": {
      "model_name": "XGBoost",
      "feature_type": "tfidf",
      "n_categories": 50,
      "accuracy": 0.747172859450727,
      "top1_accuracy": 0.747172859450727,
      "top3_accuracy": 0.8739903069466882,
      "top5_accuracy": 0.9135702746365105,
      "macro_precision": 0.7700385949431237,
      "macro_recall": 0.7544099086099086,
      "macro_f1": 0.7581889137872915,
      "micro_precision": 0.747172859450727,
      "micro_recall": 0.747172859450727,
      "micro_f1": 0.747172859450727,
      "confusion_matrix_plot": "/workspace/axolotl/MAS-Web-Service-Classification/Phase-04/web_services_classification/results/ml/top_50_categories/XGBoost_TFIDF_top_50_categories_confusion_matrix.png",
      "classification_report_path": "/workspace/axolotl/MAS-Web-Service-Classification/Phase-04/web_services_classification/results/ml/top_50_categories/XGBoost_TFIDF_top_50_categories_classification_report.csv",
      "inference_time": 0.2002096176147461,
      "training_time": 78.0792076587677
    },
    "LogisticRegression_sbert": {
      "model_name": "LogisticRegression",
      "feature_type": "sbert",
      "n_categories": 50,
      "accuracy": 0.7794830371567044,
      "top1_accuracy": 0.7794830371567044,
      "top3_accuracy": 0.9208400646203554,
      "top5_accuracy": 0.9571890145395799,
      "macro_precision": 0.7869971260609439,
      "macro_recall": 0.7837693121693121,
      "macro_f1": 0.7809276608477188,
      "micro_precision": 0.7794830371567044,
      "micro_recall": 0.7794830371567044,
      "micro_f1": 0.7794830371567044,
      "confusion_matrix_plot": "/workspace/axolotl/MAS-Web-Service-Classification/Phase-04/web_services_classification/results/ml/top_50_categories/LogisticRegression_SBERT_top_50_categories_confusion_matrix.png",
      "classification_report_path": "/workspace/axolotl/MAS-Web-Service-Classification/Phase-04/web_services_classification/results/ml/top_50_categories/LogisticRegression_SBERT_top_50_categories_classification_report.csv",
      "inference_time": 0.005267143249511719,
      "training_time": 3.4838433265686035
    },
    "RandomForest_sbert": {
      "model_name": "RandomForest",
      "feature_type": "sbert",
      "n_categories": 50,
      "accuracy": 0.7237479806138933,
      "top1_accuracy": 0.7237479806138933,
      "top3_accuracy": 0.8562197092084006,
      "top5_accuracy": 0.9006462035541195,
      "macro_precision": 0.7306878252256175,
      "macro_recall": 0.7345375661375659,
      "macro_f1": 0.7245683044440419,
      "micro_precision": 0.7237479806138933,
      "micro_recall": 0.7237479806138933,
      "micro_f1": 0.7237479806138933,
      "confusion_matrix_plot": "/workspace/axolotl/MAS-Web-Service-Classification/Phase-04/web_services_classification/results/ml/top_50_categories/RandomForest_SBERT_top_50_categories_confusion_matrix.png",
      "classification_report_path": "/workspace/axolotl/MAS-Web-Service-Classification/Phase-04/web_services_classification/results/ml/top_50_categories/RandomForest_SBERT_top_50_categories_classification_report.csv",
      "inference_time": 0.09225797653198242,
      "training_time": 5.623678207397461
    },
    "XGBoost_sbert": {
      "model_name": "XGBoost",
      "feature_type": "sbert",
      "n_categories": 50,
      "accuracy": 0.7237479806138933,
      "top1_accuracy": 0.7237479806138933,
      "top3_accuracy": 0.8909531502423264,
      "top5_accuracy": 0.9378029079159935,
      "macro_precision": 0.7375919251349697,
      "macro_recall": 0.7286579124579124,
      "macro_f1": 0.7295060405766159,
      "micro_precision": 0.7237479806138933,
      "micro_recall": 0.7237479806138933,
      "micro_f1": 0.7237479806138933,
      "confusion_matrix_plot": "/workspace/axolotl/MAS-Web-Service-Classification/Phase-04/web_services_classification/results/ml/top_50_categories/XGBoost_SBERT_top_50_categories_confusion_matrix.png",
      "classification_report_path": "/workspace/axolotl/MAS-Web-Service-Classification/Phase-04/web_services_classification/results/ml/top_50_categories/XGBoost_SBERT_top_50_categories_classification_report.csv",
      "inference_time": 0.0494229793548584,
      "training_time": 252.76490998268127
    }
  }
}