{
  "loss": [
    2.61023211479187,
    0.7810671329498291,
    0.30006518959999084,
    0.13361623883247375,
    0.06079070270061493,
    0.03896225988864899,
    0.02709345705807209,
    0.022949138656258583,
    0.01895821839570999,
    0.018442269414663315
  ],
  "accuracy": [
    0.3556857109069824,
    0.7956978678703308,
    0.9208240509033203,
    0.964754581451416,
    0.9853565096855164,
    0.9919208288192749,
    0.993536651134491,
    0.9945465326309204,
    0.9968693256378174,
    0.996061384677887
  ],
  "val_loss": [
    1.1660985946655273,
    0.9883353114128113,
    1.061722755432129,
    1.1923859119415283,
    1.205641746520996,
    1.2749367952346802,
    1.2845860719680786,
    1.3164098262786865,
    1.2925785779953003,
    1.3043266534805298
  ],
  "val_accuracy": [
    0.7205169796943665,
    0.7560581564903259,
    0.7576736807823181,
    0.7528271675109863,
    0.7689822316169739,
    0.7649434804916382,
    0.7705977559089661,
    0.7722132205963135,
    0.7705977559089661,
    0.7730209827423096
  ]
}