{
  "loss": [
    3.1483728885650635,
    1.9220799207687378,
    1.5594452619552612,
    1.370662808418274,
    1.2587088346481323,
    1.1731371879577637,
    1.0960441827774048,
    1.0310035943984985,
    0.9632473587989807,
    0.917060911655426
  ],
  "accuracy": [
    0.19480912387371063,
    0.4723288118839264,
    0.5620076656341553,
    0.6203797459602356,
    0.6527974009513855,
    0.6712785363197327,
    0.6935972571372986,
    0.7082407474517822,
    0.72480309009552,
    0.739749550819397
  ],
  "val_loss": [
    1.9041335582733154,
    1.3992934226989746,
    1.234114408493042,
    1.1565712690353394,
    1.1084203720092773,
    1.086299180984497,
    1.0414214134216309,
    1.0208650827407837,
    1.0130531787872314,
    0.9968042969703674
  ],
  "val_accuracy": [
    0.5516963005065918,
    0.6268174648284912,
    0.6736671924591064,
    0.6906300187110901,
    0.6954765915870667,
    0.7027463912963867,
    0.716478168964386,
    0.723747968673706,
    0.7116316556930542,
    0.7310177683830261
  ]
}